-- MySQL dump 10.13  Distrib 5.7.17, for macos10.12 (x86_64)
--
-- Host: 127.0.0.1    Database: vicentinios
-- ------------------------------------------------------
-- Server version	5.6.35

/*!40101 SET @OLD_CHARACTER_SET_CLIENT=@@CHARACTER_SET_CLIENT */;
/*!40101 SET @OLD_CHARACTER_SET_RESULTS=@@CHARACTER_SET_RESULTS */;
/*!40101 SET @OLD_COLLATION_CONNECTION=@@COLLATION_CONNECTION */;
/*!40101 SET NAMES utf8 */;
/*!40103 SET @OLD_TIME_ZONE=@@TIME_ZONE */;
/*!40103 SET TIME_ZONE='+00:00' */;
/*!40014 SET @OLD_UNIQUE_CHECKS=@@UNIQUE_CHECKS, UNIQUE_CHECKS=0 */;
/*!40014 SET @OLD_FOREIGN_KEY_CHECKS=@@FOREIGN_KEY_CHECKS, FOREIGN_KEY_CHECKS=0 */;
/*!40101 SET @OLD_SQL_MODE=@@SQL_MODE, SQL_MODE='NO_AUTO_VALUE_ON_ZERO' */;
/*!40111 SET @OLD_SQL_NOTES=@@SQL_NOTES, SQL_NOTES=0 */;

--
-- Table structure for table `auth_assignment`
--

DROP TABLE IF EXISTS `auth_assignment`;
/*!40101 SET @saved_cs_client     = @@character_set_client */;
/*!40101 SET character_set_client = utf8 */;
CREATE TABLE `auth_assignment` (
  `item_name` varchar(64) NOT NULL,
  `user_id` int(11) NOT NULL,
  `created_at` int(11) DEFAULT NULL,
  PRIMARY KEY (`item_name`,`user_id`),
  KEY `user_id` (`user_id`),
  CONSTRAINT `auth_assignment_ibfk_1` FOREIGN KEY (`item_name`) REFERENCES `auth_item` (`name`) ON DELETE CASCADE ON UPDATE CASCADE,
  CONSTRAINT `auth_assignment_ibfk_2` FOREIGN KEY (`user_id`) REFERENCES `user` (`id`) ON DELETE CASCADE ON UPDATE CASCADE
) ENGINE=InnoDB DEFAULT CHARSET=utf8;
/*!40101 SET character_set_client = @saved_cs_client */;

--
-- Dumping data for table `auth_assignment`
--

LOCK TABLES `auth_assignment` WRITE;
/*!40000 ALTER TABLE `auth_assignment` DISABLE KEYS */;
/*!40000 ALTER TABLE `auth_assignment` ENABLE KEYS */;
UNLOCK TABLES;

--
-- Table structure for table `auth_item`
--

DROP TABLE IF EXISTS `auth_item`;
/*!40101 SET @saved_cs_client     = @@character_set_client */;
/*!40101 SET character_set_client = utf8 */;
CREATE TABLE `auth_item` (
  `name` varchar(64) NOT NULL,
  `type` int(11) NOT NULL,
  `description` text,
  `rule_name` varchar(64) DEFAULT NULL,
  `data` text,
  `created_at` int(11) DEFAULT NULL,
  `updated_at` int(11) DEFAULT NULL,
  `group_code` varchar(64) DEFAULT NULL,
  PRIMARY KEY (`name`),
  KEY `rule_name` (`rule_name`),
  KEY `idx-auth_item-type` (`type`),
  KEY `fk_auth_item_group_code` (`group_code`),
  CONSTRAINT `auth_item_ibfk_1` FOREIGN KEY (`rule_name`) REFERENCES `auth_rule` (`name`) ON DELETE SET NULL ON UPDATE CASCADE,
  CONSTRAINT `fk_auth_item_group_code` FOREIGN KEY (`group_code`) REFERENCES `auth_item_group` (`code`) ON DELETE SET NULL ON UPDATE CASCADE
) ENGINE=InnoDB DEFAULT CHARSET=utf8;
/*!40101 SET character_set_client = @saved_cs_client */;

--
-- Dumping data for table `auth_item`
--

LOCK TABLES `auth_item` WRITE;
/*!40000 ALTER TABLE `auth_item` DISABLE KEYS */;
INSERT INTO `auth_item` VALUES ('/*',3,NULL,NULL,NULL,1513364570,1513364570,NULL),('//*',3,NULL,NULL,NULL,1513364570,1513364570,NULL),('//controller',3,NULL,NULL,NULL,1513364570,1513364570,NULL),('//crud',3,NULL,NULL,NULL,1513364570,1513364570,NULL),('//extension',3,NULL,NULL,NULL,1513364570,1513364570,NULL),('//form',3,NULL,NULL,NULL,1513364570,1513364570,NULL),('//index',3,NULL,NULL,NULL,1513364570,1513364570,NULL),('//model',3,NULL,NULL,NULL,1513364570,1513364570,NULL),('//module',3,NULL,NULL,NULL,1513364570,1513364570,NULL),('/asset/*',3,NULL,NULL,NULL,1513364570,1513364570,NULL),('/asset/compress',3,NULL,NULL,NULL,1513364570,1513364570,NULL),('/asset/template',3,NULL,NULL,NULL,1513364570,1513364570,NULL),('/cache/*',3,NULL,NULL,NULL,1513364570,1513364570,NULL),('/cache/flush',3,NULL,NULL,NULL,1513364570,1513364570,NULL),('/cache/flush-all',3,NULL,NULL,NULL,1513364570,1513364570,NULL),('/cache/flush-schema',3,NULL,NULL,NULL,1513364570,1513364570,NULL),('/cache/index',3,NULL,NULL,NULL,1513364570,1513364570,NULL),('/fixture/*',3,NULL,NULL,NULL,1513364570,1513364570,NULL),('/fixture/load',3,NULL,NULL,NULL,1513364570,1513364570,NULL),('/fixture/unload',3,NULL,NULL,NULL,1513364570,1513364570,NULL),('/gii/*',3,NULL,NULL,NULL,1513364570,1513364570,NULL),('/gii/default/*',3,NULL,NULL,NULL,1513364570,1513364570,NULL),('/gii/default/action',3,NULL,NULL,NULL,1513364570,1513364570,NULL),('/gii/default/diff',3,NULL,NULL,NULL,1513364570,1513364570,NULL),('/gii/default/index',3,NULL,NULL,NULL,1513364570,1513364570,NULL),('/gii/default/preview',3,NULL,NULL,NULL,1513364570,1513364570,NULL),('/gii/default/view',3,NULL,NULL,NULL,1513364570,1513364570,NULL),('/hello/*',3,NULL,NULL,NULL,1513364570,1513364570,NULL),('/hello/index',3,NULL,NULL,NULL,1513364570,1513364570,NULL),('/help/*',3,NULL,NULL,NULL,1513364570,1513364570,NULL),('/help/index',3,NULL,NULL,NULL,1513364570,1513364570,NULL),('/help/list',3,NULL,NULL,NULL,1513364570,1513364570,NULL),('/help/list-action-options',3,NULL,NULL,NULL,1513364570,1513364570,NULL),('/help/usage',3,NULL,NULL,NULL,1513364570,1513364570,NULL),('/message/*',3,NULL,NULL,NULL,1513364570,1513364570,NULL),('/message/config',3,NULL,NULL,NULL,1513364570,1513364570,NULL),('/message/config-template',3,NULL,NULL,NULL,1513364570,1513364570,NULL),('/message/extract',3,NULL,NULL,NULL,1513364570,1513364570,NULL),('/migrate/*',3,NULL,NULL,NULL,1513364570,1513364570,NULL),('/migrate/create',3,NULL,NULL,NULL,1513364570,1513364570,NULL),('/migrate/down',3,NULL,NULL,NULL,1513364570,1513364570,NULL),('/migrate/fresh',3,NULL,NULL,NULL,1513364570,1513364570,NULL),('/migrate/history',3,NULL,NULL,NULL,1513364570,1513364570,NULL),('/migrate/mark',3,NULL,NULL,NULL,1513364570,1513364570,NULL),('/migrate/new',3,NULL,NULL,NULL,1513364570,1513364570,NULL),('/migrate/redo',3,NULL,NULL,NULL,1513364570,1513364570,NULL),('/migrate/to',3,NULL,NULL,NULL,1513364570,1513364570,NULL),('/migrate/up',3,NULL,NULL,NULL,1513364570,1513364570,NULL),('/serve/*',3,NULL,NULL,NULL,1513364570,1513364570,NULL),('/serve/index',3,NULL,NULL,NULL,1513364570,1513364570,NULL),('/user-management/*',3,NULL,NULL,NULL,1513364570,1513364570,NULL),('/user-management/auth/change-own-password',3,NULL,NULL,NULL,1513364570,1513364570,NULL),('/user-management/user-permission/set',3,NULL,NULL,NULL,1513364570,1513364570,NULL),('/user-management/user-permission/set-roles',3,NULL,NULL,NULL,1513364570,1513364570,NULL),('/user-management/user/bulk-activate',3,NULL,NULL,NULL,1513364570,1513364570,NULL),('/user-management/user/bulk-deactivate',3,NULL,NULL,NULL,1513364570,1513364570,NULL),('/user-management/user/bulk-delete',3,NULL,NULL,NULL,1513364570,1513364570,NULL),('/user-management/user/change-password',3,NULL,NULL,NULL,1513364570,1513364570,NULL),('/user-management/user/create',3,NULL,NULL,NULL,1513364570,1513364570,NULL),('/user-management/user/delete',3,NULL,NULL,NULL,1513364570,1513364570,NULL),('/user-management/user/grid-page-size',3,NULL,NULL,NULL,1513364570,1513364570,NULL),('/user-management/user/index',3,NULL,NULL,NULL,1513364570,1513364570,NULL),('/user-management/user/update',3,NULL,NULL,NULL,1513364570,1513364570,NULL),('/user-management/user/view',3,NULL,NULL,NULL,1513364570,1513364570,NULL),('Admin',1,'Admin',NULL,NULL,1513364570,1513364570,NULL),('assignRolesToUsers',2,'Assign roles to users',NULL,NULL,1513364570,1513364570,'userManagement'),('bindUserToIp',2,'Bind user to IP',NULL,NULL,1513364570,1513364570,'userManagement'),('changeOwnPassword',2,'Change own password',NULL,NULL,1513364570,1513364570,'userCommonPermissions'),('changeUserPassword',2,'Change user password',NULL,NULL,1513364570,1513364570,'userManagement'),('commonPermission',2,'Common permission',NULL,NULL,1513364570,1513364570,NULL),('createUsers',2,'Create users',NULL,NULL,1513364570,1513364570,'userManagement'),('deleteUsers',2,'Delete users',NULL,NULL,1513364570,1513364570,'userManagement'),('editUserEmail',2,'Edit user email',NULL,NULL,1513364570,1513364570,'userManagement'),('editUsers',2,'Edit users',NULL,NULL,1513364570,1513364570,'userManagement'),('viewRegistrationIp',2,'View registration IP',NULL,NULL,1513364570,1513364570,'userManagement'),('viewUserEmail',2,'View user email',NULL,NULL,1513364570,1513364570,'userManagement'),('viewUserRoles',2,'View user roles',NULL,NULL,1513364570,1513364570,'userManagement'),('viewUsers',2,'View users',NULL,NULL,1513364570,1513364570,'userManagement'),('viewVisitLog',2,'View visit log',NULL,NULL,1513364570,1513364570,'userManagement');
/*!40000 ALTER TABLE `auth_item` ENABLE KEYS */;
UNLOCK TABLES;

--
-- Table structure for table `auth_item_child`
--

DROP TABLE IF EXISTS `auth_item_child`;
/*!40101 SET @saved_cs_client     = @@character_set_client */;
/*!40101 SET character_set_client = utf8 */;
CREATE TABLE `auth_item_child` (
  `parent` varchar(64) NOT NULL,
  `child` varchar(64) NOT NULL,
  PRIMARY KEY (`parent`,`child`),
  KEY `child` (`child`),
  CONSTRAINT `auth_item_child_ibfk_1` FOREIGN KEY (`parent`) REFERENCES `auth_item` (`name`) ON DELETE CASCADE ON UPDATE CASCADE,
  CONSTRAINT `auth_item_child_ibfk_2` FOREIGN KEY (`child`) REFERENCES `auth_item` (`name`) ON DELETE CASCADE ON UPDATE CASCADE
) ENGINE=InnoDB DEFAULT CHARSET=utf8;
/*!40101 SET character_set_client = @saved_cs_client */;

--
-- Dumping data for table `auth_item_child`
--

LOCK TABLES `auth_item_child` WRITE;
/*!40000 ALTER TABLE `auth_item_child` DISABLE KEYS */;
INSERT INTO `auth_item_child` VALUES ('changeOwnPassword','/user-management/auth/change-own-password'),('assignRolesToUsers','/user-management/user-permission/set'),('assignRolesToUsers','/user-management/user-permission/set-roles'),('editUsers','/user-management/user/bulk-activate'),('editUsers','/user-management/user/bulk-deactivate'),('deleteUsers','/user-management/user/bulk-delete'),('changeUserPassword','/user-management/user/change-password'),('createUsers','/user-management/user/create'),('deleteUsers','/user-management/user/delete'),('viewUsers','/user-management/user/grid-page-size'),('viewUsers','/user-management/user/index'),('editUsers','/user-management/user/update'),('viewUsers','/user-management/user/view'),('Admin','assignRolesToUsers'),('Admin','changeOwnPassword'),('Admin','changeUserPassword'),('Admin','createUsers'),('Admin','deleteUsers'),('Admin','editUsers'),('editUserEmail','viewUserEmail'),('assignRolesToUsers','viewUserRoles'),('Admin','viewUsers'),('assignRolesToUsers','viewUsers'),('changeUserPassword','viewUsers'),('createUsers','viewUsers'),('deleteUsers','viewUsers'),('editUsers','viewUsers');
/*!40000 ALTER TABLE `auth_item_child` ENABLE KEYS */;
UNLOCK TABLES;

--
-- Table structure for table `auth_item_group`
--

DROP TABLE IF EXISTS `auth_item_group`;
/*!40101 SET @saved_cs_client     = @@character_set_client */;
/*!40101 SET character_set_client = utf8 */;
CREATE TABLE `auth_item_group` (
  `code` varchar(64) NOT NULL,
  `name` varchar(255) NOT NULL,
  `created_at` int(11) DEFAULT NULL,
  `updated_at` int(11) DEFAULT NULL,
  PRIMARY KEY (`code`)
) ENGINE=InnoDB DEFAULT CHARSET=utf8;
/*!40101 SET character_set_client = @saved_cs_client */;

--
-- Dumping data for table `auth_item_group`
--

LOCK TABLES `auth_item_group` WRITE;
/*!40000 ALTER TABLE `auth_item_group` DISABLE KEYS */;
INSERT INTO `auth_item_group` VALUES ('userCommonPermissions','User common permission',1513364570,1513364570),('userManagement','User management',1513364570,1513364570);
/*!40000 ALTER TABLE `auth_item_group` ENABLE KEYS */;
UNLOCK TABLES;

--
-- Table structure for table `auth_rule`
--

DROP TABLE IF EXISTS `auth_rule`;
/*!40101 SET @saved_cs_client     = @@character_set_client */;
/*!40101 SET character_set_client = utf8 */;
CREATE TABLE `auth_rule` (
  `name` varchar(64) NOT NULL,
  `data` text,
  `created_at` int(11) DEFAULT NULL,
  `updated_at` int(11) DEFAULT NULL,
  PRIMARY KEY (`name`)
) ENGINE=InnoDB DEFAULT CHARSET=utf8;
/*!40101 SET character_set_client = @saved_cs_client */;

--
-- Dumping data for table `auth_rule`
--

LOCK TABLES `auth_rule` WRITE;
/*!40000 ALTER TABLE `auth_rule` DISABLE KEYS */;
/*!40000 ALTER TABLE `auth_rule` ENABLE KEYS */;
UNLOCK TABLES;

--
-- Table structure for table `country`
--

DROP TABLE IF EXISTS `country`;
/*!40101 SET @saved_cs_client     = @@character_set_client */;
/*!40101 SET character_set_client = utf8 */;
CREATE TABLE `country` (
  `id` int(11) NOT NULL AUTO_INCREMENT COMMENT 'Id',
  `code` varchar(2) NOT NULL COMMENT 'Codice',
  `name` varchar(45) NOT NULL COMMENT 'Nome',
  `prefix` varchar(10) NOT NULL COMMENT 'Prefisso Telefonico',
  `vat` int(10) unsigned DEFAULT NULL,
  PRIMARY KEY (`id`),
  UNIQUE KEY `name_UNIQUE` (`name`),
  UNIQUE KEY `code_UNIQUE` (`code`),
  UNIQUE KEY `prefix_UNIQUE` (`prefix`)
) ENGINE=InnoDB AUTO_INCREMENT=4 DEFAULT CHARSET=utf8;
/*!40101 SET character_set_client = @saved_cs_client */;

--
-- Dumping data for table `country`
--

LOCK TABLES `country` WRITE;
/*!40000 ALTER TABLE `country` DISABLE KEYS */;
INSERT INTO `country` VALUES (1,'IT','Italia','+39',NULL),(2,'AT','Austria','+43',NULL),(3,'DE','Germania','+49',NULL);
/*!40000 ALTER TABLE `country` ENABLE KEYS */;
UNLOCK TABLES;

--
-- Table structure for table `migration`
--

DROP TABLE IF EXISTS `migration`;
/*!40101 SET @saved_cs_client     = @@character_set_client */;
/*!40101 SET character_set_client = utf8 */;
CREATE TABLE `migration` (
  `version` varchar(180) NOT NULL,
  `apply_time` int(11) DEFAULT NULL,
  PRIMARY KEY (`version`)
) ENGINE=InnoDB DEFAULT CHARSET=latin1;
/*!40101 SET character_set_client = @saved_cs_client */;

--
-- Dumping data for table `migration`
--

LOCK TABLES `migration` WRITE;
/*!40000 ALTER TABLE `migration` DISABLE KEYS */;
INSERT INTO `migration` VALUES ('m000000_000000_base',1513364567),('m140608_173539_create_user_table',1513364569),('m140611_133903_init_rbac',1513364569),('m140808_073114_create_auth_item_group_table',1513364569),('m140809_072112_insert_superadmin_to_user',1513364570),('m140809_073114_insert_common_permisison_to_auth_item',1513364570),('m141023_141535_create_user_visit_log',1513364570),('m141116_115804_add_bind_to_ip_and_registration_ip_to_user',1513364570),('m141121_194858_split_browser_and_os_column',1513364570),('m141201_220516_add_email_and_email_confirmed_to_user',1513364570),('m141207_001649_create_basic_user_permissions',1513364570);
/*!40000 ALTER TABLE `migration` ENABLE KEYS */;
UNLOCK TABLES;

--
-- Table structure for table `profile`
--

DROP TABLE IF EXISTS `profile`;
/*!40101 SET @saved_cs_client     = @@character_set_client */;
/*!40101 SET character_set_client = utf8 */;
CREATE TABLE `profile` (
  `id` int(11) NOT NULL AUTO_INCREMENT,
  `user_id` int(11) NOT NULL,
  `firstname` varchar(45) DEFAULT NULL,
  `lastname` varchar(45) DEFAULT NULL,
  `image` longtext,
  `role` varchar(45) DEFAULT NULL,
  PRIMARY KEY (`id`),
  KEY `profile_user_idx` (`user_id`),
  CONSTRAINT `profile_user` FOREIGN KEY (`user_id`) REFERENCES `user` (`id`) ON DELETE CASCADE ON UPDATE CASCADE
) ENGINE=InnoDB AUTO_INCREMENT=2 DEFAULT CHARSET=latin1;
/*!40101 SET character_set_client = @saved_cs_client */;

--
-- Dumping data for table `profile`
--

LOCK TABLES `profile` WRITE;
/*!40000 ALTER TABLE `profile` DISABLE KEYS */;
INSERT INTO `profile` VALUES (1,1,'Alessandro','Vicentini','data:image/png;base64,iVBORw0KGgoAAAANSUhEUgAAAMgAAADICAYAAACtWK6eAAAgAElEQVR4Xsy9+Zes2VUdeGOOyMz3apBKAnqtLkn4FzDdNljdbmjAMoMoYQmpbDGbhraBdrf97zZrefVky4AkqHpDTjFH9NrTvTci41UVNovlLKXee5kRX3zfvfdM++xzzuBXf/Grx1JKGfAb/3/p61jw32Aw4Ddfnz/xj6P/PRyU41GvGw6HZTAc8sL4APx9PB6X0WhURqNxmUwm/PvhcODr8ffxeMT38ZJH3tbJ15PP7u4nLxzgI/0YeP2l6/CGij5nv9/z+7g/lONBn7nXC+p7c43+z/p3vk4fiJ/hPz3x8clnX7oX/OzA9+VL95UvXrNbi4vPUwrXMfvSXqNdzc/79chrsqb5nFyH78E3b+zp8/AnA61frjUsgzL0muM6+N5ud2W32/MZ98fD6bNkjf2Mo9GwDIc4C8MyGg3KaDgso+GI9384HLU/g2EZjsZlNB6XyXRarq6uyvXNVZlOx3zdbn8og+GoTGeLcnV1XRaLRZlOpzxjuFfu/HCYJ9I5rWd6WF6/fl3+8i//srx48aJcX1+XwYe//rUjD/XT81gX9nDE4uPmmhCdCIheWQYRkCEeFALSDk7Bw470sMMhhATfw5K91+JAQN4kpE0o+w3P3+vPhu1Bco/nB05Sq8+JgBwoIId6vHPg8+dF4eDND6A6IB0UjiYg3P3u4F8WeglVhCvH0mey/fGpQtIf7Pa8TwUEa4LXRpH1glh/nv3EneF/fE69J+vAA3+AcpEg8HoWKvwd66qf63Dr9Xmt1znKAdfdH7j3+R7x7xCQHGAoZ52R0WhSBjgvoyEP/3Q25fv2+13ZbLdlOJqU52+9Xd566+3y/PnzsriSkEB4cR/QoFFmVPo8u8MyHAzLq9evy/e//30KyHw2K4Pf+fDXjlxcSKhPa3+wqOHKIYqoaSNbjf61VRq5UqeW5hi1jpuxhZFQSGPGOuV3/aE+F4j8rrco9f283BukvV70qYDsdruqhU8Fyoe3OxyXLMrp/Z5+PpbVOvjkZTlY58/KJzhQvmzsLlvC/sBetiz2C2xps7a91s8aRuPjOrAEeOepUsDh1qHHdxRLtcCdlYtwaN9wwKEIdb4oPOVYhYo/g2XAERsUKk3dp5SFLMqIh5d7PIQXMqZwDEYSIqwS7g17uDvsy2x+Vb74xS9SOObzeZnNZrQ0+Du9A+k1WQ4KcKEA4XNevnxZfvCDH1BAKPS/+88/kIBIjV3aq3IcHKs1qIc1btWld9gKVOFpPo8sTScg54e8N3n9pXv3rheQXrB0b7J0/YF5Ykk6FwuLWq2I3ZRmNZ4Kx1NrdMky/NcgILHEWu9+/S65bfkZ1787C1SQFAq4Svrebrd1zfDvc0HtBZ+H2W5S1g72o1pNC8hhBwtiIeDhlaLDn/j5cADvYiT3iu74mGcS7hT2/HCEgGx5vn70x/6b8tbbb5XhaFQ2mw3vF++By4Tvq5tr/o7KAAJ2HFKIcA4++uij8sMf/rDc3d3xZ4Pf/+6v08Wq1uOSjOAaiSV0Cu3Bn+lNxx/Vr/Vr+axn8UtbDG1k/+/+QH/S35twtbgjYdS5gPT+t3STPne3kzY8tyC9xove6N2S/vpPtfdlAWkul7SYHI1OwGo0aOsRF82u67kuOj/o55bvPP44jzeaItD+j6i4RvzwE0tBwdjUw5a1ottUXSm5WCfPU2ARJrwmD7zPQM6SXj2g9YCA8F/xANqi04oMICCOX8e0ICO9Fu4SBITWbcd/f/6992g9ENNCONbrTdnvJQzTyaTMFnMJyvU1hWA6mZb5Ys5npoD84Ifl9vZ1mUymZfAHv/XNEwFxqFHXOsrWLnv9+Wko2bbmXNPjsc812LlASH6alovbdX4gzoWlfRashg7buSD0175kVXbbTxaQdojaQe4/45Jrc9ndeRr0XxaQBlLIT4b2eOpinbt5WavT5z+NQd4kYIlfxvTx5Q5FaUAD43u3XZ9YDloWC9KJgu0+RJ7CWO4RvIoISBdnUg4Y7bf9414ypoHgJvaUO5X4FQICwVF0jJVMzHMo4+mEwTmsjPaPzlo9H7QmNzfl7bffKs/feqvc3Nzw9fj6+OOP6WK9evWKVmfwB7/9LW1DZ1bPw+QjNijIUL8A/vv56+vBhXSfLdilQ34uIHn/+UHrhe9cEAddcG49Vj+5fWa70/zskoDkkJ27DiceqAOEunbdcyZUv3QgI3D805vH19eAo93jpwnImwSxU1cVxbqEDp5ayWPJEuLncaU263VZr9e0IIld8j4E3XwOgxvcx5wJC0MEhD8OaOPX4LkJHB4HZegDJk9CHkF/eoIU4qcEeMZw3Ya0HrLF/u94KJvthnGPzpVAofF4yoA/5xHxyFtvv13ee+/z5d13P0eLgx2Ji3V7eyf06w9+9zcainUpBtGdXhQQPfNTcLge8C5cflMMEeHohYTXtSY7P2SXrJHM9zl6pbA4Xzr0p8ABfrff6TAkDjmPV94oJAe5FJcOaXzsSwJy+nrck65BdOXs65KAnLt2l5SIhLAd1z6u6y3Pk78bkYr12G23ZbvZyoLst+XYwbS0MonZfO+5niyHg+0B3KsGq0ZB8JltIbAvI0ADFqrAvZCndo9xO4tdLaGg3K+BBcRxSx8rtTSC0go8B3T9Rgzc33vvPX5/4QtfoMWBBUEM8vj4KJj3f/m9b2tnLmw4LnZosZ4ksttEPtCFn1XR9RFtsUJzFbQYumIFuBzA/5cKSBOK80N3frcSkD4GeZOA9BsV1R8BOT+k8Rr6864zJJehCW5Dd94kIFJObd0+i4C015yiWDmc+bOHhmEFDrs93Sh8M85AjminPNHhKJRPlg6HW7mXnIFekcgV8oGna6NTQ5eyg3YjILQgEZChlCO0PQ0OFzlgSc4LECykDeyOckMOTG1FyHDf252fA2bKrlrAAd77cEj36nOf+1x5//33y1vPn5e7+/vy8UcfleVqVZ49e1YGf/j73zme+K1dToQ/Z3BuX7hGYdr63H9+XM04f/nUndGbpNkvWoLS8iKXXII3u1gtBmmHUgjI6debBaSHJk8PdoMna3xmuetdlJP32K1+KiBvhmt5+M5vN27YiSZtr+oPpZZcD3wuIJd+Rw3uA8/rIFdhhEou1Y4/o+AwDyZ4F5go8hpJpkYQ6GbZkpwAMLTazjv49zX2iqo4UjzqoWIuBMnjyJbkqjtxnbvG3AYSgIpGGOo4O531wf0KMoZLBltwLMvlkt9YM8QfEJAf+ZEf4b/v7+/LarWSBfmjf/nh6b6cCwgDxPh4bQfzQP2Rq9r3QuzRNknX6gWkvu8ol6MXhF5jXnyPjsSJi6W7fOpiNZFui40E4SUUK096IgRCkKsB+K9JQHrLp/vKM7Y96xVhBKQKiS0IBIMuleFbeBYSXgiAE30UGilNQbBNAHDdU5fuVFvw3pKDoAKW/w4EjXJoLSQBkXvfkpXNJcU1kgNBhh4CopTtgPeOZ61wsOAuCvBuvy+rzZoCgOeMa/3uu+/SzYLblbNKAfnXf/gvqoDIfDqJ0kl09YU7DXfial3QfBfUd9Vwysh3dJUuiXjpUvnZE6tjF01PdC4UgR0Td2Sj9G9u6kH0A2RgmeXVDp189Vq2qXgdwF6Dn7tZTq7XazXXSpt8SQB1pvt7iPa1yJ/5+nziaGXcu33/9vOGNVI4LAR4Tma3a8IPMZgzk75mExxDvke5WqeBuu4rblY9Miem+9SMeze8X42FoBBSbAzCup3rLWHWop1YTfm4jmWwIbIi2E+gXGMgXUwyeh1LofsIwVg7PwIaDJ4JcO+zt54zWIeQwKrge/DHf/TdUwHxzp1rpE86uJ/2u3O/vo9J+sOfxX5y2Lp7OnmvpOz8SNd/90Ko1bVPnjzIEXkQB+i2khcPbpcFPv99f0jP1+GSIOg1p3wzHgDhnRcsoTTseexx/rnbw/6C29rsO+NJ5Hs2SvKdZ8QTj1SXyc986XV57fk+9Za/X4vz/W973lxqxsAd1B9r19ykpjiexGGObfRaQb6MYxyUV9cTeS/EWHQl9Z21QIA+WyzKs+fPGHvAegDpOhGQNx30czfn0wTi0u8vLVL/s0tCc+lzTwXEpujkA5trJc1hn9S0AkFyOKI2uX/HAqIY3bGCTnnNKv9NBMT6tFojUCwoeqbuRBB7twqB624NRAoBuFym5iYaWjWlg1amEyRZG1lZxiYEHM4tbiOzniu+fovwmW3vnYH2z3oQQ1Y6/C0u1pM46yn4IXcwQMG5QoOnoEQnLE3jkdEdm07J22IS0dSUzyQg5wf+TRrh0wTnswrJm67zRKAMQV9+vQI2CYhIkvXrEwTkiXbqrMel351r8tODoH/lfYkNWs75FCaWqJwdOkqC0K589VSN+rOOzdvWqVkqHPAdtOZ6TbQqVuBSXIfP6uk3fbzSu5yHIqHMvSn3cAoU5PqXLGC/VkHpz93Wc2t1Hp82Ae/81kGjrfS/j6XOPvSYLAVqPCJDGJYD7tVntiAnD/IUGvo0uXjy+0+zHJ8kgCe/+6R7GURA7Gb06wf/1v8+d7H6w5zNv7QJFzfGTxrtnvxrhSn5F6AuT+S1vlMA6qkwyyUzs1ZgcWd1ToXwRDP7sPZ5jd1KgSnFzm4I3IseNey5Vv0B7Wkl0Ox7okd9XHCGEpKdfuYCdwznkzX0oiSekaU9ZUOfCDMzE8eyhwdALqFYunrkU+p//zlcH1NqxA5u3wQPXJaBmIRcrD4G+Swn/T/XerxJyD4pHrl0P6ef36DB89fW+MMoyMnnE23We8XF2qpWoavhOBeAk+CwOxSX4iU5eaHiJmPesuVJWD6FBKrj1EFlsiC+ouWkBax5rqbF+wM5rAgdk2fbbTlsRC7EOkIw8s0YxUF70J2TPEnHu2JcQvdMtSDna8OznQTahRIJaXK7an7/APdkROzNMcupC1cFBDUpAYFJPzmNV/r7awIBLpfqj8gWHg4NFLe1YSb971pALgkEFvQ8wOt9508WlD7RePrKNwqzXawICFig3LBBI23+lwlINHy7n7pJ9Kt1iLmN5xhDdVl68Tl1sc6tXLR4/7yBeaH1k/yDazVwMKx6HLFiYz1CL0EeJFamd5F6OJzPg2zIBT4W7++oe+73NffXr20FBwIZdwVM5/veK4F87im13jVJn7CPuAc+9wT09nGFg1m8R6ukuAxrQsbwZxGQvw2rkYe9JAj97/q/XzoIT92z/zwByefsdwdmXBlwniXkzv3hN7lf/Ubq4MCTMhTM06tXOAldX37maZ0kChUASy/iv95SXVqXKJlcXOiTst05+IB5x0UaM4KR/cBBCzERf+J9fcIPnxl3NHEIsuvnAtLuzQ+MoL9jSFw89DiQzmvofpIYPK2UjCLIn0HY8pli/YoYyeC+L0azpYoFmU5nFJIIMSpcU/CH98GaEQX7k//1N+3unW9Xy1OcL/75gbik4T9J63+SW3WqBZ+6EqfC1JcAP/3Ec2HsF7gmjnY4QBIQbcwp3n7+7/NNunhwiaM0Qkm0+Tnd6qJ7Zoty4hZ8BgHpnzWuEj4PSE3lmR2PZToSJ4nasSuPFS08xMQdF7OnjETQ6qFkkVITkJN8UR+4k0LylPt9vjdwcHoErhe8nL/eAuU+zsGGuEy0LGexWoQBr4GAoLYE78d1ISB1TfA+W5rPJCCXDtr5Qen/fW5xnmp9HeZPiz8u+bZPBeT0WrxufVFct1MXxe/wwYmANHj4TULxaRakWo8ukMZnheoQoew3+kSsK+LZhDSZmzdZkKo9Cc863oHVwAHZ47NNA8dBKIMyHesgQEjw3p7WDgFJgI577HMJT9wrxhHiZ10SjuwdCp3Etzv1JSuZES4VD89pwN+7Yf35y/NWK9ahdxFoPBuVAhkAFTKpQi8FAYuh10UZ1J4J6I3AuGRUBv/bv/7tp6bjs5qEJxBmj2+/WQguCcclN+6SgPSv65nEbRFPOVhO0BrpSF2z4Mi+Ok53e7nRQr9ZWZpLP9MVmuXYJ8vt2uyIbnuGZHhP+b+9MOjwnMHBPeRrDtTIXKPcnw603Kt2WEHfUOyBe8ih7wmKeC3+jd8ngMfBiwvWCsvA5u0IjGdxZKwYaIgquz0VksQCOtSDcgSbocvUn1p7KboIY39++qMagcbzVcIlBEg1WdVSAJ0ao67d97Xd70g9wbPjd4B48SfX6W9LQPJAlw76m372JsvSH8JLlinvi4CcXifHtC0dABWaYrBGWd0mkx9adOgTf5sCQhfBt6AD2vzqv4mAGM+tD3NuSeJiQEB6y6Rnk3vVDKrY19HeFf49K6PFZyRITayC14bEqPU6UEBOhPmMk4XXpVT2iUtleFXCCgNyKiCXrGwvIOdCkuvjenCXQimhpXFuNq4U8hsQEJUDD4lggrgYDhfen647g3/zx7/zqRbkfBHOD/BnNTif5lK96Trnn5/FMJOn0ua1aP1VZBHIdiZODpxbDQDwT1kQaMHThFcvlOcm/fx353FEIF4zrGWXKCD9jZ3+XZBwGNNnVsz8uN69Syueng9GZeHolvECqerKftcMtHc6+xAt3yuKoEKXBCT13bJKCIK1bv2+JnbIYW5xjOrK+9f22e7DTsBAH1Nk7c6ThVmLcwXbAvBpFRA+DxaKAbxiDTVoGJfRcFzGE9S2DytAgdfHelJ4P4uAfJoAXLrhN73nkqn9pOufH8AqHKxFUVnmZZPro2rNzUMKv5pFNkPy2uJineP9lyxYfN7PJCC2HtE8ega7U50l6e+b92cuVi8MvQWJq3TeVCHX4fsMu9JdqQLSDnHQKbwnAhLXJsKBdcFXfPK4WE8s7gmxsrPYzqf054KWG1UftTFDa96Be97vNlWZ5Ep9nBGrhv1/k4Dgd7g+hCDwdo1FjJJVBG/Q9WebjHnNsJizRn8jAbnkJvWH5dOE6Nx6XLIm59c4F44chPpeC8ibE+q9a9MJSFE2m9QLFgZ9AhHujGpycni7GKy/9wovdvGIjYRb+bQGe70rYYDYByCUdSQ1+ySjoxxbxbov3X2y0Ak8o32r+eBe+X5zyHokKH+P24XX9ygWnjuuqBSKiJV81q4bTASPwtf3y3LfKSFVLSYJX+6w38rCu09VPo+8MXfdUQUhqhOlesLS7c8Fe2WNJyfwNq9xVEuhlOrG9SN6NUU8opgMrlkUJoX5f/+T3/1UFyubfy4k5/7wm153/r7P4mqdH8T+2rIixITad4qFzqTs5DpsE6MAHciSArnWUTEa+pKVyO/6610S4BzEvkJQml00d7eAqlbv1NeO1WvZadqdLkg/uY8T0p9dOQqGkCt08ojLk2dKsHruCp3/+7JVbotLF6s0CBnv758l1qnX9s36y9Vq3gSETAzcWBi87xxE6X8XAe6vk/fPnd8IdJ28DoRhOFHcIXdPuY7RpKF6ASGqxfo//vT3PrOAXLISbzokn2QhspjnPuSJq+APO79+XVRwrZgRP6OIX8hM53CwOMe1AdCwhDQhILXA6HKNRw7PZ7Ee/UFsrw8SFZRLjqG0JZ+6S1L2DFt1vCRb5gQR69o0dTEAXRILiNwlUD5M6+iy2inhjWtVYdpUBebwJn7yXvT7hYwz6tTPkae85pKANCXXC4h/isQky2hxgKVM2CnRRU16/myuLQgROVmVJAnx78V0xovivQi+gVDhfhB7gLE7Ggt6FmgjkiL+7Pe5Ct7ftYCca5Rzq/MmK3UuVACihqx+PBeQy/LODhpdHBABQcFMrRK7UHfRa+zPKiBshxOhO4s5HDHlyOnwpzEGD8GpgEj+W16Eh7lzabKRsIupjpSbhH7DzRIF7obGjBDHnUrsEesH1yVJOx6aDlbOIULb0R1gXuRCGlBWk4+95bqkWE9jSZcg1Ja0EiA8aw/X1r1w5WBg3T6nglr22VRWAtYAzRfwjWcEdDuZC75lbuooKDvP2hfNVWv2b//096psCpjspfRN3a/0yJe0u/VhpU2EK3iu2PnvTlNRMFK/Yc1aD2QceBPf9FrVR/fMzZaB6FwBl/apYYACZTU8O5TVZqOm1fipaQpxh3RQQw85JeSdC8r5AZD/nUN9ShORApB7ITpJ6xrTahuk/Yk++SZ0X4gpxGJNIUg9HBaQBNJEmnxw6z4hUAX2Pxqe+uhnbVd7Vwd3kfgkh56UEwgH6DRQO1AsacWXINqClRiDhzsxUJczkaA0hKvPveCzezerWjoLbO6zFxBcbzoWUwDoZCwIrjOeTRnAy1pgLQQJJ7GIdkFA/3CNyjb4d3/yO0Qg3Y1VBzuISkrpvak5/DnIkegc9moNqntkcUtpMbtzX6pHlwYJm1YKlW3D9HOjJfqcWnFQjkegLaKIMCGVzu6dvy/ZyoGUGcUigF6y3m4pZJKb1tgMXfzIVPVh1OEMmxptJttmS5tL/PE6dTCvPonW1VqiZ/jy4KXgKCiDOUjwxxvupf3gIUUQSZcQzyx3REzUUQFGxFLS1Zp/4vVwz+SutMbRXCl23VcJLgLYJApTAEWIN9d255AEsAQ29gpkeeBhyWvzZysg7AlcOzZRkJJld3bzo2Dp8G8cRFoBdGofowG1YpC082numsqiaZlNneEBx+vtYvWeB0ptJ+OWDE2JLfYGgkOhiLUCqwAZ9QO4aGIS4Cv5lAEEROdOhzdSHp8vGq9Zltaup1WUnfXG8mHXSTl9fXcWHTB3jZpJOe9qo+s5C5QbEUwwi1aTCO7QBUOtKEVcUL05rehB/ix+j7bMMKMgJ262a3YCz2FM12/kSeSGpP1mPe3aPBdf9a5XbRqGPluhN5z1w40A5X08NBWirqqnfq4MrNsqdQVMGSWgZmigjUzKcAAKYqGvvXxcli0sI5tQC7nB3/HMW7hdRHOaz52DL6FqHKwckGjcZNJDR4Fwa7yFxhSwFWiIhj5PlHvXv5ygZNs9lRRuhrXjoN1P5PqgXWhrYC20q3VN1J5wDdKJ0b2x1CBbVhcNIHpCJt4D64D9xlfcqrhocTuhNMXL69i8/+6Pf8snoDb3UdB64iS1bhLVSlAz9E0etBhoJKykWNpGRuvTS+aiyBJIeKKd5eumdUwXhFKz5z2XBERt80OfgCbl59NyYNGGXEx0+GsCsimrTbpa7PisgWabgLSAXQKmYHBkeoINbUS4NQZIE4H++fmq1vmj5lTsd8qAeM0smBIQtMPB4wuGhrES1KrCHvWqBUQ5osbG4YWQoO6cm0yXSq4ca7DhSnUCgmvKhVGDZ7gk0cQ5YMkq43rUxCY0QhEwyTYALbzRV/J+jTFI4Ouu7u6BvNmoCXaDU0dlOFb2GnM+eqaxlu40LtOsEK2F9KHcNCMdPHt47hAQYWWwv+GZ9cqqFySV94rCH+s2+Lf/Sl1N1MQrdcb2n3HO0oafb9ahkTdiAUl1HrFIuDkNbWhxhlwg4ZVyEXSAe1gT/26IkirRwqvS6/QVi6SO3rhzDVzRJuHj6RHRcuAaIwvIqBwHCs6gTdbblakT29a2krEIzLwSRzXQpHFtiS0dgtbr9YnPfta3NmKtQy5otE88nsCd6T+VLoPQhq58i5akgHAdhuXoxBuaP2/WOuhJ9IVpACspN0quW/rbSkDwc70vByPWK1aEszXMx6KVIi1jX0ZmwMZtEZKkpz1fkxxKUUCETtUAHI2zx4oPJhPvY18XYgHpA/t0pMG5jZdDGB0KxKgB7ovzQ3D/Yw1rqhWk3oMIgu43EbOsN2Obf/OH3+HJg3+WBJBYoa6QdvpfJtK+OM8G2x6cxMVBAyRAaTbcZoAEgVElWp+c4/LVVjo0k6NJh+hYqLqmBJDPSDunEaUAiKZWPZYk0M2CwDowQbhH/BFq97ZVoNU4pDFduSYdd71tkjTW+XPKJZCr1aNDEZLAotmoHCYBD1JV0aws/+R3gkkltFQfoqWHp8EYA24LpzmZH2Xlw/iFcQZ6XYF2ARdDszBwLfj2zYK4U2KXecXr2AF9OuUjQEAeHh/KerOtgobfJdi9dMh6i8AYEDU42y2vBYQJwlLQ5JpZcLlcJ27gQXByXCI2pXZBVgAWwcK6LnhdEXbcG9ErDtkROHGuqJoCg6fR9pRr9Kd/8M2jeiRZqyWbSZgtCac2LYjmzP5xLVF1rCEBkQVpDzNiEBTzhfJWWYp2W80aBZyhnivDao3SbE6WK2Y8HS9wJQgJfVmbWiTJRPdGu5sjD8VghG7fg88gIHaHCKkmi/0Uh2u9fqWVs7hCyoz+0A2Q64mlwZrC1UEttTbLvaCIMMiSx7oQTYELMxqxRT8aCrAKrmijGU+l8d1WbUIZwNvaVitoN0qQds/S1b4kSA+xEZ/b3wMO2fxK3dLRqxeHerlC1aGQCwXa2GeDIZ3iHEJ5GVWajCf8O2ImAATMUzhuWj2uiCTCXZvNJZAI3una2dprn3We4FbS0sW9RnxJAYFlanX3tG4U4DZ4J6hXBKVZdQlWAwtGZfCvfvcDNq+u2g5+a5r8grFpv1HukJ2cZK1rgk2/i89J1wgP21Wu4aCx9pv1ww15itXp3RBtrAJMIS5ysXptHfdH9y2/fDyWtoUIS0BwHcUOYG9iNNdxIHy8uVhCfNQGvCFZfN5KnsMVHTDWnESQGQlQv+iCcBu8q981ly2+cLRcnouWnI3P7Acz9tE64nBNZnMV9ZgJgEB343666VIP4dBjhB6OfIjmn+i6EpBMVOJnupqwt3h9og/WYXF9VYfMYN7GarUpK8zdiGcheKe66TkvkHvsY9wwNkOY4jkmQhSxF+t1ebxTrgKvx2GegpI+mVBp5NDHOpqTXM+cLJTcZ7xmuXw4KRmOd8E/Ichntfi4kOBxxWHZTwrgH/7mL1NAWGDjhr78QKMfbWFPBSTaKfwhBLEMCLFMhikzkJEWglClP8PdI6AJgkmfC0i0hVyWxkiN+ZUQpEGxYEd+nks8FcjJT4e7RgEZw20bUIMjSE9b/wiIJhbpPYFVs9Hk7gAxMfxMgTedPIm0Bnc3gUqwGh+cc/12UUu5ApIAACAASURBVBRN4VRIsxcQNCzC/ROxEtIDDav7055ttm4VupVrBjmPJic0SivYuiJiKatW5ZQmuKAeX1Yh1NO2P3SzFnO2wdFhAvV9Wx5X6OHbrt1GtHUutNNbhI5hHSwgrMlgVaNRtpWaZgNJkyXRoE7GPphutZf7WPlgBMG6YNqeA+7h8fGhggBxieOyJVs/mYrVm/Ok+EQtV+OGUUB+/zu/KAExPCk/UMkTfDGQ6iaZ8k2dCY61ANQHTddbo9RVN5coD5SGAW6N33GNfGRs5sSZwkYL+x/wofoJuVvCtXgwQXgMjwxciz0KVGRKDQwBAR6GZ1quuyA9XRVrXbRdmC6QqzGOzT6sU3z+BMWd00hYuQIHbubGTeBGy2pRyXg9894onqwz8XrO5RP7NPUsSXYCnVLAK+WTIZjaowiI0Bkerj3iu9HJOmbPdvvmScSaxO0CoS9FRHJ79mW5gqCHj4XD2w5xIOP2PPAqJJz4VlyD6U6a8AS8LglIolBdkE7WlwEcWbYDldMp4MEV4+av16uKWMUaJOaq7pN7YPXxFVvQui4l9z347W/+nFwsH0AmbSwgMYGxLtk0nkH3dsU9YVOgHXAI5foINZEGk9+r4C0jflP2Kd6NYiCZZ+peCBvMq/H7FTXVhhYKY7NQ8QUzrM8Bvo0Dspbke4wDLQcPlnIFoyEmowLqLbIgZwLCDagbA62mjYiWChyIBJpyJBAQPecTrcNnsNbvar9xPfGXHEzHZdXC8l8BL+J28RkcwBLONaTJPSPhMok+CQPjFucGYDnkMugwEeHxKDKsby0KssKDgCh5mPc0SwKtzpxIWuQcBmUNoaQmR3mrknktnpFSiyvMv3cdDymkE/Se0pDN2XgmVJOJ5EbP19n0qGmHgWEq9zmcxFdRDEHJegE5cYNj0eayjHKLW0vWGoN9+PWfoYDghvFCRvueXx7CGxIsCSgjgQw4odkdG0Qr6YNU5x1+feKTaFTMfks1V1wPHLaYNhzo2UwjseBPvnz5ojw8PPA9X/jCe+Xtt98uozGCMiV2aIJ3hirR2oZ+O4QDyAX87Rmtyv44oM+MA8BkIbuYGzRgorTRZ+JaJUGabvYBH4QAyTXpKdKxgKOBtDTgxUu+PZGbJAM71Ci9ppLnGA8h3AIXcu2ME6MmRzvR7h4IQNOtFAxdlZRhL8IoHagSoh4z646voECiQRHL5fq8XysvgR4T5SMsHPHjJSTKSrd1bBYk1lIWXop1PtUh7QUkSinxG0pjJbxK/OL1ISRuNhrgCcVJpenRcbKqrfcVPhs/y3kVgTEek9IceXYqnH/xwVfpkATOg4BgEQJHQikzwWRuUZXC2hZf0Fgw8whIoMMEVg3Vguaa8gCL7qCDCQRGGhC+6pRmF1+Y1fDixcdluVqW6XRevvjF98rzZ28x33IsMYk67NvdmgEprBCEKWWVk8lcgS3iFvrumqctATHiwbjoUnsdHUxGH10jgyx0fzhzGLDxeD5qXOPv8Z1jlS8JiN7vvkycA273aoDYKS5EkqDiZCE73mP7kHMY6wActB7JWvsZJLANWGFG3AgUnpF75s8TfNoF+bZ2sMzTybwSLXVepCxE2UjyMVZYAzrj6mgtgWgpDp2OtN8BZHImFSOoIQUVG70SeBoCcBLkQ0BogOxa9sicrKqnS3Xtf5JIBN29B1IiwPQevvuN/4EDdOBaYSA73oS7UdCCA5gmv9T1DeI1P6i5WEJG+CowPSHBcD+SgOLiINAEXImaYEF4knBoWfiV0P6IgZDcmfOmMY73448/ol85ny/KF77w+XJ1dSMIeACoU+5VNamgSxBVgmZSEDadXmnhDAX2AoKNTMmtNJgWmVqETZqlu6MYstBVQOxiZXwAF5XxmFwYCEh8/OrrW+MnNutjtEq+NHQKSHQ00DBKwsd0RUNj74CCWsV3sICoM8fA7F96CVRk41aLz04nzkSbB0UR7YJfQdY4CzoPWDvBu0OuL/lgHJYpdwzCgb2C2ysoO2W5fW5MSJLgWkXxIPFwTenmtGy2DrEsQGI4nhUMlHJsJ8slBrNcI4MOXcDdr3HvdgXZ0u9dlt1PZIaAUFod1bOBlt0HaQXBpYkRArfycLuXlBAKBV5MdOFmq4aGuU5r/mEZT2dlNhemLugX5m7sai5MNcJQd3SWAKw4LQ8PjxysCOwd13/nnXfYfRsJJfCwYDU2pI2oG6CSRDgkjasEd40wILQh/HYMian3J2hP56QV8TTf+RRejqDU+AxKhHXtSkBp8Vs5ZwSEMYAPsTZUQ16ycU1rmYLrwwzh6F2s2pXchL/M+cj1sYDYa8DdjPtqxR/caFnnWJyaVHTykQfUrEzNJG9JXpwDjQ2AW4uYI8MxbSmZhAOqBjpKABDvhWkneV4BJy5cSjd6sB4tIH2gLM/j1ALg85H/iUWPsgJQIbJhK+RKLJHXxMr3blfdU5NiT2KVD3/tH8mCAHs2QkRt6yC1CkdcKlNNCOc6sCfyZWxdJn3HhJLIXzDXbiYM12cypYBAEHkI93IHoKFUHHOg9kX7ecxpAJwICwJLAuvy7PlNubl+Vq6uATliQyAcQC2czyALVz2gIHjNGkFAkCQEWVECooNiZuqJ1pSfGl8Ui9snj/BvKg83fcCfEQ4KGje1ARGKbT6DgFCJRfHIBUmQHpqJPtclte6eqDFpKleEv67pTO6Tpaop3h+t6WTKmEEatxNsAy9AMwmJcg652LKE4jFsKJQVWhJ8pnM0AHVoKRV7LpcQkJUpL4pvA7NKETWETwpCsHgvIBFiud1CtXINsbHjiupa2CsIiFzXbnSDFUSYDVGE5wLC/cM57RLlvLPf+PpPH7P5fbsTHgIIyU4LHw0l8yt9FwGhZkIyy53q5LNmbHDGd4lgNqQrN9OQdmPX8nvxcJqqqmBrUjAWC4mtV69eltevXvNQz+czxiDP33rGOEQUCnyWmageFRZNDmETtWJMCwKfndbDWj/IRY0f/HARkCBDffxBVwmH1Jagx81lisBJ0+GOpsTiB2rtDybduQ7q7YWSiovXQQ2DDgGtDykldifIFlARlV4v4cC3DgqUhQJVKrHZrLrPAhfc9cWETRy+ACjU+BA0CIl5bNxbNmVDwVRjvcb1lIA8kkYS6nilmDt1IIpO66pOlJMlBqovwTrFyoplLFStoatK0hKCdniAaxAlDEO7h4XT5cUtkBKT5NxTARhBi4cUiz748BsK0qNhglPTzTL/PiSw3lzpHYEVsYkaxAj8WyPNVKkXsxr3gg80CZQsdw68GsU8SEApWQOcG+4UFh4I1uvXr7nogCef3TyngIDznwWVli9lROGVQEczwaRLQJQk7AVE2d++7NZEza4pcyxIhESWr02AjVaKFVGk1jqHM6eEBgc+WMkt6EDIavQ1NrlOAtnx0AFs2Ldmw8qltICkXY1rIfiZtIKJSdBuU7wkUlTsYgrKVhzC2UzsZQX2gqgv2j8E8S3I5V76m/FDbWUq8mMGZOIz4n735yr1OdWlVZRnxEtwOz4D7xe9XgowgoYbC3ggLpbYEhGaI+lMbR9V4nCaALwUUzL+q8rfMMVv/cbPHiu1gdKYIe2j2hqnFux4wTtUUlSImtQBNq/kUWPZCoVI0A8TjpvIgmEjGfSBX7RXYhJCAnwfsDMepEF5GwrMYn5lvg7gObEwhaLBiokPJoFUZw9pq4ktiAREtREQjvxpFnC3sPldBIAbmgpFt++PcknAqNgFRrehXiTXgWfFpBoo54ozVJbbqP3Z1P6aory3PrpCzWRFiPylc0nIfLQUWAdQbiR8yVMBhMGanucPmH3ypnKUWyVDtkRmcjDcWbuf7BxJxAyAiLLysKqq4nvkXqqoK4nONM2GtdBTxoKmwUQOaQAN0evhrqnbYxKmYTuo/oZXqmRX9NiKUuM6Q/la4LK2+eyatrDCr2i648nB73/4Px8R8CQbLG0g/xMHltqu0kScsKkuQYpTcAAFAiARFreEnBoS7IRAEHrzwExsWkwmLIfIZwNuPOIOLFiABc7v5mHY0ycGAob7E5V5UkYTIF+OocaivNAVYBJNlgQxAbPonOKqOXU8qHQxuhpyL0wg1yxoDabPpt/EqkRApF2VxAsUSQFJ3OIkHCwKXqPD1kYoV+EI3ZrUGVNcaGWNJhm5IUHR49QYd0FAMsDSvcPChYqAwB3LOsDStwMm+op6xZg7Vg9yUCZVJ9YvKjsjdkOtOwiIm/WSn5HMf3x+WDBY9GZtBWzgubgW5unlYEtAltVd03XEKAiQove1+h2cE1LrbFlIyGSSdqP6eRNH6WHQfXRpeZKUfXHFH/3mLx4rxcCTUmmyoNGNgbMtZDVRQXWS1IH/KA8BHxZ6STLJqUgL+oINkfvTYpm4Q1gUHYB9GZLOrKaqEN7NWpAxMfOpAmAKyAKwcZAUZfUT+EG7BokTRBrf1ZQPIF7Q6sgEG9bNxsvteErQlBWpYtMRKBVs0nqR5yiEjnFXajbqVFnQzrEOyt7GisQHx1XG6fBBHpucRR4qJuYaiXS70d7gi63ZzIkbMliHNVHsIYKeAlqAKMyaw277c3B5zDncrHeeJS4LjNcxdjK0HGGKwgCYQ7axeU24KC00UMV6cGUp4J2EpcvcS1c3w3RC5VolA28lRxKhnlkuI2I8uWTq2tJq9PFUeB1jsVCm2MDE1H6CE8qZcD3NphYw0XowBN4f/NF3f565Om5obSIQ5qoZobhB85ISdxBCtL8fswhIs2pAow4ZUpJiK2nmp8VZ0SgBXSAgRDZAaVhvyvLhsayWS17+ajEvIM8hqTmdTwqIZ+OJUJSYThEktYjys1WGm3+HAAdtKp83VqQJhe+0t8oXodkeHtaLZe4VS7U4LG6DhFaWrReQJAnptiTY7uZrVKTH5QmEOwlsbChE7EaiUqoamE/hdoJqQ4qIfqNmbChSarmv4xDWdc/xyOR5ObCNwgJqxUGhdB0dYNtS1+o95H0AuLCzvCwTrbPZ0rT+EFb3oaLb6TiX3DY8i1kbIj6ejp7uGQk2QdVNtRlU0nm/U8ktcigTASUDo2wQ3jVTAhJCKEbm3phNlysca8Qyhd//9j8m1QQ+M/4E+jIwxMfASWqXqkua3oNVkMl2BSLzCOI41LpgIhM2cYzDfVjNJPRBawUqOVgJ2o+7Yxmjsm9fyuphWe5u75hVRxISEPDVzVWZzKfM34wn6G2UIE8PHAHRjUGziq4hV0/UZqJwiD953+p20scEqbIMgnceI5xITodE5TOFLjkR55JbaUKJ3omA0KKqD1aUiPKWuHewehsUyoNnmFn5JhQJqVrTPGK6vESuYCHM5SKREWgPeVGFh4eI4nTCykSCJIDa7bMLjZQVYdzCaj2hdLwnxI+xXoZy0wyCh8s5DlnGFs/w0HJgzVDWCod124CDoHzkeHXlFtkHq35bkJA+HZT7l6hDqaxl00lwtkAxwjMKRobrJa6glKxAowgIqxW/+8E/FJCSdpDkzBtWtMswrm6FNpb+NrLYtRZDbEu6KbVU1cY4/p0TQdx0giRAP8SdifWQDz0m5IcBqghPD9s9awVub2/Lw/09k5BXi0W5enZVxvNZGU7HZTAaFJz/HGDGBfxcfRPFGopanaoz8YT25HQRinXRf+/uCKk5LxprFqb60X7mU0vSzLXcESibFpDjvYEXm+UTWTMs3MDHxMS6EQJsRQorAiFBnIVDvasllFw3JNdIVYmQQVlZQMifQ3IXyWG0+UdOCi6WIXAcGlgMxlLQ7E5KysVpRWtQpEk21hjNQTHRK1iKIRA85dVywINi4v7UvuBYjlvVjIf8GWvR56p6FLWds9N8FdcV5wFW2MRbKoGZWBWCqVGfj6SiOHlQjLE03BPHi0xpfOdXfsptfwTlkQJg1KEA+z7u6NuqLlqsXEmZEJlQ0WmWHWyG65PBMSk2qgfIAiIJVzcKgQHKACOfAuoBhGHzuCmP9w9llW4dh2OZMfaYUUAG03GBe6DuBnKxquWqAqIKNGHtcn3Syh8HCTGMKvUaFysLGSZzvzl8/hNl0ILWwKLK8XTZecKYTYjxuwTvtYAMu2q3IomyXuh5bRSS4RnZmEJCckB8aI0Ia4/fId4QcNC7nW6kAIFjZ3P3pTUdhhbECB9QH7lHyIdJKQifSCdDaH8F5UFB+6BZB1Ws7B7AIIAD9xFKya15cIsgdyb30XPLJDQtz3WulJ6mHgpBm5wDImxTFJsh96Z7YQqDCePGMSvua4DfRZChHAff/pWfImxPrU16gaquZCVEWsRkVIgEFp3+HCnqIqcpbpEboZs3vOrOE/qlbkqXdIlpLYqBELYED7TfBEIyVHnn6n5Z1g+rcnDLFh4sUMln0zKaz8phOi4H98Piw+czCF1Ce8GpkGDQd07jhs2KaAusiCBn5XJ4EFyDIu4R3AoHtF33lN5SBoUKOJAYpBeQAOyNen6g9lZc0IJwWI8+i3zaX0btVkdYowTjpKTJklCb78E4a2Wj1M6u8NTzD6i1YVVDXYdrTAoOWc67ssFzM84x9M0gV3mQ0GgIyDjwlRIRVZ6umAvCcNDC1WpVqhK2wKtZMwiI1r4xDpKreVpSwOzXiTssr0FuHZRejy5y5IXPLvmArnnHmeX55ri2QCzwVNvUrMG3f/WnWKOJQ9Rayejv8dk3CI5NQUi6v5LK+LSJN9IsQQ0epHgaxi73Cg/hGd0u0A8EDHQF7WtgsSYooNlsy/phWbZLsHSBXkgIx+BZLeZlMJ+V/WREAWEuhPC0PlOfq1G/+DP5EPKayILdMAGJWITvrV0tJNL9IeUVK+jQWndGY0ZYmoDgI5o1ymblAERTpltI4gxdrzVe8PKJnstsrZrBQTikRPTnCDAm3SwIiKBrxiwUhorT1np+5T3E4HVax/Xtyo4ThfJULD4HM4YjmB1l9h30D8ZDNeHrurQQcTTVnJl0CKUTiT2TN95ENDo8hoqM9Sid3a5TIWkCEiXUU0d6ago/k7FOlLQoK0Hd6h5KuzfPwP8efPvr/73xVmt2B1vMxCaoXa5Eme5chix8z9eh5vRkVR0aae180ddmzbsTPhEQUjfQSHpXjsiJIN+BoBOL/bimgIAdRwEhK3VUJtdXZTCfl50tCMw5TCm9lForLwGB1lBwCZ9clR3I1yAzD7xe2ePWsiYHOe4NFz9ax3h7NF3ihPqQToynLVC/gb2AMIlWZ2XIgmizQvvXLBNF2zL7BfcJN7QMygxlsECh2MyulL27eTB7bkHiua5oY8Bp2Bf9XfkfgQZwqYBSAVzT3z0ll3gYtSDvhRbEsDH+RGKRcZrjIqwlBGS1FsMacVwURLR3hILQr5swEB3jDTcrEmhXydEWn9BL6eDxCEfP90LuJ9QpxRWKg1JewSYYiL0Cf5026KnbOfj2rylI1xq0jnQ9f36HxB0rBFuikFajE6bUFof1q8OV3IB8b9YbU0DUBYNBHFi9NK17ulF7QJaYkbc7UFA2j6uyW64sIIB9je/fXJfB1VXZTSflAIFjslAoBDZa94FEkOpClAkWCCqGq5ifEBBsJBEtH/66HKaAxyRjoft2Pifr0b1XscbTlkBSSi0YTdfnHh0jkti15IQrA8CUrwED+HAsqA6ZjcZlhhpvHFigX+BciQfv5Kcy4gAwqLiwyo4hSAJynkbVjWLHsvUTDJW7skBH4dt9np0z8IBLjg2YlB1HsTUBUd8xcN1UtNQQKbF/U4ORZ6R7C3iVcJbalZ4rnWT+mxVR4+wTBkhHiMy11YhOgpDYIveT18Rqxfr3Cp3K7cNv/AyXTa03W09SFdRrk4OUICaglqcyxsPCn0PSLtZGBz1jv3hBN2xg9wu4UC7mEdQnTByvoW9OAVmjb30ZIEO82ZbNw2PZr1aMv1kXYY7V+Oq6lOursp9PywHJMCSFEJwBByeGL7ZpOpqwAs58HcKhNqeb9aqsVktbSEOFPqQ9yS4KIy17ereiWUi9X3XaiNlE6Y5mw99JeyDhEInPrjbdgXB88+QLoIikzQ/lCAHZH8pkMChzWpBRmQMtwpqaD5vnQmzFDWajic6qAs7GPTojL828KxsPmaG14JAaDGZ23y1bEaoQc7Ow/wUwb1q0duglNb7LiuNOJu/T+me1ee3I04wHQpiCdlFfm0nMhKWTiGIqwK0LG9tdSOjKNXo+IW6UYMxV1pvyCj6vvZXUvVTwiDFaayvFpfjWr/30MfAXfoAsNb6DPNA8HQ61KXLTdoBo1bWOH+5kZgqXanIoTEmqT6EG8PlBe5jixg0x0vxhyhCEA77rZldWt7dlv16VwXbPwBSLCLx/BzdrsSgH8IquZmWIfAgyxMCG3TEFm8ws8P7I+pJQWRSbaHQCvra1uwn69ModyJf4XaJRRANFm1ETud1Pj2gJIVHiMTTvCApjAisKrA/bhJqhEK2Jz0rHD7bMhDvo3lWHzYbu1HQ4KovxuMwnYwkKAma4pmnrymeTY4SAlUJr1i5AirgspNxQ24t6E2shPxh++4j5EcUgCsqZ5xBNtew795nMbxMYWVRlSPsEcKhDdlonzHDyFpPFCTKozGerTSfKaRc/6x13Ds/Q/x6eCgVkMiH3DIV2LLv2zJDeslEQ7epGkfVngAISrlQTEBw4SZKoCfsqILkR3H1MWOMaNfehYvgpiLGAINYgD2sKbBp5jImwf1AvtrtStrAg63JEfHB3Xw7rdRmizSWGnbDhmLThcHFVDhASCAgQrTEOkyvCiK8DmQFq2guIAzWjwnR3NvCV0RTizQISaxowIVoxGiiuU9xKuZOtSfTpwh8ZSGdzA5NmvfDadA9hb4CB4wNkmLkOR8YfEZAFAk4KiNwvF0W68UGb+kSXU9lcf7aFowuoKSA8hAZpwHdygEt+lmv26XoR/gXRwbGTM+a03sx5CPbvk6wNshZKylyJXSy2ZXJ8yANq5yOKOq5nDm+C6wh71o9u8G7DwDznUwpnyntJ/+LUy/dol1BQx8zpOPOtr/8M60G02UdelK0amTwTOgU/FRdWQVOmpQBrT28h9Zvqg6nUjVRUySYGbhYQFkz6GVtAAgYccUjXq1LWq3JE/9fHexB7ynB3oIAACmRiH0lExB+LedkvbEEgINr/ilrAxcJGpQN6GKmMW30/KdcNRKqewGbBmqVa6TKGo+GSxB3IZraKy7CCVcsBQCKHQQdA9PpYoiTEgueryYS4ZhSQoko+uBSwErAgk+GgzG1BrhCodxYEBkNNq10w5TRwjQcN3dPVQDNqCAj2lhQPjzNAt3jEBUrHEwHK6LhqJQgLQwjsVjtvwhKJ8NHSFPws/5M6INJB0sQtrY3CDBfVT6hnYigrwLhBEZIaC7pZN3JCHNgaAUTiG9bYREp0yUmBnUAmJYrJqDBDlolYqJRvfV0VhZLQwqRZTDwQH3ypQ4m6VLTANCgBgiDVK5wKiGgc8e+oPUxbAc8IWdzhdEbIEJtATbPdUECOq2Upy8dyWD2W4WZXRujlZBKFGMaFFgTCsVvMygAu1jiIDwdH0CVQsOmDSrhXC0ERMFqU7hvQzufBchY4BzwB9kkSz9ouZp+ylZELLnslKMG5eHLvzgWkwcWngSwzzbBy9rfJZj4eGYPMJqMyRwwyGdOioPYcQg8BUsFUyI2N0ZC6CVqtDo5tIw2Uz2KtuBnT3BvHIGx4EY4Wm18UsWQ5UMeET9eP6j0ZwW28ptJxZMkjHHRju/yEXNHz4aDJCJ32zBLg4lyPcyGImcPq6FMQsSCpJlXSUsVtWpuwmA0qIVb91te/Si5WKCSijUuDCXoER0bC0Q5GOoSLRavqwGZB4INWSLe6WOwTpHwKcxYQELQYgoAoWdgLyBHWY70qo+2+jJ0dHoDPtQcZrpTBfFEO14hB5qXM3PMVfCx3wZfPrGBTlGtl0ms9h+nwrEYEn4gWRQckB5bml+iIuV21RaUbstWiBhPc6lQpoViCcaGhVOnX3IPmYgUOF4FTml8HRz2oJCBKWEIzYhQCqD+IO2aTYZnD4oPiT4K08iSaj2HWHcuP0yFFLgSVkSe61mScW/2EiIhDozyJ1lExRjqLIEiWG4m2Q+jWzjIGDvbUWkRAeFAd1Ikjl26Xsh6KYydqrRoSo1E2Eh67Na4jvxWM6KpufUoF75/vEVu5wwoRzcQ+bkmV+Ch5JiKwUSi+X54BvA8C0vxf91C12WNwt5f1aMGkHjec/JhJ/Mm2LLAyh9YJsXX7NgQJKjv6NkEAIVgw5TwIQrHkYi3L/v6uDNbrMt7tyxg5EMQgrDyEIJZS5vNyvLkqh5tFGZjNO5zoQekri39vf1o8LE7bcFNpwNZE5QAMuIY9dd8REJpY+8oJ5M6DzgSO2qvUdahKMm1H5edKi8p6yEVLSWo+l+vK2hXN/cAaMUg3YQ+jkiEgOPsgIRLFmqLOfFgGDAxA1/FkKXym9J6FrtWF966J6uqbZxBNqlZAnkRFgqPAESF0psHvS1lDQNYO9GFFxNUuAJk1nKIVNMU1Sk16ABA054hSTrxHxdHXnZiPhnPcZ9s18trsYbuTsCCrzZq5GJIvHRZgwi0UT/aUzxg9YjEWt1suNuMxCAguoAITaUvWD7gijQgHXJ9UwXl0FqnBXRf35AhkbtPJRBnuMHjJBEY8Qc08LmUyKwN0Y6SPeygDaEgE6CiQub8tw/WmTA8QkGMZos8uBASNFyAgs1k5PrsuRzRvmMHqjTnil0k1lZHouKUTuAuPKCA4FAxO13U4Dak2LvtMgiqL1WPm9Xfd5p0HjiRIwp2zVgpBU5WOqkdIcC7Bk/TgULCbES2AkUSDDdCEqMthfTm7lpQyHcOKKB+C+OTgsgRl0zU7kNw2d70M8GKF3gqOfMiasEvLs08YYHPvoOINERgZpO8RIqrAbYU+WLB0cME8MJXJQw2TNXc5FiStZ+WBqBRYaGGFgW0h4qLz3mwxApPH+oFxwfSDoeZk8znLBG1IwziGjtl8rwAAIABJREFUxULAbuRVGXYJQp2P051WMkwgILhgFRDwnNKV3Z214TIZAnd2HBpRLFwcmPjoLOZn3XWbHfhEQNDmB4KF2AMCglpxBmFKDI6AZG2WZfv6VRltNmWC15t+gpwxaPPb3bEcpjNZkKsZBQQLjAcnK5W9XJU5p6sgJqPIimw6DQGR2wgnTDmOkWeZp1wXPrWgyxyc5DGiwXLQzgUEtB2sT4cYs8EEs/wdjSI5oQiIch2NqySf2KPkOHRI3yiGQpId6SdUD6IoqhIWoTHRkGK3K6OjKBXztP+vWXWxg6ugdNl3Ah12Vfj5FhACKZXxknoXdDZEp3xM7EKgvyNFhclDJxnpuvh9yqHo7PTZbxW/xV03QNEzG9I0pHaS2ZKGhFwSXf8t2kW1NrGwAaqY3FBAcF9wq1h6DG8D8S/33PnJCEhYA67FrwKCD4mWVBNqE7pQD75dS7PBDycnqGWIk/TCevZZ5jcLiDK+pA/C1EFIICBkqR7LEAgXtCT6Kr38uAzWvYBIKyOmwCDLA4bFP7sqx+tFKenpNZsyBskGkQdEhM4a0S5WpiphYZmTQZ7DbFtJvYJRtdRs1I/kQuJKNdgyh8CUkFp/Yq0Xir8LzFgcdNjWCj9R7eW+7DZqW8TD5Io3ZrI5c1CqhD0iWVSl7zE0PXxtoF1ocoDZHdttmZRxWczmZYGWsqyua6MkFMi7bp0+v93DrgVpy3kYIq6mUMVn+8OgoKIR04IhIGsmCPdlQ78fiordjh2TGLAxXSWxTk2iQuidd5LCCvviICImZ9qrenLPro0YP+2On04e0zMxckUXdq97I0N5q2Gtg7GahrB2yYogWSN7pFr7dJr8DbhYtVIsg2/ahB8cdpo5wJVUiS7+zIAYUz5xcVIOziwI3+sb4R8exSy6CRpKi2mL/iQj1GfAncPUoZcvynC7K1Nwj+xHwyKIElHKFlncxbwcr6/I6uVwGXR2BDPVlWIqp1SQHitCxikzsemG7iH0SqHo+WopqNvs2ERj8dU0zdoqmpZH1lWLdpF0NRRAue6ZCy7/VmPtdqJ8G46VNT4WjFKTAIpungSsjqiEQ4VRGhENmgmDchgErD3oHegMs9kWFA3AeszdIJoCYvZ1Hx/FaAjYjI8hqlCwC+EXzqS7jABCkhklsCIM2CEgCJBpSTSbnqXbiYjdQoj5jRAIHVOBWcGKxK7tD+Ml9FezpYBQ1Lkt5pwRemHyV7E7Fbxni8D1u6erhbHVhPj4zX0wHYrAgg6pmQJtDMbgOx+os6KBLLokoUEreDRca1OpsZIu2Kl8aAVmaRmpGhHFNXFPsriqZlCmVgU1QKaQ5ziUMYRxvSqH+/uyffW6jPf7MkdAb0YwYpUl8HpYNpSIIjt6fVXG6PaOvyPwdxGOYD6RJRGYxcfXsHiXFyerBrTC9BOi7oZdRH9S9p8aHALiIDWJqzxkJUh2NetCVkQ6TL5E9HMJT2prtE4WTzZ8UG8ounL2+3lA2ajPlYNYX7hbFBLXsOPaEGBoV5YolDJHI3DP6dPE27iMLUtd782RW7WMGYhanTGpR7mEZntztowq82g9UFOCEXcAFpxMBEO4ZunpOkEd6pnxJ44WYGsE6rgXBNYoi2Uyj2dNnTrxXEBCqaa5Z4L/we4mYcA8NPz96uaaCvhxuymvHx7K3XJD1vcRyU/GqK0LSu5D8iFPiYod8eF3v/k/6V4lQrXpGSWcZajAVJX2lx8feM3UYDr77tnr5s9I9StgSnMGQ5xsBqFxzBAQ5C5Y0gNka78tQxAVkf94eCj7u7sy2R/LnHXWOlQHCAiSiSMIyLDsZvMyuL4hsxcCgqwvgn/RI4TBx+eV/+/4IgLixBAXPAmWLqkF7c/WQY5DWGLasZWjbMOOjcmWnT2tcKzmu4Kerqzs2p1CeLDUiXFkSdocQnUXtotF7enaj3Jk8hAUFFo/uCFowHcotCBwIRFXimaj7eaMdteKOIJWyW/NiZldm2GlVUjycyfwPIaBbXXAuPA3LAlrTOiu4luFVxJ4N55wSQQT1KNBmaEunM2+bbnhQsGquXKSXD7ftxQamM1ofA0BkWKDhwBle31zXYaTKQXk1cN9ef24LjuCi0i+GuWsvbiaBogipzuGa/72t3/OFqSq+1o3IANhLMeLF00X20shqBybfJCOg7Ssi3dQxEKfVwISXg8r6DZg726IYJXHR2bRh2gStztQQLAYPPC0IDtGpxu0K53Ny/DmWZmiV+90Wg5JcNGEttri3JXylKJ1I04xH6OiI8rTuGMfNRsCd70HXyrq1/EPYkLLkZqXdEm0gOR9OpAZNR2Pt3GAEuRLMzbfm5/B9yofladidqcTEAjOAgNuWIkp6vt2hRKFQ5kBGeIsdVso+95piBBhpItSW+U4zqQL1BpxOISqoKQm4wHSBUUewnDgN6DfCAZdLQiEiY9s/sDKxXSHlMBPxogFEahrjStpsdLo1ThE6JzZy2QVQEDkidC3Iby2owUBECQBeSi3YGZA2VBAgK7p2frkcH96uRjYjwhIQy3dw0eGTL1ra9lmx3Ss9dV2GAyxyaVqrYE0ojmVfgqy2cDBk2DhX4LBC4IigvLBelmGyH9st2V6PJQZZ4DLJ98PBmUFd2c0Ugwym5fRs+dlenPD6jyiDkBIDB0HhcoiQDOpYYPgSC2UloWHr6uK488sIHk/OWfuKyu31L2jDHfHSjDITjcPvy4CQs3tjpTZkECZvYDU63sfGJh7tAGC9SHyIYZ8J3AppjNZCVcXbhCoA8ky6MKkZXB/W/fGtBV9iK2CuryPRhO0QqYTAfGgIgk/gJFj2br/FCoSISBbuF/U1nLJcMdsLYRCOOZO1PwOVG3c2th1Qk2f29fFPqXyDykJWA9A/0D7OVsE4zQ8AhwDitiids782uN2W14/PpYHgBe2ILwnZpTF3zsXEn5qBOS73/wfmUJOWx4FTvoWO8Tz5gy7pbBHCc7Wj6hK34nVcPljrY2GJtS8cmpGbua2HCEcYPCCmLheleFmXSY7BOgH1jsoaFYAKQGRi3WYLcro+Vtl/uxZmSFxSBcL6JhKbYVEKZNMTWcB2WA2OAI/CJ67FxEBMZrTmKFyM2UlRT4kFYMlya2GPeaYSFSdjJtgW+uktVRzCyYgO1cm7XoiFFpLW2GH5rw/0tqRKwGggePmhOFIbgYdS46RCJ1eLTiJWLkhtbhGSuCFcgKNHguVhKi6lnTTrRKkWwvIesiyKgiXBcGabvb6ZmLRCVuMecY36PEUkBUawvVzCcGwcFxkuWCTCc+qwTgNzj8HXOv4Ax09F5NZWZg7SOQL7hgULOqEyqA8bDblfr0uS5QWkPw5LFuTLelRdDGhlLsZy+6iyXoQZVZ9xAmNtuGachMiybpAJK4Fc53Mm2qtElXRLASPgh6OG8IqKIlG9w0aBCgRFmC1KmW1ZP5jtt+XaRFzFRqD/vig0MeFIKyBVk3nZXTzvMyePSvTxVzgAgSEJD+ZfSyAxgcA5EkLfyAusCLq3YRvQKWXBEQ1SE1AcLiF4bv7CtW+D103Gz3WJYte4wqT+XrrcS4gcU0jJrB8av2DcuNCRi+eCHEH1gecLAgQUCzWV7vbTOYXVoHnfsiFUZlOm0lIAemLtQgDtwYe4pEZxdSkNB3YCIjzH0AZsUfkaOEgkgWs2hFMpMIHw3IgiQfSoKjn2zIcoH5dq4JPUTtZQdNI6i4fNbmWSJU5Z3DJrmeLcs2RfCjS1tSzLZTscEiBhYA8rDdljb0eTUjRp3XjAFYnMvuy8EqWdBn5b3z9H1BAQnmhcNQ2OGrO0H/1AlI32X/JoUiXjuRO8MCAi+VmSMsrEw+8dq8Aeb0uB8Yfj2W02ZZ5OVBAoBlJLCRRqRBGxEquy6BsABNf3dDFQmHMkDP0oKk0CyTaAVRnrHpcLGZgQ1EwtQBcKdIY2M83tQfuRFLHKchFCJ8oHf4qv8kCosVsPn8sA5OEeJZuQeX798hZYremjLIHI9ajA7VBTQiC8qFYvRAQusNKENIdMYcLmprlr0D/INwQ7Li9FmyhbXIz8SUKuuaRq/E3eGyXBUQNK0q1HrAgyIdsjFxh7N0hAuJGERAeNMxYLSUk4MONh8iDCK7F+oK8SFb5ZMyGgbe3rwsqW0noRXA+AAAxLteLq3JzdeVcFsIPdXXEF/b4frWmkKzhPsOCoTcWexJ4TLgy5JVUK+UR1HFQBr/+S3+/mgf6n54YpOSVuj70CbE+oOy1IDWJK99YuMQvJxd4OJU8QqA+4TjjiUosUZuNxmHgXz08luPjsox32zIfHssE5aUjJ8FwrGBusSEQkOOgrAHZYdbIFZpZz0l+FMnOKTUnCFUwZT4R+yGpc0dtjZkR6amO2+WQ6pArSSf2qcp5W9aWORYn+mqG3V0OlT9Kl0q3QTXrVZZFSx8BqQoGn5emC74naOvRQQICevsMwgHrAXgUhxmhblrEUsClHSEYj4+r8vD4yKQZ538gGHaXj0bFF1qIeybq5dnjmQXIbig0pxZmly3TWQOJEfEHRyIcymZ3oBvDyRlGH9kVxSkEQL4QWswRweEHlWk8EhLHlkCDIYcnXV1dc9zF6uGxvMQYvsdlOewUe1QBub4u1xAQxIdGvxA3414BOd+tVuUec91pLQZljxSB6TIqBBPszPr/uFc2Y1Rz3/inP2l00klCdKzI/GrybS4LSEVFwkHJRhJCFduV/nYmlJL+oUIpHFj68NDWMK+oqlutyv5xWQZLCMiuzMqhjNGSh7ktI2msz6Y/VNbHUtaoD5ktyhjTqDCpFIkmwLymaCigBo1BAyI1n1CtbdgTiQlSIdxcmyQIPZylKQP1A4NQZ4gMuwHS3VKtu1CXoPth8rrxQmUIe3BNJloRb3fdQxf0J8fCNY5yAcSJctuCctshC6YWproz/sBzeGARadweM4HkGLT0/cNjubu/Lw9AB9mWEz3JJAgs74VLFe1tWFg1/O7vFTImPW7ljRSCyiIS5jXUy5wIMu2UfjElyJZg0A+gBhNyNWgHVmS3XdPFYuhIV3LIuAIDlK6v5mX1+MghSve3D2W/AdlV+T4gd5g2djW/4jMxvwXaiRU0kLK71bLcrSAgiLoGBdkh3CfZCSxBQBurtLkSh4+eTlDYCEhdKPa9EmcpncRDSgwdhX8auWlWRF4F3Yij2KoqvTT1nbRSUJxVG068GloZBwy8GnRNhHAYvRpsN2U6OFJT8HbZ125IIcASLOHrllHZwxot5mWKMWsT3TtnWXDjZam4Keyc4q7mMMOmZ3OfA4HWIZAKYCmL4aUxh6NEGdvaYHCPX6MYzofSFXLq5Niq8KRpW2d2XFuKKFjH066LKljTC1C/vgfKt9uzDv3ZfFZuZrNyBZoNnpmuYZvNAhLeCK4le+6qo/0SPY7RC8wgDZnY7l3LqcAuNsMzUzmYZdhbNrY4tfKTe4XAXIoHLg27MgJxRNsm+vYqvIKApD8aafO+p80abFuM+AYkrSCECc7ptDy7vimL+bQ83D+UFx9/VB7ulgQhplMlB2EFISBgCmCtQgvCWcYhhzK4Wy6ZGoDl2B+HhJdpQWTCDV64pBqilbarjr0HH3ztJ1hRmM4dHMgYbhD8tOpOtL5CNMsObGpM4nnpPCyMaTyFiGiRpz9BS4ECwPZAYq6O8frVpmzQd9fuFWIPcLImgP8El6j4ChYCbk45UCOsAdNhIKgtCKkmarrFgBADQxHoCe9WowI1RjOKJek4EZAIPAmc8cfDbma2EShME5AK9br4hofOnVTIA+sadfeTkyggZ5NXcy1qUcYA7mSJjUPJwXpbRocDLcj1dEoBWUDbs8m3msbJldXkJSgKFaNpfATcrdUGsaA6uBCCB8OVbjWsrblMKJaCfLgbfhQAvQlQYdgQw9B7UUJQE2hbcA4rQQSLtHknh+ltiI3A0RRG246HXRkPjmQlEwDxaAwkDmHV7+9uy+2rWwrmYj4rz66v6IWgwpS90NyeKowHrB2e9+5xWe4w7QooHcoxgIJuICBqE4eUALRCiLcSDnkWYjMcyuCDr/0ka9LVswi+WBvPnDJSdaRIVloEQPZcNWUiPBUV+LjxAfaMmLfKG2Vt0QZSY6YhIGxVA1gSrX3u7lkLgvqPKfB9EBehhwZuME3rAcswIqS4QtMD0N8nszJZXJX5Yl5Gbs6AxcBzcPQaAnmW6mq2RiZMMR9CXtNlAaEFAVqUklB3KMEhlIBsaSETo1QLUpukibEqhZF2/s2CxI2SG+fmzsSCFQdI0CwkcGE2a9bsw0FB7HE1nRaU2yI5iOAdDTGUL2JK1eG2ErJqIapMN/xydsM0daaVveLz1BmEVj3csNoeyExtzmlJL2aBAa1Zg9wswLssVmPAO+LhVOQg92WHRtXpUsKx3YcyGym2CiQNhjL+Dnh3+fBQ1qsVY6NnN4g5rjVR2Ylf5FJUluzpuMMRY5zbh8dyv1yWDZ4X033hbq7RwWVfE4UQkCh5TqIiT0/uMsXog6/9/WpBEpjFgkRzCCfv+jVZoGQJzD51mxZqRmpwMVvXnkBLdwXFPWiWTGRKvKGCuR8PCNAfCPVODocyAeSIw3cU/Dccgx4/KsMpmggollge9hKQ8axMFwsOBoUFgVaAEAEpgwUhggVLYwEBxKgal8sCUhfrzMVKX9dYEHVBP53tUTV/16Mpa8jEqAufoOkiWMLdTcsJM7BDkoD1E76EktnvmTkGcnWFfgCo3SFNRkxfHsEkL43vB4HRQRa8qWQlrHKKsyyMoP4wFulbsLZWoMqbtAGiaN7G1kBsdA3XSuMEPHxPVsy17WQ2sKZLwsEzJZoyvYRrVIWyR17mLIrWxETyVq1v59MZE4BgBjCm5JxJgR8az4BCLjW/u3u4L7cPD2WJfYK1QA8vdjURHcYrIAvn+K+5V60XGAUEMUGtDKRfnOk9qe8wqpMCKfaxlV9PSFFje3TwXV/BLiMUEI3Qwtd0LgFh1Rjeu92X3cOq7MC9elySvQvhoIDALTtsy2AI1GVYRujiPlFjBmzy6rAnkgUBGc8hIHNyb8jzB9DAznkaFgrWKZEWTNJFfX0E5NzFMlM5+QHh8a6yzDCW3sVij7AwbkU+TKuflkvKpCZp8WSvqU05NiItCZx0rQVTmvQ1BtmS0qVDgvJaEBDnsJAUDlErEKu5LV4thBKD1nCx8xVYO9HplWtIkZxyO4Y4k6Ykd83kSZI0O+Gwtk5fLFqRTjjoxIm7YitmDlatAGwxF4CY6wVcJls2Klm3g4WMDYYFc06m46nKF1jRqDF08mKEUJILhrzHcl1e393RxQLthW7UBDmQQdmgo7s7SaoLTqMOpayYcus1GHzwtf+OTRtyEPpa6GxmpJ9ukg9MYD8lpuRWqf2PCqg4lxBQG9vqSEAmM1R0TRlc8Visd2V991C2dK9cXnswejUApWBfBqNjGU3RxQ+WATAdOvftyhI+NYDJ8ayMZnO5bpw5AeFAUQwahiGBNCXFSszcNiOdWoytKFOea5zfbk54VMooq36aMQMmKLkaUazlDvGor1Wep88ZUYPbggQAQOf8eoArr1yWOrkI5OtJ9+ckp4E4V2i0hhUMwRICAicmTGJ3y+ccEuZ3dPCZrwDc6QYdPcSr3I5KjAPrp79yT54kCEOL0dwQKpTKNVNhFbUyqjtNd9c1PL6tI2BA6HF/V4sJWQLh9iFxO2UlpOYtospVHRgV4MedYpzlsuTVekuX6uOXr8rt/WN5XO0K+MA4NwBtgFqxE4sFBAKR5KeQK6NbXWp88M9+Wa1H66Z0zQLSpaQXkKoh0yaeY8Z6AXF8iMVhwwcUtyAG8QwGVo4Zt9/sy+r2ngIy3GyV92CDBmhE4CBwr0pBrTm+aUHKsay2u/KIYBvxw2haRhAE+KRsXj0hFwv/ns6uaEUER6qhG6coIUhn54smIH0/JOZnTC0QkuRGZ2Q4S0DUNoZNQduUIwfeUDIZpRzz3btYEZDAkTpOLW1ENxVCCWUEAUEzb1LCx2WO0lTAkmQhoI9YKOCu1HTSUT0EdFneP7tfQvt6kA32PLTuQGmuV2GhlJPHYUDHVcxB12GXiapKgllzDcWhBkZyn7QOBfYaHGSWbBKPTJUdCziKtCBmhqPmnuRFj0VjV3vzxHRWAcigdkStToHO3T8uy+39Q/no5atyvwRSaZI6cmmIg4a4H82I0c6ZWuJ6HqJgleRj6P+f/fJPS0C8KcyiW9tIW8inYyabE2095JOJqeZH0gq5i5/zLYIA3V2CGwWUhG1C5TrgCVav7pggHCE4B6qFTPUejZ33xMWZh5tAA9DWsg8vMrWPhOtKOYymZTxdqAkdmaCqCaGQTFBJN/X4A5th13ckD6KgNtlTmW+NT3Z22VnVaNvUJgQxSTOaPnmooZZyBxq7IOW20H6ky1W5OBeQWHT2D2On+4EaNCB5Bko4fXPUfChwH7pGgntjIU4pKsyG4FyXmZooSq5z38nDFKGQN3nAaRXavIwmHGoCjd+llkJ/dULJ3VDEZjhtIievpiO90nKqxQNikaBrrLWHW0uAzgTFrmcxUCxk6R+Xq3L/8ODvZbkDMXG1LSske6lphuU4GjhpiZ+NBSpU90qrD8VLAXHzPHtuZfCNX/rp2pclh0DN01r7G7VJcRIneQF26EMtcHeQFCU6bS/0BkKkNkDiCGD/aDZxeDa78vjqlvEHqO0T7Bndhg197ckEAlXKkc2elCAEUREwHAqnVlCeo0mZzK/YxhRxB4mQRk+gZdCxjzPSbeqDZInR6yCb2syN1jwxVuunSVVyP/QtAWltf5LrSNeXZoklINGw3ATmYnoBMZYaCcmMCx80ZLbZyb0MmBS8mi9oQbAUQLW262U5oFQA7pd70RKBQhIVPCfQd+CysuZb8RjWoxJNfTAqA8BzwgXTm2BpC9DD2ZoFonJamwS5Ko45dH5a1Z76Y6lLCcufox7E4FRDECaUVRAGtGoOCJstcEVhV5Y/ZEKhrshpvL69Ky9fvy739w/lcbkuD6t9OQzRgUVpgfDyoFQ5CAh0E8dWsQykQtFNtICYKcQE8j/5uZ86IrAN+kHggRRpYdKCCL0ODMTNDGUDhZjExqHB7ijvpjAnMKcKdETTJu8Ghw2ktTsE6CsmwJAToTZEBp3jnmU5yDqHdRohBpHJJmMUlxzNyhQHZ3HFuIN0AgZZytwCZkSre2ZIyQww0mG+ktwDP+BZqxkKhTlV8YGIvIRpFTfBOy5rK4w9QXrYsVgOuRkCNaDBNRu8G15vao5GFih2QE+w2eFYni0Wwv+x6dCAW2SgN3KzwFlzq02uK9ZmvS0Pjw/8E7SN68U13c2T+o6u7jvMhwhyOFZ0Tc2kjpXMwNPeCKoBm4JyTYuF6a+eYx09oHKHFNulNSkULZSOqgXBv2KpMLv/oyezzqOqC108ByLicl1evnpdXt7elkcE5IRwcQGl2hN3iP7i3sPuPVCHtrJUF/ZLvkBt+2OLOPiH/+DH2bwapwdljXgRNmEBZAjDHcO/YfZcNQX0y61xg+PLt1SeTlYkalF8LLpoTABuSdVmERTwaxSyrLTR6F6iVm+xSvCYNKCTteboU8uRzcDaQRsAQxSTbhfk7cDNIl+LFWsaf4D3sT7ZySQJiCxb05TSXnrW1s9Wz9a+uLFpSu36CrlDilMgAGQJA0oNoEEaOvI+omKj5pyaElaAtAjkDFwYxb+Dc+ZJSSDtHY9lfjiWt68W5fp6QcWhGSCoGIQJVQkuXDAEskTK0BV/sy13d3dl+bjiTMdnN8/LdDJjoByhlUWMZm/5mmotsGPWHRnBIIXpAx46Rnx5r4muLwFh6yC7WrJczTOR5fKkMo96lkuI1lPimDEOgQVEk3OXDGB9gY7e3j2U13f35e7hsazZ4wyERDI53QJK3ec1OUu9DIQsp9xWGSgqLzwXe53W3q064z/xE+8TxQLeDMQJG4cuGM9ubsiD0SN5uHDnbiSTzkWQI0EXijrXvK8kwKJJoDUhHLQSbDW6LZvVkhsKjB8JL6YfqZHljpHsBwsHy1GMdR/3ZGQiLB2OpmUyW5TFAm7WjBaD+jnjMIwsydXpcXj31/XwegpGF0A2r6e5V6qFUdAbMiGtDBOnzrXEQuG6HG7jVqcoZYD7lriNuT0H+b32QnsgCIjLSKeDQVmUYblBS1hyp8SZStEU1/6wY905PgngwdosWUwFRs0FXLMbMJ7xGnaYlEDXr7TV6fh0cbFSTnxJQJS/aWOuc7h07TYQp8Yz1VDb/Q4ixvxKRkE4y8/pWYDY5Y5ztIF7BCMJ+PC4ErdsCZRUgzgJmUMhzQD1o4kgSqRRpwIBEdJmkNIcM1GeBFGbZY21QRojqOVXv/qT7Ky4RUJvLQG5ub4u777zTnmOxmx2sbIQWVRve69fZSJ5YBKApi49yAUJ++x/BYFg+x00ioMmhZ9JC6KwLzGfqApAI8RORdywPWBEGD4D1BMlA0FIZHaV9A6HwNWCIB5QbicdDdNPlnPKPYtPcWuroIuvXmMRujGKLah9O1eLsDcfTxQbNYcISq8kBJ5RdBCdFCTdEuRXJAhKhhWYStix7gODS6FVweIF9woaFa6Hu/jAJWXgvldDalQT4tBgxBxcrAUtCDhLM14jAhIL2SNUsR5RKCldDmWmulf1zhOGSPNWNLCejNPx2g1CNlTsOBVrEYuSisyQJxG8072ziwwUcbXalEdQ5ZWCU/6JraRgPYBYmb0LWNg18Zq76KK2BCApa8aeeChUhptixPjgW9/6ZTaOg4AgnY+D+fzZs/K5z71b3np245s+8TQa/b0DYtimxgKSzLAoFipKqoGu3Zi0aWcNMRumqd64ZeZFl2DC37AhDxXJcWlOrOIrtrKElmGprRiZ2ghtWkZAM/vqmgxW3tG8Cgs0/bL2/apuhusd2K6I/7MJrp9RxaRqo54N2nSFJyi54rB35ShYOXADFIY1F4vwpmmpkQ96AAAgAElEQVTusB7ID7C6EG6aK+wGx13BICAUCgHxEa6NDq4rCisF5PqmXGGYDJm7p/XwEZAaG1AbK46LiyWWa9+KSB57b2ljQXrBk8ZuScH+s6JIyNaO20argphE54GC6rmN6xWKq5RcJdeL/+/u7KhzIfdM4xR5DjIsCGRP9hUW3UiZdyGwqbSMUtIQWw13Ivn1X/7eh0docmS7MWkJG/fW8+flvfc+X95++y2Wpl5CJHWofGDsEvFo0j+KdsBNyHT1Zl3v07ecNy+g8XIsGOIQvDNAgE+nD3/jGsm8JO3Zeq3ykHFyrxxABpE9xl1/Jj6WynJVYivt2QEMqVXHfRIe8cvcYKEGj7S2mpLEXECdFSjxw9oKAUoP39b5JG6IcggSOvzHRmkYASFKHl3h7XJVlvf3ZbN69EiEfZlNphQSBO6wEqBlBFCA5bi6mjPwRaxCF63rcxaAplqPqpA8c9J3pEDea1MXvVOeXczG56homIHSrCkh4jY7JPX6FCynFqQohTJywhlcxzXKbo90pdnmiaMRUmtv38NIKWFbd1GRBUFOThN4ISTyyDShgMwOj6SWclLTcgrNH/zeh0dg5uBMLZePVUC++MUvlHc/9w57EynAtil1VOItrzW87iHiaESQGbUAiWsKDCHarHGwL0gBcaZXyTwnHRGrmAkLFSaI2PCgayS4NOlpa05PraenqRexUaCCBEesAv2Fc9/tbkhLxfTUiKoKSmBQWC8G3HxJXqe10eHx4Q+C51LdWM8qIK6lqNlga3wF7DYAPogk4m12WjdAzOt1eby7L/e3r8rm8ZEHivSTyaS8fvWyPNzd0k1FlV0qARHYI9hF0MvkI3NWtup8+HaY/c9mQToLIEQyQl077VWPovczggbFnTxVOriOOHxy2dQMm65rh3CREQ5gI402wLAGF20Od3puSxLoN422ZY/TsCNUfJFUMxcd0LdyVZyV6VEPSW6y/EFDVsrgd3/rWxSQzRYCsuRNw8X60R/90fL5996VgDCQdWFR1W1p7qDDkk5/QAJ4iy6USkKKG5zCFKMRRDjR6I5jChJVNyq2NqvxEhJEE0p0TUo2F6/lArPvq+ZikwqNQ8GaBKNTzh4nK5vCL14H92NdkBqRfmOhkUjks5DK1EtUGiJmGNgWpFrfM42K94jsaPSgV0E1mPQBAvxCtwradFvWqA68vycFHof9ajZlR8U//95/LB/98IcsO72+WojSkxputiiFiybgQI3b0yUzbOITLVh7OUowWm4kcQRdLG6b9k5P3v5fPDXtn0H/Lr8i5DCTqKDV1YFf98XfhbdFVoDWCu4P+XxEJoVUat/VUAObyO757p6ZhnYqkpM7j4M/m845u1DxpRjdFeJNZ3us0Xc//IDd3Xf7DQUENwUE68d+7MfKe1/4HGkVXJwuDuCiw7TVOmVbF2Yh401rSZJAkoAoHsBqAW61YVADhxNL7dVO866YcyutmtB0P2eKqMtbWXNN1EO+JOuvgY251qHmGGy96lnHNVo4cYLhx3ZSuzNkcTxiaySnsreySSrG967Hw9ZQLmdN2PmtOq46JLQ2ROoo+jyEEE6gfMyioxPMYU+6+/V8Vl59/HH593/2Z+Uvvvc9ul4LjKVzlw+W66LGAtR4WHHks2qOR+hjDn1vBaQA9NnVBeyRqNDruxijapjqphoy6WLDPulIF4oFYVpBpRAEBYe7hhgE/27UfO2xusPIAjCXZ/oTkqhkcBxUWs24g7QgrQEqKTnYE0lTK2DNMVFgD6VKDwSX/Off/jpRLGh8xCDweSMgsCCA1GomlBspqAzJlf4r9AgFvgquTZQ058f0AmPQqZ/IYbfnVl0h1vwwmIzPEU0LcpvmnYucZ0jR8FwERV1VlOxkIAd41AVK0lCAUw1REuLNfD9rQLuVPA9dQzV7TZYZQ8AWkJZxV8+luBAc0cvlyucokYjYjy6IW5RyDSkCerltkbQb4zJssKwCDj2ax00GIxZN3b56Wf79n/2f5c//438o64eHMkcWGruwXfE+OKAGZD8oUHxKdROD+QWEkAtFxUbL3lzOxFrJZaQcuyFfESUtj4TO33UkhSkstf+wehond5TYtEccCaRwwOxUwTMnQgm2x/5OwPJ1yS3RyZ3GT7NHcIakgpUwmnqop6be4kvJT7vI1EXppSzu1uA73/r6kan+wZECgmThO++8Xd7/0vvl5uaaswnRmPgWSaflqgY2rAvAJpEq30ZGR2gsj11+RPBpy07XBEr7uTPIMjaKG5RvcEDv5CQsQsPx3QWQNShtOKTGntnVYk2CqSMd4a32xk3juPhXvTWr96SDci4gRJJZ39wpjHCUuIHuzUv9RHI4j79qYhBfIPBETygk+tAB0d3+5L3YctvaJrdAxoEa3eFFyB9BWL7/n75X/sP//X+Vv/7h9+l6Xc8wFRggCxAvK5gjDhQ4Tnme1oCC6BYa8nmCb/qj8bnjLnlt6HaZGfxZBCTP0gQnPdc8n4PtAZRH0zoroNaQobRaEks8hFmcpTbhTDPs4fHgYXFWQWDEGeW026tFmc+vZHlMjwq2JC8QiULvoz0DApff/MYv0THCG1frR2q1d955p7z//n9bBQTFJy9fvSoPD4/cXEgygyfS3Huukgv86eDarag0aK1sahaCSlFbGv1QDsWdJrwRapYcTEd/h/WIoKWFqVrw2GIYJpWrpdxFz1wlSkEF6TpzMhNEo4n2DijAP+NKMn6RxdI+Nq2b1/FOOepNB52LTKw3/qAsFWKB2VSzwQk3ukqTU7RqQ4RuAI35cHZu1RMAo7FJUByQhfDX3//L8r3/9/8pP/jzPy/7zarMmVTck4ZC7xBKDZw3j0Kga1hLqp1EdsLTJtLPe1lA1FSvlWUrWdyQOV0jVY6nbmhFuOyR2CGX90EoHq5RG+8soUjrIeU9cA5VyCYXnRwrZs011hogSBUiTrFC8ZyssSxVaC+B2TG1V0AObT327oNf/QWeMXzger3kNNW33367vP/+++X62RUtCATjxUsIyAPNETKy9I/3oWVEe6qmQINrnEd3SttAn27MUE28dp01644IiDlPHWfFuiVWRf56PaQUCnc7dDAhftCpa9XcoJa8TPBfzzxjkRZn8M4Sb/hPSZKeuxdwCQjcAJlwuRnqdq/BNxJOfIOdyxkX3kiW2LLzh8fFSayovYXb47PURYW5H3KUhE6hccPD7avyw7/88/LXf/EX5fH2FRuCT4eFrYEQcwjOX6vtDxvfeWhlErP1WQI0aERBgGcKgw80f0Yr14ZoKqisaRg/v9uwPrFAHdRNwdKR7WOP1NuwASGTsxZbKBiUG7v4jg59MuKEczHwSXEoy8hZb59GFHL/pahTEh0elnNoSfpiXX71l36ultyuN0s28aKAfAkCIhcL5urVy9ekFONZEOBIAwhLlklUhKsZGJb0+ne9jmfLcYxWTw8snzcaWVZCGP4p87OGwdVVkx9KhIcXF/+n0UzMHesag0lAct77pjbtfmy8LHvNWii3cmpleP/ZONtI9H0NiEGYmk0rRN+ntudtHtjaBi1vyIGzm4WqOWp4Nr+T+4H1VD8ufT4Zy90kXQgHLNJ+vSoPr1+UV3/9V+X2o78um8c7lg+g3hsxB2fRQ1BZnYeEoflS1UJH2NODwGOgu3yG7ieI1umfdd26v5zkQrrrVLQrcYrRRXLJGFgrMMd+SUAynAixCMa2aegnfi9lreQfLTJjTqyjmlFktHcQNTZUJ2LWKElkWtcJvU0xDX75az971MARFLo/lu1u4xjkS+Xm2bXGWD2uyqtXt+Xx4ZE3hEo9CUW0sOaRy4MktlBdEAaeQJCILmUWlwO3Ou+rrWi0scygIdUsbH8YKUVBu3xwo2LS2Z1WSVokLlDlUDHE6cY5JHUZoTXYwIDesqNg35NyLeH5XX0CughKsAlCJgmLHZlGQwSKBNT4b9Q7IPuNBB82GAcWAgKcXxR9rClYqRPSJTQ2AoKjMXSoaYEVx0azvxiQGuSzbl+Vlz/8fnl4+REbYQzZFX1bRuNBmV3NWMJMRMuamQVV1tDcQbILNE5bPZqbIAQKjWsVBSe915C8rAff6xaw6W8WQ2P1aLKm4ACV9Yp2gh/QApDbpQlcuOfr6ytaD0Z1nDIld19saiQSF2RV1DNHgVaeSjMeK7vQt+mR1dwtJxjjYv3KP/lZsnlHEJDVQ1nDgrzzdvnyl79Unj9/pgGND8vyGgKCunH4zrOFfU+l+snYtKbLuc15q5aDXfV65AuhzxkS1tkMuSbJjBtZ6pR8tS2mlLATewLPmqdXwlDVdBKGDIw/jZ0sa4asLkKehmCxTgkk4zY+0ZxETgWlliN4ZtCGYDEj4QfzDgRKBD1QfDBSjOwBlpZO2aEFFH0mPlEQNluwpyxpNWM0gB6VzQ6VdOgSqcMMThuYv2h2sb5/XV794Pvl7sVfcZQEhOawXdNyLZ5dkREK2koEA3GMhvxI4eHQVYjeNR8Vmu0g38xvrG5mD/d6UdQ6qHV16ddWSJlcicyUSbN07j5KHtw7TKinkKwrdFKcThkOAOSgBa7ddEZlNr+2N2EEjmdE95CirKeFDDiOoq9kdDVjkCog42F5XD2wIdo7775TvvyVJiDg9Ny9vi/L5ZoQG6RXQ06EYtHtcJO05uNnPoc9WGpTVbHV444kT3e6zBlu+QFbIlMXqyav8QpsFclCGZklS5HX614yzUjImOqzNdBT5cyGDXiYzwT2JMZIcVBu+A2vjSYl3AVyIvrlrsthtyrH3Zo09cFhUwbA9gFHbtfSgm46Db4Qroy6emjAyeyqzBbPVXs/mZUhWhuNp+x3C8p/MttzuBR443ZdNnevy+sf/qCs716X6X7HWARdUQ4HTOdCEwMsk7vURHEwXgsE674k2dua02j1EowVXGp9LiC9ENTiKgfzvTKJtyDtnqFLad2TGfVqBILX4Nzhm4OXCCaAg6Y1xKIBjJlM0cQcfTkz+6NBzQJ2WB7L2zhT126T2nVWPBGQybA8LpuAfOXHv0wLAtbk6mFVbl/fs4Ulgk9we2DaYdI0ssq5CPuRxJKJoccLYttkFSYpSpeQ+N5D6JNUy5x2TtcJqsCEZTWRGsPFoxvuVW07mipBxwyOH6IlmU/mB3tgZHULTz75SSCeuKguMIXI3OYIFMc5Wzj2m3KgBl+V/eaRglIO6zIEjWKzKlvEfWAr0LVQYgurgGTWBB0DJ1dlOLkuQ9TXz69Yfz/kzzH/whWUHiqDgrOCLjJwsX7wF5w1/3w2KjOsFxnG27I5bunSqIKv+pM6hO47rPXv0LsO5g3tKAISuL0d9tOMu1wswdThhmmFFQtKnxCGqKPGk1OrqKbRsQUsKwAi8rRkdTRfE9Z3yD4EKLOGC3o8qMAqbpx0uOg6uplTdzAeENukwookrvyVr/3cETXiMO9LCAhg3mpBbspquS7L+1V5/frOAjLScBKP0dKDCnYVUqCepwlmFbBjPQT90oelgKj4l2bPafpAuif371VMv93UPiupVkdzdpagcaUywPMERnYG+Rx5irw+cZd6Ue2ZA5WKJPQl10syEHmJww6FYGt9b5dlv1lSUMphU8YDVAWuy/LxvqxZE4M+W+IQIR6ApkQh2Hh2XYbTZ2U0v6arNZovyhC9hqeLUsaooBxJUUGogH7tt2X16mX5q+/9f2V7+6q8vZiVK7gq1MLo8oGiOHHeRCF3fTlJgg1WrdB2jcHEmYqBDKIleN3Zbxx215ZIOboYy1w5xGYV76zxot0fE1OFqLaadQqxO0zO50gUTjRrnvysrbrsTNAQXV1n4IayWobEU+2qxD0WQxY62psviaB6DDSBCDNHBv/0a//4CIuADwLVBKzJdyEgP/4l1hDgRm5f35WXL16zaovZTPjBKKS3ayVJ7zLXmUrUuSiE1NJnN05WE3DVS/jG5e92EGqo191sb+sgPXgsCs2D3L2WUzG8F9qK4cTq/wZeThLuTELoGJ7Fnr0bKcGIr8sTQreqYOYiXCkEvNt1OWweKSBwq8p+zd+DM/X4cM/ZF6wfdwfL6UzjmyEgw+miDGbXZXb1jBZkOFuUAeaizDGDT7EJarOBnIGUiIYXq7vX5eO/+E9l+fLjcoOgdoJO8NgBUYogKDUQ5vkEjNzyDgxmc2iYARdiScHiz2WV+8pECY7pMWkslTyLaqCjzOueRdq482w55KaDjCXD9t2Lf4W+aGyCkcFEalEE0iEbHjJPIliaTelw8SRb6SfILaOj4H4VFb53T156xTpQYhHgj1/8xa8eEfTgzQjCYe4//+47BS7WzbXg3Bcfvyoff/SCMBpqC/CFVisaSeZMNruhtPHRTaPGS8msu1ZDkHZCKXetaIe5XrLE1jpJ0HUwI7kAvQ9dBaPNd1DnvFixwM8ODk8EGG39T92KBHJxRSK4PBhGgHSLOk3krCEghxDs1mWEzpAQmO2qHNZL/onMNgLm3VrBORjUq8clBUSWoBS4EldsyI2O9VM0FCuLZ2+V2dUNBWYEd+vqWRnNrst+MGJzZsXq+vzt8qE8vvq4rF69KIP1I2etzNAHAMK6h6UC5VuNJ/KMafHEfAJreHSiRRt3si8lqZ4/r+bbhks8jTeMZp0ueDRCscTfkwbUZzaiZCp/SCPxJF7OUWF9kWBdWAixfiHcQLNGZY4ya6yPS+xEU0dz8bVLqNUwUGkWzTvBpypYN8nRqFJGYWR+u0KEYxn8wi/8oyNqBZDcQr4DWg0C8uN/78vlaoFg/FBevbCAoLP41YKLgmCejErnGNTbF1nNPuyW9pXGTca9V9Huv1TrA1qvpea2JJPupGAUEcllcrJqrYk3S5oiViQuV0v+MVcS183Xg5snARHmXmONM+sh9NPzJKqwilJCxUnLgSbTm7JfPTI4Pu5W1Oxwf1Aeq1nmEBDkmJay3Kh1sHsFFxZTk1hCDKwfdRzXz8v86qaM56i9vy7jq2eMS/bDCTtMclAme5ShwfS2HNaP5XB3Wx5ffVS2D7fluHooowMaguPASkDw+liKVFrKCuxrEwPGGqnd4ClXAq55DPSpBfB3NR6xuhCQyjWjkBhm5WiFalQoT1C4+Dxm0EFjQpITg5HcgBtvIBIKehPGWy+uiPphz2rbUAAeA3G3WHuOrpr09wTYKPdhF79jKZMyReo7mg/KPWMe5ud//meOaAaA8lWMxYKAvPe5d8tXfvxLFBBwYZADefHxC5quWBu0eITEJ1utFpbKHlPzODCL3jh3S6qPyydJHiW06iZEom107lYvXy4f66/Vf05cAPFK8i1B6QErWghS3W0NLeT83DMBwXOFBMnDw2ZjrnfBo+zQ5RD19RuiSNvVsgyO24KsBpsPwbVCIG3e2xLU9RVyIRseJFDUYaUxOYnUiPGoHFndhu6RszKcXdOCjGY3/PM4wfjrSRngT7glzHmgQ8yujNarcv/ir8rdR39VlrAm2025mmKPUICkeKNaP/j1Ts7xOogXjTwxSemkZeI6QsSV/GkByQClriCsUVlE1yek0WvvCsm48QUThahBwjoj54ZOLIWuP3lV6GqPmZSLa58EtzcFgIeGgphctdu4KnBWphMQE9HNE1QT9YXGvePZkePLd5rGhX9WGeMQEFgQeGlAqUB9oIB85UtlsZjyAne39+Xjj19yATGPARpktV5pvkXNUqu1Zf8lluTpD3OAc3ip7c3wbefRbNuOrdu7MtrU0CCaW/QkGE9zggR9hniZt4kF8U1TOFJbUB1wBZ1xsXL9NLIm6kQESigKf4+EH2KPzbKsHl4z7kBrf3aiYUXgpmzXjyyHRYAMAYEFIckO3eRHI05MumITiin7DZfxmBOb2NQMFJYxXC+gWVeKRRCTIDaxpuXUrsO2zI7ofXxb7l98VB5fvmDScAE/nTGIZrfgC3sgYTfU6mbarehICUmih55zyP3L3ldOU9oaPa2YxNJAQJJfUb155xWQpOkhRGRWyh3T/Smbvri6KovrK7WZRbd29jZTCI5LswbkcCw377xdZpw89axcw/LOF+zoovZWUnr4LCTFQZ8CQ0RKasvBPkzAhqN2UUA+/7nyla+8zyZl2LhbCsgLSh2kV4jXUvUWGfjpASbSEA6ISAwTTyaVZVVAKsbeZo6f8J3s24fOHsHr3bWMkz6xRl3wGFdLsLMIUP3PTpw9JvYa2ZHbQ+EQRJnNIvcJtRbomGFu0w5zFsd6P9sZISB/vC27x/ty3G/KdKy5gmjIDbcq2XOsFdYRXDdQenBIJSDXJIpi7iI71o+nmj2OugYoBrgBjEWuy+jqmm4XIF82SePc+TWz51foKPhwW+5efFRWr1+hm1wZ0cLBlUUMAs6SDiBl2zM/5CqhvZJKVRF7hkqk+Ybu0liRKHdfdMMKKZSUX0coGoqUmg/uSTXlo1q9yjklJo6CwwaFBKv6/7f2JkySZtd12M2qXGuv6p5eZnpmACnksBk2w7JpbtgIUArKIYVtLbTCBh1awr/ZpkUSIoCZ6b27tszKPR3nnHvee5lVDYJhN1BR012V2/e9u5177rlooDKtt0ADFoLyuqgf1x8O4+jkOB5//nl0h8MY9GEYQ6ZjuF+koMjTFiFxLkJaAtnTzDrKDGzjwj3BqAdTrDaCQIrms8cX8f00ENw4qNe9yyL99PSUb3IymVQliUxJPOPBrUykwItavMutoffJzjTer+cKWDekV6oRI6fW7emz3yGvVwetdqNHi7CAil5SL6db/p7oi+iB94fAHBYdRcQi7ZFFi2iLOWmkK0JgoJm7is0MBnLD7+g39PAzNqgWKee/0Mao1YrXEV+M3qmCCFUZzOQMR9qahdXFrDHgbDjIA8HuUXSHR7GPwh3UH6RZEK2g3hhSuqCB3H58Hx9fv4rp9WV0ZjMaCfYbKlpghDUNBHJbRKtS0R+HnXvPhXCR+UFPrs23nOAr6bSij2gfolcSLeK9qoiYiKx1KErj16Is4QspklJYQbesCaCP1e/TQLjciUxP7X/huj0uLtuP0cFhnJ6dx+nFeQyOjzhuvW/SKD5k1iJuJZifJTZAUu5zTTjQWu1/WatIH42Q56EGQcd3ec9ALq+u483b9yyEQGRE8TgZj6UdlFHEVAQcTA7nsGDX4hrQATy6q6539kkKXVoeipT0YiAtGaCuniakm3sBtcdEd+khA7GRtL2TxBj5++2UpGsQPxdfh3WLo31CnagToC2cS4DgfSTDj8Jwj1Gis7iLvfkkOuh5IJemUB5E3qTWAScESjauN4wDCzZhaK5voGF1Al2ywwOCINyIBHyfu/4wa9+P3vAoejCO4WFsMFsNT9kD2CKSHFQJkU69ffltvPr1r2J69TH2FwvuoMcKN+4WBEqU22Xh46R9BfqK6hMWvtjnQUQpp/dSmBv3ichP1ik2EDX9JGbuyFTKvywDVYMkPE6ioY1D6SwMBE5oMAQvDWAFPp8cLmsgvgep+ONnMA4IBw7oULBdSrKyEJJDaqjeoFIxrKWD8WFTFVdmJBqJu2c+oSDjFHMwiuUi3TVIiSDzeVxeXsWbt+/owc4vLhj6kbuJoy/kyhdKBtInl0jog4ZYIA4nbVY1DY1qEVYsm4FEL1BdUjvgMj4e3bzwTuG8uPg3G4gS2Yw2yeY1fFMEGIpqcbKDOViVCuiZYXGIZ7Fk8QgDIWRIJRZ0duFBIcI0j+4Km7Km0QEFAsLM+XMwfbgoFAXiYkYtWUaQu7uYpoHgs8NATk+OqU+GAwENMHhLvEWsUEaK1RsdRf/gODrDEZGsfaQTQ9QhmjjEimQs2Xnz7Tfx3a/+c4w/fog+YHooNULtPBesdsAN45yFmrhAsAA5Szcshfr4GYXeUesY+lPYfeiapYk6klLVrhQ5LWvqyvlXEEX3l+cGDgPCFDnMhpQKUQONQRI3AVSwEQ3OoJT7QSnREJQiC9Ks28k4bm9vmDpOsXZjOmddgWlFRCo8HkaE84taGmksngPRCaqcMEKu7WNKpnPNPggiCAwE6ZRRLHCxhoMuQ40NBAXQxaMLPiFkLb26zZGCe/2wRrgLoWRYubq89EhQv6P4Q4VgVcQ/bCB4gxkbkotz30DURzFlwUhXKh82k4NOBRQx8vcpGdPRWCX+l1BgqXW4MsCQr7yyVsph4aQMhAxYU79zpcIG+f/iLvYXk+iwKSjdWe46ySIVJDtca+yzIMw7nXHxC64Vbgpu3snxEQ1EAgVaxgkxuNu7aSzWe9EdHET/6Di6w4NYdHpMvUhFQdqxBvi1F0eDfly+fRuvvv11jD++j8FqHSfYqw4DyWgBA9FeEEsWrTiJBxKk1PlV+BomxX0Beon3I/5U1df13kJHYTlOQclZAjYUE49JpDgDtJlzxkOqJep9uGYkqJ9pFTYQYOQC1wbUnMvra55HFNo0czRqsTWXvY+6EIridDnT4mboYCQV0fPHj+Li8eM4P3/EiARHw4GrtgZBYYJL9/zpk/j6e19FH/s4Npt4/fpNvH33nrsfQEOBzCfeEI4WyWNYkJgcfnygIfZ15JosplhABjLHxofk8sSSv2ohi8JbdsVz5XI1kNrNbmFczUzL4DylodCuCFNgXmdJpg9k6kQPl3lwC8EVIIEbl+QFRcnQrAKwfIDPRFdylgI3ZbWARM00YjqOzuw2ehzMoa58JtpKazgvjQJ/DkOZ8zsKQgpkrNeE0sFigKYu6hDcRJxRGNAU+TEa9WD29rFdSzwtGAqbiqwHs57CmjpsWvr4kQNUm8k4BkixABpwHgRvXuJ+OOyYBRpPJxo4UuIqLy/6JBvBPLDZUsJtlCJ6Orm8RrqsdQGpniMbhIle0Tkmnw9RhBukmFqBT4UZc+kxO3VPSQelmQk5c+GNazMLqaOxCCDByj1kZmo+xwwAGJGnDnM6WhGq1ydKdnx8Eicnp3F4eCwDcQRB2oRr9vnzZ/H11y8CixTxBl++eh1v331guMc47vAABnKraLDhqjgAACAASURBVNHHJtkaKWwgKtIbtACwJtXntY6ghFdrIxlOzQOudW6+SS4E8l8SrhWKlbPrDblu10js0TzLYMNw3ZJvZgvOpYGlgVg1kkYCr0KCZK5cs4FwnHVJavlmdhud2Tj63nkhpt6WlA3Sk9kUsCIMBOuZP2UgQ6YFhGEh2rxYEtEimtVDsY6mofoigIPBzaL0Eb5jC9cUcPM45uObWN3g65INQ6bC/ZzRoebxgnMp44kcH/4QfUxhBK2SyBXemsTgMP4aJMO8h1ZCrNBJo5rfaPhyNCExfdUGG66ApqJ/s1HYLK1S3xr44SYoCJknCTLPiUEBACJUnzTokoCQqFGZ5rHeRR2qugfX1IW5mqHaH3/PQPDEnz9/Gl9/70uuH8BFevXqTbz7AAPpsgZBigVhZLh8rFRTBHH6gQiyrRpBj8ldFdgNohxvN4KUOqOJAK0XKw8w/EvvklrwZo6kkRTNq50o8ikDYcGepD1RjTIKPWAgSJnI2ufqsBx+Ygcd8KpoJDEbR2c+jh4ahkhfWgNh8Yi0RSsKGEUWc9YgjiC4vijS4bhQSOJLuboMBNAmOb/dAYv0fXC0hgex2e9pZgQ1SdYi0NEiERKKNbfXMf3wNhaTW0VCQrZgIiASYJc6DFXigRWaV7SRJnFSNWgg2j68BvnRfA6TRwuDN/chpvwT1Wj4eiLHUluA90wNUs5qpOaZa0RGjtTeYn3F1K6OyPK9Jj9MDk87GzXa4MhRAR9nFUyfyQhQrTRj+qz7wU3A6bA7P/zhP96gnQ8UCykWwu4XiCDf+5IarriZr16/iQ8fLrmj/OL8EcM+DQTCypCXSQOBdipeDDPrllURdQBwqAwEDRvtLt+VwZeKXMsMtlEYYvXf3dPgMYWRNAGG2lFpGO6aFmM0szNTK6cLjGZah6RfTcgWm3qVYlkvVhcfN8UGAsY8GmBA/8BjAzExZkCwJoG9qsxieIc1H8L+AuenMeSkRiMPPReLqk6Duj7YDUBa0P3FF/6wnmN6ho2y4Gb0o0MKPAzkMDbUJkYBLV4cofQUzUYHf3M3jtnluxhffozb8S13PeKzJTWQaQf0mUU3sYAf8n3cTzk1j0zD86JuAa9LCpoWQtCMDtc8mIpOPTSptmj3oqBiQOW6V0a1RBEpfwqRVNQgxZr8H8siz7IXgn4Bi5hFOK1qmNd+LSGmQk1xDrASnCv6uC03FSTxeW0gyDFBVkTx+cUXz5liwaJxU16+fM1FJbhI52cXbMhMIFPKZSfirtAIptqHbsYvD14aiLwjIgi23GpfRwnjye+ngRRuV8XZP2UgVA4pUqC6rKoNtqVhdg2kECxdg/CNtAai9IoGxJRbB5s0Dk7bYRFQMsEov7OWhi4m27BCYjGJvSU66EyEVINsRRE14JAyQfmPhbCX66xWLFBHw74cDVdZy6F4XlsGEjSIDmZD0DCkgYB2ojV02k1lSW5dKXTXUR+NLz/E5dUV1weA2EeaBTvLS9GNcqIQDgaav+JD5QASZi+ydAMwjNQM475APxlJKDottX5C3BCsQy+j14sBF6v2o4+9ktwBnwIVvO+CmJ1OlTowOXUiHecOE1Pp2XF3nSTnxtomCwuJg2ThSQavB+tUV4rWK1RVFHdt5KW2AYv7jgwEbxooFhAVfJgXnz+Pr75+wRuLg//dt6/Ix8KNQh8EIZ+IAddgq3BDioWC0wbiGkIUBqUT+G/qoe73Swe17bK7R+ED7oP9kIFozFe5LC9TdnU/ZSC88MlOdY1SahA8lv2t1Ef0HP2ugeTKZRLugNcjr1b1TAoJoGykWOh/dNfTHQNJKnwKWHP9GxTHM5pwEImpiZAsrDnwjAMbZPkH1xmQJqDfDXJyMH77B7E/OuR38LIAIaw3PtDq8Pf2sQh0E931IlYzESRNsYCRknqB7cF3k7i+vmZdhLODuoCIZBbHrL/YMATyh3RxTuQTBT6MhA6EonZwDpsYDLRODcYOCj8UH7uGUM0Epyevo7mMVHB2ZZdhahaX1onupVkO2k5bB7VQP6xSF0COSSkWzoaVH2kHbo6mo0T9tpYeVJ6tjCAyENBHplS7ePHi8/jqqy+I4cPzv/zudTGQkxNwW4a8gOysJuVdNYiNQBBvSaOQO88gAIaIoxTLmkrunyh+S6vKCNRDBuJDrVHaRr9ox0BsZE6j+DrNjNnWa9hAcgOsxbaZYuUMi6bYANfm4H9ODbLHwYWamesvQPPAfPiCBiKUi76tpFlaQ6zGomnWQoq0dx6ZM1cdoCdE7pPYs7jZjDZpIEayAiQ89ET6B6xLkGZhYIhqham51UdKA9khkBjzPVGWE1GRDTREHIgHzuLDhw9xc3NNJ4hdh6DlkwLPw5/8cVq3ZsHh+bmEk6apbbXa277hyoUDREPuHQRhEABC6pExZdObQaxr749nS3UGlFyxaMamsWYmRPc1ARA2LjtcB65gJqq9akYIY1fUriRrlqnide6R44VIwnsjNq8jSBpIrxtfvviCBoIDAQN59e1rijagBjlOA0HOzENI5ES7q2EEihIyEIU3pAYynt9kIHhcmxNu1QeFBenmkxe1KHoUznbysEhdLkodeTwbAynhu6HF84lS3Y/Xkcaasok5E815clO2qW6omgQGsuJstMZr91bz6Aao5SvK/OCPvgkuZg2Cg5lUHPV4syZjehOUGOVkXZMnqxaCkaC7vY4lbmR3wAGqDuFeDVHBSBBBYAAUpetojRkX7qyX3BGJ1+Z+DjoFGIjoM4Cf8RnBngWRcjIBkQ+CgnPN1+feDhkDoghSLuh9hQwQTUIruWT/B//Gtc75mTwQoYCgiy2NrVpM8meF65X1DVOkTLW8Gcx1Sc6scMIFizo5G6NpSQl4J70+O/3qAyHyaF0eRQfRrWc6y63zrYGgCMRE4ZSW/iUiyNcvuLEIxTUiCAwEhRWpxtBzgqdD44aKITIQRxDuCS9q26pDyFYtEQQC1mpWlRRLgxaldyEoWDlmyxLW4U4mbyncthm9+B0uIm34Qp+MIB6jTQqRSsDsAGcE8UKgWoxmDcKNvIB2kV7NOOfBRuEaXCjsesfC0oZy0XxeUs33tFPQNAi+Ry7lVGrDCTnzyFibKV1FZEAhucLnx75wzKeDvEhE6zD2eyOmCFA+AfKFZpnkRhHE4Kg0KEUtKMqHgs8kYWtENtaVQLawlg/gAdZNM9JooIsGkUmIKOyIGNnz2SzoJAAvg8nMyUr2gxBZUk4jJxZLqhtK0Suvx8aRXK6SYNadLR7n4nlg01dxRplysgKSHaEoIkNxNBJ6hex4qUVK5HdlBOHIrtLfzg9/9HsboCa4UUCxgJx8/eWLePHl55SlQchFkX51dUsrAxUb/BdcVLT9NQYJjF4NMHrLbCjJAVgtD11XQPXiaNnxK8UypdxUEuS4KOSlseXCLTuJaUQyEoXD7UlAp09k51o9MCOIXrdSVoRSGVGzXD8OdR0ptbfh+6DGlRb8aGW1DsRyehdr1GCYJISXxqEhGpbRKFMsfZZMJlKH1w6A6TIPojl54ovhIBc6PUoeGAgMBe8bjiRn1GkcQLT6MhBoZ0FsDgbC684ZD2ndunjVtdc1gJAF/Cnrypyo0yrvooaV+1ygB5zbiGls2Dm55GeHUSyhjgO5ocWURoF0i5HGaWaagoUU4PBIB2n+lKlDp6i5EoHORGVFIUIq0uQKPI/qZk1C27ATKoRXFexMcLzXhaxNkTBR5GstNCYKf/yHm4ODEUPq7c016Q3f//qreP78aSyXEBWYxavXb7lNFAcS0QNcGHroHHd0FBCTsx5yh0gXyLrx7XShfrfUIWqlZxEoA6ETKLRzL4zMSEPExjMFlbtFAyHlXpKT+COaixUDa7ddDFOsZhOyhPdC6DYhSKY+iaDoeUhr4ygtmLugk6znd7G4u40APXqpLb5IN7iohvcOh8nbslIrcR9eSilFmYvwzTddnD4bG30RbVBsp1wo4EgYCQ4BnE1/GD0W6SnoAGWPNBCgWS6KGQn31L9AypGpvSL0WrAo3xKcnsX3sgdRjm/OdezB0DZzsQU2kjaCYSymt7GejsUo3qzZ1WYULduL28VtiSTRsdsRykp42XKAzU7N9lNTr3aJjzi5vMtcdaAqo12HRxDEcSoRfT4n5+VcnMP96Yu5xI9/8kcbNKYW8ykLM1Acvv/11zQQQJfju0m8evU2rm0gw2GGYChJ1PXKNVUwzaBqqfrN8oOWEdw6E2xOli8Aa5uMMvrA8rr1AunwS9jKCip11NePbw3E2L7Ic9VAsoIrRED8HtXSuUQzgYZEgZUKCb7Egcd+jk56zc3dLSNJZ7XkbnMVqypUO3vK3+zj9Jr2egnNZBTjTeS5EemPBlK2hOT7AUXDBgIkiwNTgHsl8oCvdQc8OiZr0c2IzsOPhYdMdXKs1EuDiqypdoKQ0pE0E8+n29EpZYJ8HYwAMO88VvNxLKeTWLEHhHl8pJiKHinlXTTQiBWWciPHX3M4Src567aSZnjsuuDL9Szkf7k/wrQRvRmcm3S+bis6E2G928io511KRDTrWisr2kDmszsyIXcNZDK9Yw1yfTtmhV8Fg616J8auB6IYJRotXBloYtTZFVX31Ic092jnwsby76QjpJhwI30pRE4RxGiDPPD/BwNJlBcRhKjPbzQQGQl6Hx3k8zgcmPvA/Pn8jgaC4l0dGuXdUFMkIdAum/tC6KrTgdU0j0aovCBvcjUQTz0ip8bKMpCHMTwEA6FWFmSBnGLt9YqBIMUS6Q/QcG4ibgwkaUza6Yj8u2iLuXC2QLXSPxgvlm33IUK3msYSoufTsVRbaBwAKRC7YJ4G43UMM1jov3LdhEqDbBJ6utSpsC3JGgPFNGqkcafdEQPKLeyRpoHoHFUdMKVp7q43DiojqFueTPCVYh3EfD6N8e1NHB0eMMV6hggCXHw2ZQ1yczthIUcOfRLiJAu5bSDO7/3dn8cWLuexTVtvoV4X4dxElVXIluWX+gEUaKdXGsjfikAoOr3yzY2lPHT3IgipFhKMwOGjubURJFVrJJqWfpU4ogxkM7+L1d2YOTfmvrnOmo1EpDNAdsANMt07PWYyizOZEFzvvJlqI1VJZOV95DkWjPeI90o9BNAv0kA6HKKCfhb6Id1YLGCSug4ccNqDbA8Y17ggjiBGkFJwm5ubUp0y6eqadVcTkMLPSCEhxh1ojt7FcibjwLVAx56RBbYLQ8oIInewayDpPJuU0mMO9PIFxXIqahSzsZJMAd2IVe0g6VQYiB009YYdbTKVbacZleVoFFvj2Lle74c/+oMN6NVAKsZjGcjXX34Zz559xsIbPCFEEBoIaMbFQIDVq8MrNq6GZNoIoghZVSTa0Cb0QYokJf1xDZLcf324/Cq6r6pRGEGUwGTds1ODsIaoi3aUHtQ0rfZBFO53DYQwsSVVS4fWqZ74VYwg8FY0ECiYzEg1QW8EP+egFBghMBAJpaf6vQXY6owKb067ATfdOot0FtdI64DlZ86cBrLCwceGJaRXwwPWIjSQ/V4saSBm4cKhwEAWaSBS/KB2LucAtFKhrT/KjhdCu5WkiVIedUcsoRYptGq1RPREyoXUC1+wR61+M4PL0K2zqOI0eU5MbPQQXILfxUh8vCsU3Dpf0YQE2aoG8aqGzF8crWiMEj73BgGbbjEQRpLUxYKBIIIA54aIGQzkqxcv4ulTGIho2TSQMQwEu91EO8CLCA68byBtFOEhz+LIBqLttA1KtKPb2nbSa7FYqypHADcKZZjbBiLj2DGQ3xBBKuSZ5O40EBm48DT9jrSa6A2B3KzmzLkhswMpUcC8ATQPQg72oHsyEKi7ExRIT5o6cckzSrX6nOEvmztShZLzC9QylrgEG/iAIlErYGhtMGQ3vTs6opHEXj/EWhcvSw7lvoF43JUa8Yw0kt7JXrVqISJWidwxvZI6y3J6y+i5XGI/O+RUl4Gtf+yHwH2xR1JVBexAuckpfbsyqN1ivRpDjSI7uVUbRMxCyGd1PcwOOyPxFoIsp53OSBFcYx2iLSXdBP8NKLgYyGIek8ltHB8exldfvognTx+TOoGh9pcv38TNWCINiCBuAnJzExezSAXCcNvDBqJLUthBzil9Lgoj1CiWUiaGvCKlWr2KcmoLVdPcmmk1keN2DUTSmfeLdDbSmdfnOjKkB974RIpFzmtnv0d1ECIIvOiCadVmIQNZg3OGfggaqaRd47kS8uV8dmsg+jyWVRVc5iiXUSaxGV5fGEgyYAHNIurhVVboR6GbPjqkoBxGcWEgaC1sNh4aYpeQGriG3wEB20C44NoGkk00gxFMujg6vNpC7+aTa4niIc1cz4nqkc6CpuF2fG/SJd1TRMVqJnaDOiG1gt+JFvaRvAHVYTo9Lc/nUeBcB+0auJid6BFNBDFDGPVXNRD2oFCks/FHlb8xadZff/UlN9xCzAw1yKuXb+J2AgPBnLANRJAvPox2OsBbuL9R+xJCfpwqWVVPh9nFfFuDOC0r8yCljyEo0H9EJGxRjfswr3cnOor9VgaS++s4MVjoMtmAwvHi1GRmqMhrqaI4l7zoYqamIUThoCBCSjy6zIJ9JXVjb6kmqQD9BBxKMwvvWAaiTq867x1AsYSORbOhgaAGBH5vAzk85iiuDQQddYkXyECgiaUUG510cQvJK0RkQu+J8/7ZD2JatSTnbB+PY8TECPEiAsLb4xvqDCOSgpfF1IoGosKcCbBn+5uDr7RRp8IIp897bQ1sRww3U4tiI4GPrDF8xtznSE4dFwbl/mGBAhms5HmTvZANRqbwCVBYbgpMBhvIYjGL6d0kTo+Pi4HMISowvUsDmbIxqOUu+vgS9RKT91MG4svAC+FtruntP2UguzwpNeq2DYRRilQMo1fbKJb6GKnL+xv7IAKU2KHmiWmKdK/tyhpEMjgr2SlrEKVYaJCxWF/AUBaxuBOygwOjdWsrwZ1EtFLlI5nSCqvJDGAR7oPRGAj29fG9WREkDQTHPQ2EKNbwkGO4MJDNfl+8wS0DwZNjWEoGAUIfCcpML2Qgvq4qThAxVtGFAcBAwL1KSj8Qu+X4Bj3wpP4jWiYgkQgek5fcyZJWKaPPW8lhpbyWZSVBU3O0DAojT3JN6OdkRuIad6vbmsRUTkta2DQvrBHmXQPBe0JEzSKdiSHOF1Is0NPBu8KWW8xCowbBCmi8aSzwfPP6XYwnU8K8mAPWnAUkWXoimVkpPHscVh1pLRwwG2euM5S3UHDbQ2GyRMpJcrm8SKq5Wn6sI4h+VAECP167S6qXcQd7G8VySpOUloRZ5fnEhVIE0kHieKlpkmwWyrOie764u4vZ+DYWLNixAwSGgQiSBwffyaA3aU4elmSNDPmp3FQIjvCCS2hYsYFpPlGtQeag8eCaQsTg5CyGJ6eEeqHZ24k+i3QW9ynBw6YlDyZWBGQU4YGFkapmw/2lCAW0hNHw66yjh89JtXo4AjCW57GeTliPwOi5GAhgRA6SCV9UxuDmseZ9cAit35YGgtcn1WQ3ahRiiLOn8gs1mTDgUVMuQeSKT3KuaiE6lVHwqkNU1utoDYQ1LVKsH/zw95ligUKBJZ6IIOBiPXp8QW92dXMdb9+8j/HdjMJkfTSlioFIat7qg65DXBSacEhhBnRbc62aheXanzsNcv3iJZisM5oQWn9el/b81gbSdNJtJE5lCtxKcpsudqFbJ+dLEKKCdpZ2pFlwhBVyOVAnubkmzUIGgsMlAh+2zfI7HZNURfynNZAioE34EpwrzIoItiwjpC7SISIOYiHeTXcQo9PzaiBErwaaDaFMlZnJS++tVsc498nAQAie0EBQxGK+Hir08+hhdRyiJWusOzVEsXoAKpIZQQhn0zg0L0I+pMKjDCSlnmggPJ+Zels7LhEL32s7JaWZdYj3nhEl7F6upVKNjFRJgU9MS/+ofyNvIGWjnK4yaBaYNw3EEQRIxWw2pdwM2LyPLs7JU7mGgbz98FsZCDvApQFY0xu8IQ73p5q4DWTbu7colXav8yLlJ28vXDncWYOof/BbRJBPGIgw94QXWQekAaSQtYCCXM+FaElYEh1iXtosXlfU4YWBMIKAnMmegFMPQJ4u2sUB0vnRAWI5kg0sf3AYiOQ0PcVomrjgbRxwNMtRqGN4igZyfEZROXQpOnsAUTRaoEglWZ9SpFvONPs8dD4mV1IJHmLbopPsg8kLpG4GzpkaouBRcJ0c6gEbSMr8tAbiKdESQbKTrqw5LckOvskUDM7kRo/iKFsj8ZrTndgjYKeNIGW3iQyEaCBXainOUVWSWWz2QegsOmoUOsWCgZydnjDFOr84jfVyFde3N/EuDQSNQkjyq3hVJ90RRBa/fUi3UywVpcpLa5FOo27EjhUhnGLpAD0UQXQzc+dIk2K1BnovxdrhYun9VTatKeekkTiCJFpGWJWSnbolXuVM2gXRnRUJi3e317FEBDGzFwbEFAsRRPMhiCRMA/I68GbaQMwISMV7OBbcPN661AqTmWgKDtFjiaK921OKVQxEEYQGkjUfLhMMjp9b07hiviasq2snpUUcfBTo2HnYKVC21jisZ1OmlQPqESu10u4/1W8aKEv750H0jpZMsYqBNPCuWQWl35VDmOZJZQ37YARpwa7GwATxmgGcESv/znmTIjyYSzyzJ6SpwjSQn/zJH9NAgGLN53dxfnpGmPf8/JQz1pg6e/sWKdaUdOD7BqIYaWtvU6DWQFgI2kB2hqLuG4jUE32JXeD74rQRRD9zKN+OYO631FRmm6zYGgi9HBtmybVKQ+ZzZFqwfNBAUBsgxVqzMJ/e3sZiOmE/ZDWFsuKSKQpSEXXUhWZhyCiXJGbjSth8ocyUNQRK6WiWiAQo1PMo2kBQbxQDOTqliBwVGPeGFHAw1q/PYZpLirZl36XC3zAQ1Uw0EqwiwG4TsJXnU83cI70CEZFij9mu5e+77oAxm9quBqSMUvy8SrfStjFFTDw6Ua3ko9kxmtTZZhRb9/R+71DCE8VAMpq0lKUHDIQ1mbMWNwptIECxIMn/6PycKNbZ2TElNUFWdJHORiGU7HIYipHEl2XrkOqCbBmImbLNiq122s8Xw4/zY1t50b+PgTAK7WyksiRma8Seg2bax3pKBoI/7ACnErz6DuBF5ZRKoszs5yf1ewUxuPEtFUSgpL7E3D5XH+AQQcABRiIIFK9LYYVCaxA2b4UvpqWoAzpYRaDxUnIc6RGcYkEfSzgSuumDk9MY0kCGTLGi04w3Z31B+gX7AOlZgco1mlKaNkTUEwMAhfl8chuL8a2Kc47Tytj7OZooAYvMDpCwpJPBNQSF3jvjgTr6j7s8LHR5djQ2oUxEB1pjyHJ+JfvchXZp8JYWrR0UG5ObnnV9nGuQCvMq5sGB/wYDgSYSivTHFxfxva+/jNOzEzYKAfO+fvU2bidYd9AaiKQcHzIQDjgmYbENcYgUpB7kqoC/y0B0eLwMtK1RLKggnSMrjyuld3/lIQOxDGbbgxGJbddAmGLhyb0qAUtqiGAJw/eQDpuBye7l3o/JmOgO0hDI66w5XQiPDAPxWKoKydaz6i7fNxAoYJWmGhi3yWVT9t/h0BQiSED07ASy/yfcFWID2UMEoXykCnB0h20gitwYKZDfVPonHhjEEwEwALpGXbUc3xLKFs1fw1HdLtKUjBx74p9lRaWGJ3P9hw3EKNPfaSA86b+9gdRcoqEo0dh20K68js4+WNMJSU/qu2Zx2AdBigUDQYr1+NGj+P73vo7T0+NwHwQGghQLwr9OsXAr2whiK9ch3Y4g+DcLHTN3z2Ekp1E2Ih/wijBlDSK/Ihp4Pr8bhU6/2p2GMs77BpIncKdJed9AtFq6olju5qMGcQSR7WR6QfrFhsjVfDKWBtX0jp53vdB+EPVE4OtFhedMCd+nlf8S7XEuztFc6F/RRCThmTCvnRJHlRBBoDc1GMbByXn0D4+JaOGVOh3QgnpMHflOoUwCMiJ7hjk3wQgigQWmVvub6O11GB2QOmJVw/jqY6wm2FAFkqJME+8fiYTYAoi0aSD0Y5IBEvFT9erWPc0w4jYhr0bTBHYESfJ3qW0Lh2urkN8CdPnMOiPqjufJKXBvCWEV7EqqiWpoEkDLTsxwkd6jsNtiMY3PHj+WgZwcUyMJwsqvX79lHwTSjNBE9cFWp9qM2sqSaPsgRE+86io1mLxh6DdFEP+Mj29CqC5AcqxSkNr1z/0IYm/pgKurV6OM4NaCangmI5fWU3s3Px+uJ8IwZsGxIlhgg3NuzT1wOc7dhEU60qvZ5Ib0E4g3YMJQyZAL2jVFGXh4suhm6mfzyV0bhHkzMyYErA8gBkPONqKb3ofC+elF9EEz2R/EEsa0B7G3nkMeVRepqZt5NqV6KLUjA4FxIAuCMnwfu2aWM/Z1bj6+JxmzX2Q9hSqojs0IQn6argf9sBfQNGslfE/LIXW3YqsQ10+30y0VGZ8yEP1urWdckhQENNGs+rpJMylJiUZshVTW3ktGkD/cQF5mjqJyuYinTz5jDQLS4gJiybdjCsdBaBkrwCD8RkwbyVXeYEcPylTm/g4r1ulnxqNTFr/RvxIpJvPCws/STPn2B9THE56fo7TN73iTFYmEzWw707TaC9RzJHxr4600BrZTlcYwytX1bzYQdLSRYtUlMDI+rnzEplgoo2O92uQ2plAwnN3FHunfairyi7PqiRax9qmH3otJmfrgtZJqwjohKRREWRAJQBeBP9/r0jCQYkH1nTQTGBMVFhFBYIjm1ApaZSqRCJlUSdZUHEGKNYTKIRuftzG9vY676ys2BrHnBJFFpYe20pp2w8yARMokOrZoUTPesHVIfbBzIK2tIAowkzq8vvuOCaWG8ZhA4X3LATpyFNe4U8iLrOgTZgPREouSKOJz/slP/3gDGUbQ3XGRnj19El98/gW1jFCwfvx4SelR5GeQmkf33P0ONA4FlaXfAMJCTVtTQIzxnI/MtQAAIABJREFUSxqGnhrEuoYCog/eqFakkaBJZ6EwX9RawCMtQWSpRmQkjP2J3PnAFKbk9uVZ7vHAFOE0+40/3l+h6NHMaRiC5PhrU2exwPPMBBROptTCnWE2e3LLZhtTLHbd0bVYUouWwmoUmGjuXm7uNTrHwSykbxRrmGmHB4uFbqzR8cbcDPbwDQ9icHgqqnunG4uVkEDo6XImHX2RnHlfQ6QN9BqgcqC8QKU91nF6dEhe1T7WPMDAsWPx9iYCxsEueTJ62TnHdTbnLo3DZCcDU3k9fd/wWe8biK4vUps2wrhIbwfx/Fg7q+1Is12jFgPxS5biPiNUSs3qbyk55EZhujz2QYBiQegQxEQc1GdPn7JRCM4V5CPfv39PFKs1ELlh7532IVIeyYtRViTLQOSh3RhLb6Z+v6w9URQX9vVgq3P9aQNJXaydiUMYSJEdLUiIINR2WEseSyO9MsY6pFPoLI2B+Ia0KdoWUscFmmumVfM7CBcoinDKLg2EG3AhCYQCl4VxriROhqlhXroMvGU8Z4phrLAAFIcamsmYaYejgRhD0twHB6fR6x+QMjIncwPz4BB9gyaWymXwq8gp46JOzbxTCru7F6fHR/w5jGJ+e0XkCoADtvMOGDWTVmI6SRp2cVyZLLZNXUXsTCKtktgwI+zh5bWr9y8qik1fpBpInexp61c1fBsj1PGTk2ssU30n1UhZsSj+wEkWpZymD2IDQRh//uxJfPniRYywmGW5irdv38bbNx/4YEeQ1kBM1XazqzWQrTebb9Crm402ykBSySORLxsIvUihf+eFZlRwbyI1lRoDAQBg49itcSRG1haMjbx+Gohv0i4K13qrXQMpSF1yx1GsM4rc3cbd+CaWiztFjs0iOus5N9D2IZ4MA8H7NeM14c50HRp/RwcbK94S6mUvBjpkqCVAC8EKhKPj6I30tQ91Rcz6MVfA0JfkfEjfh8kQPobkNEiXQObEeMWymsODEY359vJDzG+xOvpOqVUstISUoGFO4RCgsP/dVpUpB7k5sLxmaQBt4/e3MZD22jsy2G3uGsiuceLC8YxVhFkaBykF1EYQarjdN5A/2vT6SLEgHbliDYJGIYaosO/CBoInhYFocbuEtogUNOoXpjQ4guwaiJAFQbc2EL3BxNAbA/FFeZBikgZSjdOyQUkBaVKs9nnKPEWjrLIFQzcpwW4EuWeoTb3ET+C5/GTBopOOKMLO+gz6ULOItbhNMpAONjwntCoau1LykhOoZ5nCdKqX4O0hGBexwN8hxIbU6uhEo7Yj7OaDErykNyGAtkcDyWU/fH5tsoVh4DJiDh9O5fBoFL29vZjeXsXk6iqWd+PYg4QRRCiolJgjxMm1onN2StrILj3kFHleMnVtD3sxlJL3VzfvFOueMeXwXYrEKjpsdd811NZGjSJU7Z6TpwkLGuZWwgNcrB//5A83g2GXBoIJwqdPHjOCYA0x8l6lWO9pdUCwIPWjkGraQEoR5M2lp8gaxKHX82k6AUqx5Kkd+LYNpE1bfMn4XBT7apClZMLyWUqhr53l/tq+wM3OCI/TJgRmbVe/53t9nN1I1jRCfZM035GNMqxZm05iinQFiiccLJKhgNw46HZi0MPBzRUKRm4SfiRsjc+EIa7cZ05l+I6alUsAFJi7Hx7E6OScxTn3pu9LVRHSo3t7/aLMQtoNhemgiBk0EBbrmzU1gE+ORmTqXr5/GzMo98+n0vfKpqAUEzPFSm8MqFicpu0I8pCRNNnOFnUob10zDK07zkO/g16aElNg4DwcuwaC8YvCzkhPrDVzcsyJDZiCoV4bs+1Kdy9sXhsImoJQmXvy2aN48cUXNBCEIei0wkAwL4FhKRuIh6N2IwgPVnrw9qDb4jsoFvONlnRxJ8XaNRD+vRDpcEvQdbAkvpNMI2HVQOR1E/fg9zp16PdfELYGW29RMBbwDVdsy2B3urqa+jPFYsMewmx8E9PJTQobTGKznFISZ9CNGGLvBvoNyWPie022qQ0E1Svz5dR7Yi8GtQM+G+RCD47i4ORCDcL+Adp3sYJwNaHwfplA5CHmZ9GORXK8OOexoWbuyeGQPZwP716z9thbCliAtpUIlxagyK24DJsyEDm7h9Os1lgccR70+m2RUOgeFe5VnpHd9QYG/lQEIYPc9605O+X+ZYjR+1ORzoYkrmuKkuRE4R9u+oN9KpjAQ9lAUKRvVpv4+PEj2bwwEFDdsQJaNYIOGxsrflV6rW0DKSlM/pbC/sMRpM3tt3LJlPoR01QSPx6wdxXG389OIsl29hZ2UbqNAoq9XMU9miY64LceMpBdNMUH4l7KYKYoFRCdZl3FfIo5ERTsd6xFwGM67EOzqhqIhQT0WXJPe65lwOuD1UsB0DQQbrs9PInD80c0kOiKxbsiFQUII9p66p2IUyYYe29fzgQ6BJj+OxwOYtTvxt31dVx9fBPLyVgCDCkpWmY+kqrPBZ145tV2UdxeExtN+Z73p0D3dkjJuwJwUK4lbS6bTU2UKPqOjTO7V4Pk/faWXgkGJvOhKeDdls3kL1lgiiDK/zV6y056r99heoUbhBrki8+fc1oQKBYM5N27j2SxYpGLpEPvG4ibXTaQkl4lLl4dhKkH2e/iBXg4xUoj32ruFT2pMo+emHdz0djhT4ze8Lh/XFKoNNLfNoLs1iDtAWijlC88iY8Q/55O4u7mKu4mmBO5iTXWQ8NA9jdxNOgF0F6au+i8ciPMkW0g2Q/hTI3UFEV32SOlBPXH8aPH0RudxKY75O5CSWdSlUsEx00qxXOSEOUtuFZ7sVrOCBYcDHrse0wuL2Ny+zFWd3fSF/aEYNYdUmbJ7b9wJJqbLX8eqjl9ndqD3DqVGgEyrbIf23rmJFYWhbW2kVgNy2cM76o1kGytb4/oNgNTpjPxJJJ7q6iSMO8fbbq9DomJQO3UB3nOJTgo0pFiffhwRQNBgb5rIFqA6umsTGGSa+UUx0Pz+gD3DYTIyE6HuwQlEpSa8O03/wkDcRRSzpkXMvfX+Gbxd35LAykKGTs1yKcMRPfX6iPrWICNcHMV0/FVTCdXTLUQQZBiHfSVYmlNm2n3nklNMiHXHUjXWHv59IUUC0INSK9OHn0W3cERF+jQQJAcpe4VhBmAl0HdHZ5/uYHq4IqSoICPh719fi3v0DF/FwvIhs6RXlkZsQ5Bqe+RVH9Cxv9/GYjutvpRrepitRL+7O9hIPh9pFhFTCRFwO3MsBqhpj5NP23XQNAoRMgF7wrFGvYTPn/2jLMeSLFevnwZ19djhhyvNZAXSYX2VlkkDcUIl+C1nRz1oSI9axB7oDb6uB2wDXsl87MU7Ns5cA31yfYpHdOkmWwZiGnfyXeiJpeoLH4/daR4uxnVphSOMMTiU5qHHCXMicwmMbm9ivH1e0aRzXrGjvQQ25fI/vAeQ3CYtDqZXXT2VXRoIL8EgWfUIEgDMP68PxzFwdFZHJxdRA/rD4aHse702CTEKjGaBpqF7KhLWRG1B8ZuOSO/WcWo1+VA1OTqQ4yvPhCe1iSk9YWlxJLNezY16cxypUDrKD4VTe5BrzvIEx/HhnOOyjbZgPKLzCWa+fMWASuRN5/XZuvGLx9dSlU7HkG9rkF0Zy0clxxAXOc/+ekPNnv765hheU6/F198/ozNQg5DrSO++eYbicZhxxwXOarOgPo6P4eRpPxvHRrz//XztoCjjFhRQcz5jAbD8KEsXVVxGSTOUHJIi3hqFqV9zG4e7CLbN0/RoxIZXbpIlHobAavh/36h3tZL+O92Lp/7+DDPwifHck9smr2O8fWHmMFAlrPodrESbcVZkQQZVR9gyxHQKqyUBnrFs7PH7U9c18ZUa8MmYXcwjMOTszg8exz9A0C9B2kg0syqBqJ1bFL5YKuRBjLY78QI0X45j+v3b+Lu5iNHapFagVaChj1qlGogEuPOzdgkIu4ayG6atZtalcxgp1lIpvFvaAq2RrZVdzRWuWWIma4WQ0oDcUbgFNaoqIwp2xaZzVAX66c/++GmswdIcsZ1WZ8/fx7Pnz3VzIcN5GbMvgfSLmtNgTJiA1G3vErw2EBolfliNTqIIq+zvg3ztodYhiXelJfIVCMxtJz6Rv7d3E9Y6rvk6di7bx3qfA+JzFYGTiNHVML+DorFKLHzezYQwOEgIWJTlzSu1pztnk2uY3xzGbPxNUXWuhCRTtUQzQbmFCNFzLDSTekBMw5wrrDDEF1ufOG/sYVqMIyjk/M4vviMSiYYlALNZEXqj1m0qRDJYS91zYFk9dH76PfYIQet5PLtS6ZZm+Udf8bUr1nfYDnW2nMT3WbrnjWd8HJnH0AAWyMphzoNpI1C/hnpNZ8qzB8wkDaC0Jia1KwgkqLs7nTSU1DCDU0YyM/+FAaiCIJuqg2EHrxEkHETQbRSgAp85YJkkysvWMuAdau/Goi0vvUh3A+tdBJ7JNlbRh+kO60gdnKwxAGraMe2ASgNaL2N0qakyOSF5XNkWiSipZEy/UKbOu2mEG0qSFiRu/5AH9njhih4Xk4PruaEem8u3zPVglrI/h64WUitkFaJTZstVBpriWxc/6x+hZAsLf5EhLCBnKIGGR5GpzekYUglERI+qWCZqQnnrrkYZ04jOBkNortexd3Vx7h685JdfnxRpAFNzGIgqqnIbk46Ca6FzeMh9Gq30/13pVkqjOufUr8SlLhvIOW+bD1Kf7lnIK5f2gi11ZQV708RJIv0LA86P/vTH22iA7Rlxm2mKNBRqOMwoQb59ttv4+a2Gggo7tsGolxdz18umfK5xnJdhIsPlaE5IwjHT3cujmuXQhVoPXZuXJXahWucjDY2LMmClSClm7itvijjkYF4bVt7s3dv6laq2BhSaxyoGWAc2vut+XOMM49vPsaH96/j5upjLKCZlWJySqtE/iMeQSbxzmoIKLlzfbQ24mKJJ8qqXn8Yh6fncXL+iDVIdLXAE1wsDLdBCA1RTIYi/Ao9qtViFgMYyMGADcHb9+/i+v1rUtx7MFw8S8qlmrgpA0l2c8LQ1hppr1mp2z6V+hTHZIa3/qFtg/g57Nwst7QbeXZaJzWamWNXpiZzbLlN6xpdrMI4bwyE2YojCIo2RBAsrn/xxeesQXjoVxvWILfYn75fl8nTQCwyZuEBvj0ZiCuLesCyBMrF7mU3Q9NJ3zUQr3YzPl6iA8c2sweTkjWOOnwHiVbwopcbmR2QxkAqNCufY4GzNoduDcT/DqCi7ZPg0VyjnCgXCvPD0SgOD9Fo1Yo2sHqvLt/H2zcv4/LDO3bWIeSwwXoy5PldOJ3sdJP6YVXHugQIq/Cwxg67zYlqYZ3dYBSHSLFOT9UohIGw/pOSItNHrGDzEiE4gu4+I8hgP+Jo0Ocg1PW71zG5eh+DHrr7GoiywJ2MHNhjAhcEIJLZ1xzrrSiSfKb2QO86+jb12anJt+BY/B4mOXdTrLYA331u7z5pl3ua9Fqe54EIQqTQTWk4FdyTn/7sB+R2IoIcHAy3DAR5MCLIGLKjjYFo66rmqVvquqfCtJZgO73hcD8LVxyERIiIjsB1VjEF/j0Lc13EptBnqmVBh5ySS7ZwvUHVr9gDUYKmUEO2Q3lRYilQdXq0BwpGG+Kugbj+wGtgt+DRwYir6rDjEXUGdq8gcrx7+youP75jbwR2jsWWg16XnexeH6OxG1J+vOlXKZuK9Ck0t6aY+pwTcgeKOBgdMHqcXTyK7mDEFWIaAdCILQp9IEOAeHFVtDhUXIuD3n7099Zxd30ZN+/fxGJyw30f/R6IjVIq4T3LiNyFieTcvsbIecKq126oN9s/qdfznpE0nfF2FqSNIBQMz/SyGFzTSX/IiX3KQLaMzFNj6dhLitU0ChlB/uRnP4BGeBrIiAaCIp2RIA3k7m7G4SitO0ieE3Rc00CYjjURxBdIb0i5nWDCTxmIfq8c4qL+7ToqhceaTjojXB6E7eizfUN8UdRNbjNoPyqNNeF3G1V53A6dROru27QKP4YOA1N3XRXpqC/Q38Ao89UlUqw3Mbm9plTO0cEwTk6OuSIZrAVA7NwUPLlTe2Gzidl0HtPZnBQgrN2ez+ZclYfIAJBkdHgY548exzlqkD7WP6MH4hEA8CLBAu7QQMjgRTOYotydOMR2sMU0bj68jfHl++gsAe/OYziAgaTqVln6E9HDnhGQHsnpSgNJX9NGXdcO21XltmnYrKx6qJ/uOK48OZqZ32Z1K4DpWe6lwdmFUiaDug3paN2jXujtu2zeLRQrWeL49tOf/rEiyGxGuvOLF18oxcJI53LFCHI3nTGCSMwt82OEbbJEvWJA7Xm+6SLfknm1N7Vyqs0jpjIa/dme+TCsKyOQB+WhLL2JimK5SFcn39OotbveHnSXmNs3NMmPnhFoLvxu8dnelN2flYGtnNHWXj58/lWMx9fx4f1bfqF7fXx0EM+efBYnJ0dcmoo99bgWHHG+HavXscLj7mIyuSPECwX9JXsh4MxJumc4GsX5xeO4ePxZDKnori46jQTRaKZV3TAQbiFeLqML4+3tx0G3S0r71bvXcXf9kdEEPLHRsJuKW3KxrjOQYlHQ2/cP16mhkLfXFB+7TY3vRw5HoPaA7xpISsI1XLhiDDscu/YeW+pUNbAMpOxV1+lV+bAzMOWs0YHFi3Q6f/KTP9igSJ4vZnFydEii4tOngnkR7r/77lXcTadFi1dXxQNGKQJH6rvXovlyZFGMg0u+kf7uoaVSfKdJ1UfplJetrvm4wq5l803ENU8yFv9TOFhVqlLnPZt3W0rjNbJRVTGpHbs3s03dWMynWLYebYts6O6oITg7oXQLEeT9u7fx6uU3cfnxfXT3O/H0yaP43ldfxeHRQRm9hVOB7NLt9bX6HatlTMZ3cTcFyzp3EmInx2JOI4FBIqIfHB7GydlFnJxfRH+ozVLk3a6Rri0Jz6PGIcN1uYjBoBuHw14c9LoxvvwQV29fxnx8HQPURMt5jIbQ8sWnS6eV7p6Tj+wf6foLwfT37cOtK55xYQedqj9LpK7+5vZQE89YpukmcDawT6Fy7SBctXuQSpKpaOLV0MnnrgbSfBCmoXbwqYXQ+ckPf48gGC782dkpUawnT5+waXgHwYZXb2kgONiIIDggSDNQNC4WubOOO6ZFZXCEQUomhXWqi5W0hEc1aes69D7ePrD1YitlcVc7x3gBLuSO9boIMxm0Rf9Vz2mESuf402kRf1ecmaZWqTVUSUsbz1U6/I6BWaSzO8tJwQ5nvPFpXn77TXz7za9Yh4yG/fji86fxD773NQ0EajKYFMRjkErBQCbQ1FouY8prjI76PqlAIBeCuoLfQ6/ENdpgeBCPnzyNo9ML1iIwEgQZ3h+O3fYEGKyXcdjfi9OjYYx6+3F7+S7rj2tuhoK+F+ZUDMJndpxkx9z3rrymkPtq2K7TgMXZNcaxG2FKNE5DKHlEobjnarhmGK7S3RvYt6TjuV67CBQqo1GHSWskWDeBepOZP+fnG5aF95YI6s3a95/87I83m82CGlgwkOfPn1G4Gl4HRSGFq8eTXC4jT4mbt1gg1Oe2Je6X3mNYxeNwQwwHq4jXDHlBomAgmZptGwiuvX6vnQpkUcyGIYwFAakrUcLWO7G+wJ86/GL+UktFaI2ljRaqUVJRPnPbSnPXFS3dfXvInXmFGurRgVZKMptO4ptf/SrevP4uJrc3cXAwiK+++Dx+57/6L/j2sXJiCbVCUFKWi7i5uYm76YTUEuyon8+B4HS15g5L7xfYKosIAthXog7d/jCef/FlnFw8JrIV+9hjv0/OFiM75teXWC66iKN+Nw76gHPX7OzfgV4yvdVuj/Vak4NbgnuGxnW5jVPSOEvf62Gqu6/1vRSrbfqVVoC0j7fQRaSL2WjEv2/XEpmelXn+1kDM59KcBw2ETVLstpeBlH0kuQ9GoBZklDK1s4H82T/54Wa5mpHufn5+Fs+ePY2LR+c8oKv5Kj5eXdFAiJ4Ag18sYj5fxAJejJpKmWykcIMVwi0CsxVRmllx5YK4eUKlyBXKyKLHKCWzyJz1ertd0VxavlRBvtINucnmRAEeUbllQglbW3jNoN0u4PUcub6rUPVrdBO6tl0ktgUjx2gj4ub6Mr751S9Zf2A+5OhwSAP53f/md2KOlAoDVYwYMIYZ/z6dTnidoSSzXOD9QaFdBwBGgiqdaxi4p3ATvcEgXnz1/Th79CR6gwNC8ESzcDrSEeFxMJADTDJuIKw9j+ntZcwnV9wShdVpMBBtxNpWHVT0tT9qpzfTJWXauRsl/r4G4nkPgR5Vr7jUEDnRoPjlZoIaxVaH5GOR2OQB53Mygojs2IGYRZZPW2SOTJch0odxAunzRnT+2T/98WaJVb6LRVycX8SzZ0/i7PyUkQD7KJBewSCQE6NQxI3jwpxsWtGTcYmnCkuvBqN3YwdYqYuhUXt9F0USkZOBFBmhBjJ0X8OQsnlg3v602x1vNuIJQs5EmWaQtkyomBpRmqtWod/UTEwDa5jwjS/1R0NfeAhN4dAUb/Aqbq9v4ttv/jY+fnhP3azjw1E8f/ok/tE//F7cjccxvr2KKdRPKNw3i8lkzFQKN5zkxBVSxW7uihc/qyBtSVDpDofxxZdf00D66KgTYZRKFaK3aEPYUDXjZlrMpECpfU7drknsrxfR91aobJom5FHQpb/LQHaRrK3o3KamO8hTbSbXCMJowbnx9PzZBzGhmo4rQ0CFhLO8RhaFIbNMvZRi1YWeSM8ZRfzJsljSHpgaQYgkwlH88z/7yWaBbaXLVTx6dBFPnzyJ09MTXlQM+8MweNhT2obGwPxXSuH8Ozu74vowraGH0zwDDSeVy/lGUyy5kvvY33VFVys/91GKmbeUdxWLJh2acKZBHhElS68i1QsVQ1JOsmw9Ugc9GYEprlxHM3nA2pHShuFLw0ibc2TyobA+FGqF6XgSL7/9Vbx/94bKizCQx+dn8fjRKYvyuwkiyB3TLKRYi5RfwmchIoVNtEiXkpvFYjsjGyc7Np3oDYfx5PmLuHj8JAbgZEGFIwmjjGR431xngDXN2PEx0V5z7HfH5CBm5EEvwfWjd9W1dnawk8mWNEiH013/ApVsZVSOPgZLVMLU/omSV3kuonfeL1jOjs6SeWkV4s3nSCRNDlCOCUzoaiCOIHpdTjL5M6aX5ufIVE1KL8nkh9/8H//pjzYoEvEGHj+WgRwfHZWpO4YudosSd+bH1weiJ0s6Ni2Di2FEYvWhd6hEegYeEd68cmd4Q+2rKFwje478zp/xd3MFW15KixrDGxjWU7RQDcJ6ohGPA9pzP9zrM/G6kCmcXzlxqHl5G2Uzqls0h5vP2CAxeBtGexCVF7NZvPru1/H29SsZyMEoTg4PorePiAuDmFK/FxudkBsg6mDuQvR0FKpIlcDmFVlxjgie1wTCDMs1DGQU54+fxKMnz+Lw+IQ9kbKDxcs0YVRL7FDUPvcFjAN73bH8J1akvPcZaeoy1oeL7XrAC9errMHbrjZaYGTLKHZqEM95uN/hCMJVE5zpqIBJNZBEynLPQqn/msK7pFcEAmpMJJZqWk82kUtKlnphTODI5v3R76Uprik7+uSzz+Lo8JC3HIM28FZ7PRTIrZM3xdwHSDwopEhaSJKHKw8bC+fUai09Ehw/GALFp0XEkz6VDGIF48ndfAy32XTEf2vZCcQMiPfmoE16meZilhtskl2G3ZKisE0trpI1clv4ljc4jYTS/TKzAjj4v+uxyLlKrpDeV1G9nMfr776VgSzncTjox6jfo4gDxJ+xgwPRjZI8e+hvSMbUyvRC4oBiicnL+o/YPiL4HiVGe6ODOD49J5KF79BPRgSiOiV3tuOiILWaxuruhgNbVFqhFJHQK64z2N9XMc8Dv00CLeBGYwM2kNYstnoSO8TPEjfMkEhny/udBXrNMLKV0GQjfrzQu+SW8Z6ac5e6BD7RWXeoBtG7zMSz1iE2kK0IkhUODOQP/vvf4UOB/cBA8HV4cKhwhMYTZgcGQo0ooNyQBncLZXbUk/xH88pFOK4XSk/BiFYT2jRXoiBgOR8YiFaEZSDOD+mbAOgTqaHSOi2QVz2E7w7X65hRFK/xQkldoIxOwoiaYa8UmXQHhQWgx2vOwswAR5gSLTO4yrC0bRByrq9ffhcf3yPFmlHWE+LQ+G8U7Jb+8ZJPGIhIlhJrMLlzPl+yEz5jBMGBgi4WpsV7lB09PD6Oi8+exPHJKeVhkYKi54IDz+gEUGU+icXkimxdNCy5xz33mcNQe/vdWM7ndVjMSE7JsR5mI+zWYa4LfFYyfJdMuk2z7KxsILxvTOPNYK79EBsiHoPf1+WumQ3+HUortoa2/iiqmXlFcX3ICsi/O4JQaZJ1i1Lvzn/7X//DDZ94s46L8/N4dHFBRRP8FFAtiiE20HOnliFYEexUALbwp/5Ny+v537nE3kxai0XX4kqpWYF2s0OvesEVVG081aI8YV3OXKu28CEm2kPQQEYCo6Ex0Hi8+VTGBHYs/g3gAzrWilamrqvgM9XcqWPNII1qYdg75w4kocvrh2u0XizjzauXcf3xPScLKYAAOZ1OJ05PDin9o4iB/JiLzc3TV06d4s+z6YJ0k7vZPOb4DIDWoQ/Q1Vw6ao+zR4/i8PCQ7AY8FjAzVqhRW4sCdJNY3F3FsLsXmyUW+0BjJvWt2HjskM5C0QunTQ35k/XGA3SdrYicp9jOsExmlhTY9ykPdjoo1x+43qpzdd0F1TdjB9yMVWsYq+WoJsy+Ru47LAZCfeMaQeg8AMOncLgyc2UG2iTvFQhpIPgwKNBAsCMvqCsYFZ5ogSZWhn4aCzlZOvz+8GafVmRJRoLBIdwsfsFocq0yb4ClgfKN6YJmmsbfr3PCxQNZfMwG5clA0+2zNeLi0V1/5LK10FQ08p8yZ5HRqKZ7mfYZcsybNJ2CC+W6SHvtBFjo9wVUiNKPGzEZj+PlN78mSRFpDWIyhpH6e3txfDBoI6EjAAAfI0lEQVSgaEIxEKR7NhCiHFn6gQyEFGu5ihkmC9dY/wx5mm509vvckX5wdBrHp2cxHB6QB8Z7BA2t3FRL6dP1IjbLiTZebSRCzcEDnUAdi0xLdM2zWdb2sJoOaRs5bCS+ri1IskOzenD4CYxdvpXMGLbAHHfUE2SRLdiA6oo1ZiAZRRiFcAG5AUDruwFwiCTajSGE2DnUJpTVDtZFutcgdP6Hf/xfbnBjIZJcew4Iz90Y9IexWM456I9UCwcbFx6ThW3a1BoIryv7FyK3MZTRmPKmsReyF/uYl2gMjRfUEcm8rzQEdeWrZKj/W3CtUiPBkLWodh6NfyP+vYXlV1xfBWEVzxao4KaT07L8zpRJiJ0jDWsiRipFJBmKiJS4STdX1/Htr3/JKDK+/shUB4IJgy4MZEgBORxUqaOnukmmWE6zJMmUkqEr3GwIv2k3CAmK+904wujt0SnXdIN7hXkUGAimF5FG9bmjBD0U/B2plTrmPlBCVpRCy3OXZSzluvKabvuXkrrWpqpMpDhQL+wpLqmmuk61dIBlIEjRfX1LxM8+RlHSTAdVEK8Gdocvh54x76s1XACZQ9d4vY5Bdz+G/T7F2XGdvBCkAAVGsZLO1PnBH/zuhggTWaJAlFQAI4FBJJmD3rBexBrFJJihvR6/ak+gUtWdZGr4KHdu+zsiCj0bZtu7sY//7unfFDm0FBT/rijVJx+faRq78xm5bFQkLyoVcA+FAz1Jhy8RKTf20BlacCA5WSg5hMRpvZmMTHwxLgMkVsiqSLc3IxX/5siS0LXQPAMN0qVCjeQIgmbh21ffUY4UEp+geoDJC2PxYk8iZ9RxAi0kM2yQFOdCGblIdC1ol+qK/L5PQzk5PY+j45MYjEa88YRsiYwtYrC3x2EoGIimBlGUC8QuXeUUvMNHVxosqFQfuxk2cwQpaEZ686bjzYylZAhV/MI2YiTKxbVaBCkX2hiInQIeR45UiRy1gFckSehHTxybBYAPOUaNKC9J58EsDDTADgbDGMDJk4NHSffk9qlJyBqE9eY6On/6k9/n/UZzijQSFIF5Q/DvgBXnkN3nru5mvQGEj5doHqpxqBCrS0CsOanw5m85ysBA9KVIRAPJv5f0jUaAyR1FH8C0MCYbZ0tDUWc9f6cLA0kOWEYjGI/F7pg/k+YC21MXX5VM0qlTgp85fOGIKdcwJaaFsNvUgffGaBvGXfd6NBDojb1/8zp++Yu/jl/+4m/i9vIjUypoUcHoJY4g8TgtnkFNJA/odQWgrdtAtCANxpEGstEqNsyEnJ5fxNHxcYyGQxbgc/Q6lnMCAxixBXqFL0QxpRZCKgGX2xDYVqNxaPdf/ZNcaDTalHvRj7T1x1YUSedVapA0NDxfKwDnxxdKSe4jlHEk0ELBiRbVUuFONDOjnZEtOqo5diju0ehm6C1hLgcKkgmxw0Bw7dkLpnKlenoMPnJPDCxweJ1/8c9+vAHdurBlV2uyeFG04k3NMC46viXbt/Q8kHBBe3Y+J2kR0CPeKItSwq/2yHkhm8ts/haiCMTpKEbX70Wv308DqLR63rRMvWD9NIQkReLfBQgogvRAP+mpzqGSOdKMXo/vCQfGkUmeDQaCqUjUXmIhF+PLiKS1awkvM93IAjWZyyWuJGTJfJdeXt1rDJSh4MSNuL26ir/9m7+Kv/5Pfxnv376JvfU6DgZ9FupYpCPVdNzCVWyQwsFAiEtmbYDUjWCCOsSYelOaBZVFzaADwXry9Gk8evQ4jo4Oyde6+vCO04yoeXpAx9DzWC+0TkGIMo1DavlyBKXvXAxETGi6vTQOA95848lzqo1fe8k6NlzRSx0EefwHjKtEiaSG4ODicyfp3nWeeFUJ62c66qKeUq1LZUGcr4HSPvo80B8+O2UPaoAamwBGsj+YtmZ7oRhINiv+zf/yZxvMJaA4B4OX4awRK+OLwAhIswbUqIgBWgTYvtO7acym6AJrFJSKdsgBU/KxuCHm5+gC67CVtIjeP4v6LC4dXTLAJ8KQN/CeVq5uoGsYQotM13oMozA8GggiEFO47LTj97p70Ud04uvjMRnZcAGRBjoKPQBM1LRDKYj5AOIVe/tvMN9FmoXo8Z/+8v9mLYI1yvh3pEH4QoqFP5zNL8bgddRCZxCJdPRUUDKCEO7dJ+/q6fPn8eLLr0g2PTo6iru7Sbx9+V2Mry9phJTvQd8De8/J7EUWifhRt2jlu4h1B5OHuT02d58TwQLwAHnZ5J3UtYJu6CVKmLeqjR5iOuqDtlGnRBD3LpJeIuBDUYMFcxGCy1TWhtmyfXP9BPJPZEQ8t0yt9ug0zh9dxOFAEDj7Iey6Q0EGTex8rYwe3AuJ3/n5v/2fNmdnJxzaUT1QPSfnJBDqSXuQrLzTKkCiMBKsaWNalsZhg3JkQZQhf2s2j9l81gxT5e3OIt7e3giZYWD3GpiAJPxKI4RBIoXJgowNQ2mj0SaR2g16/egNejE6OKQHgQG4drIhMV/Puoi1UTGGqjHcghBO71o0b4t53NmPbk+r6vA+gJhgNTTo7r/8xS/iw1v0QxYx6GMPIHSKEyxioyyF4soqBRkHa8PM0SG6gI9IhUUYE+VfuvH0+dP46uvvxdNnz2I0Oojb68t48/LbmIxvFEHQnUeXHhEEI7vcmOsBtiQ2ZlihqJAWsmcvFKiXmM7cr2KJp2Zgqo0g3Ci7O17A3PtTBpK1Pz+ra5qaYsEZ0EAa+Nf9K7EsqoFS/HuBKU6cuxk3BA9GQ9KnTs9PWaTDCQmuxgSADQTgi/Y+UiQi+Vudf/fzf7kR98orxVrWq2Y57MnVr1MPUxCf5WnqCjLcSBmPDIOCZ/iOvxPHvyvMYJAfUdtkUCmJmBpM3CZe6prSUEp5HVi+G4U0ErQQcFP5f3GsePgHvTg6BD8Jny91tFLBj+vFOcuinynyIGXr8fe9Z7GIYWcqZmBAaVvS8Bm5VMz2e0BJRmVNGyjvH9+9Yzd9fH3NOmOAGgwpofsQcq1Z/KfiBxkDMg4oIuLKsxkbSLEkAYSbCjr72fl5vPjyy3j82RNGztvba64yWM5n0QOUjFRuveI6A9YeMBBEDxx8DT+IVUAhlCWvpfAK3As8VtYAPQGt/ml0f5qoYEMxRMzHZBO4XWdQaoaMHKUALxysxkDs3c22SOr6lnG4+QsjmolUi+uGJvfB0WGcnJzEwdGI9R+sMNWl6WgVQVD3ebV2khtxSf7dz//VBiufNewkpIdARdkZZ1pJg0aw25v1QcO8ZWMrDcrUkXKw2aTLdK0YDwwI0UezEDYmigsksqGUbacYI/KkJh5h18zPbVCGbTVHv89ax1m+GoeCTeFdeNtdc+YOd0DStE8e2uow8FfXQE7pjPezZk1YGr8DIwHOjlQSBESQFqdYEY1OdWejXgVJhN4pkiiaX5aeMZd4knIDDweoXVGdCovo77DeGkRv0I9nz57Fo0ePmFbOuAIOQtmA7xEt1tFZLcm5Yu3BA5/RwAaCQh4OFk6LBmKwRbFDaibZmPV1a4vvQjTM9l3xrdsSUDQG5xKVJZJEVkHoqjdkJHQE+Xn5PYUc2gJf9H8RZ1eYwqSay16MDkdxdHwUh0eHFMYQlJ57TTJ15f7HrHUIglA9P33Gf/iLf73BoBQuNItD5170iAqrzretiIEWjDezapTWMaaj/gYLWQceXWT/A9Wq8KEzXYMFkzqfQ1iKOiD5zckk5vxJpnDe+prBS+gDWK6E8Srd2Q0svm80ipKIozCtGolfRIrMWjPMWz8PF3Nm550FckYmSXFa8TE9MXJ8DnYlKwDoGTlZgBLRyUZ9Ac0pGJnUTFCsywI9+13XmgktUyRB9KATKM00Ez5TzwsaWJ2Is7NzzvRgzp2Gh9ejeB2uAepCdPCzOKcXzFOQcDY3++7n71KgS95fS0brqK0fV29xTZ0MdfNqGQpuOHAKlMmSaIxDaZLT6Mr6XrDPVOfKS13iNNTXiGPKSr0X0FDY26POG+ox1B/D0ZAZAlIw1nyudZKWRGa6qH25IySbpP/n//HnG3gdIBKz2TSmGN5ZgVG6F33AhZ7BZmBRaCE+XJpBpkbL4gifFcZrIgHuWbA/gh5KGerMXFWLLPGn5LLJ/tWAFuoXpGgJBOSsiQe4bFT4uyUh+FxUJVS4tcPTuREzFh6Hu8dZd8Fba2+4uriqBwg25Hir04XKQPZubjceKyWfKMpizusEeR/OdAcUT/ayUdUn3YMtRV5bRUm+ZinH23pQ18fGXWDRzL9xIACbg2iKHfeHB0OmEhCuI2KTqbFlfHjka5Wd6ZMMApEQrAkf8NKYLfWpzoIfX7IGkwjTIfE9tgTRmkTXQTvDvjk7VODdbLqizkKXHWeO962h/jBT4PvErpNM5eFMF3OuEDxJ4wBIg3qU75OaAZJyVXuCbWT2S3j2YCDNhrLOf/jf/9Xm8ePH/CDjyYRfOJDwvAhPatQhTxf64zeDJ3NnHQW29GNlWG7+8cyTAq9EkwU/SYxIPVDMmsuVzajsJeB39ZzJjzEnJ/NToZ8bohRA0ircrDVyHuryd7zXtL5CDeFe9co4oSGJ9q+GFR9D+rmZxnmAOTueESh3drSHFY9V2tVhqoKI0SPnByxdpVYHw2EcjAYELmQg+qoGYuZQmnXzPi1SV14zPxsiYb/Xi+PDwzg7OYqDgxFfm6xeYsjZ6/EKA9cGDa/J8K3TOL5s7p03VGuIVg3GpkpP4mAdTchiu1G4sQqmz0JWsW7iSzsYaXNOSzL1QXaR9YUcm/l1biw2XDoqvqhfd3x8GCeHR6RPoSYbpNAhcYg8q+7fkX/l18zPbG2yzr//3/41Iwhs53Z8G+PxmCkNLlJ/NOCTWZae3sUFV6YFyvPVEZdwgyYEierlzvQqDaTaRmlbFs2IRFgDkJ11GBj9KRCX7IzrgmryTzdKPCemTyVtSg2kpYiHQNjA4oXxTCaTwhIQiVE4OdRCiMoRCROsSppFaikVqgcjlqkki6x5KlcL7xU30odWg1w2kDyg+DybDVOrg+EoRsNeLKczHisRFTVjakRG6c22gTi6bhlkojgwEByE46PDODuWgRCj4oKeXHucaEih5SiLa/x6phXNFCYjBZurdb8fIpzqkfpYFd1moiRd3LVG6Xs4KTN1Jx+TQ3WuW11fFQPh/RCKxTHjdqpyowzBGgl4ZURStC7gLEYDcAu70Yd4SB4kfCYN+yUTnE3XTFvp4Vxf70XnP/78zzdnZ2dspkCkASO2eDGmj/t7PEDw0k5TDG+6ON0mKuZmJ69ISMkZU0vsWdvHMse1MSVAYG9lvpcNhM263E2yhbGnN+TjWOMIHZOelGbnPVPCwJDFnPo5QNs0TqyLtsyaJkNuMQ7t9MPr1oOaj1muiLcbMGDETIydPhYXfz5n/wM0E3KB+pi9kGi10p4W0lUPwgdZdbwOxr2GXEYGNB0PRqM4OT6mfBPUU0yDslSoxxUqhJ6pUj3n/C9HEJqnQZgijpC/nJ+xNFOLcWTkqLZQWBaOILX3YQa0+GzS4LUhqEiH46FhlBTLdaGsU+COenT4fMh20NODgRwhevT6dLSM4jT8bVjYjpcOzjR6Ot+sMf/jX/yvG0BgiCBIWfiF/gZSFYyMTqdxc33Df6ekDb29qB9SMDHHSvSQTmmuiUTITndKAFUoVWmbG3MUWSt1ixAQ/6xlDXtu3CsYDA2mayi8LB2ASig0SFCmDzPdw4FG4xOFPuftWewDF0dUyaZnQtHsu6DR6WI5qTVS74PiuuBCRqZs9olRsIkVotnkLpZYTrPBTpB9cqNwcE1U9AwIx5lzaacPMj6n0Dd7vUb2JtMPNDyRc6P+wMHog8OS0t6tvI2Nrhx+xXNeQr9efd265sEUrGJLhYLeQP2Gex1cmgioPlam2uXeVEbukgLdCUoU0qe4VEQrbSBJw/G9R68D2YJRqz76XsMRC/NDNL97PdZ/ZkzgnhDsIUSeBMnA4Fny6FicZaYCCP/f//zPN6j0cfGZ009Rh4yZlkCfCQYyuZ1wTsC5vKMGvqNj7SYfV7QlZaRS4lVn6KCr14AegyIReFJYQyZjkedS3Bf3SnBpQcbKGug60cjOcqYmnmNoI085JI4+pIFYtcMkN6R0CS3m5GNh5wJlI0sAqNqKkC2FkFuyotmiNJBk9+Z2KNwQbI+9vbmJ6fiGTULtoEUBLaJiriQVlwt0k6Y7nCd3y0BKTZVQMAwKqcTZ6WmcIr0aDpjqsuBy+E3KvyNC+b5jICViuGZsIohrSRtJTXVqd1wvp0lRJYhKmcskqZtwDSRMkTtQROwIcmwABqUx7bpOzcREO4z5XHrFeN9IrUYHQ1LZkWKOoHkMZjj6V+mE2RiEk8umo3AKGQi79/IUohbBQP7i3/7LDfafI0whlUIdcn1zFbe345jBOgm5LsSvomNOxCe5K4wS1rgyp6k/KNwq9gMG/UJMVMEPEmJuqoIMDVMxD1qJKyWCItYIoGmXyFiDLuhzmOqerF5LCOWOREeWytRthB/yLku0QTWRN38aUeONZjQQG1QHsxaJzmNBpYZzEZtA7NBESRlV0By8+viBnKz1fKb1ApgLQS1leU8eZjVhSxoFICE9mmsTpVkpt5SNWyAzOBAwEKRXw6QMeSkPYeSsF1qVGKekeol6bdoUrEQW1p5N5GJ6Ix1CCXSofnItYphB7OhE4/LxjCY2gpw5N9VDzF73f9QOEKpYWbs2DtWaENJb8ZwAysV1QC0GiHcILh65eR2mtvjD+vMTBuJhRBIFnGL9m//5n3Oi8HZ8UyPHZMLI4fkAMXO9tkxolWknmodIfqa9TRm7VT6rCNMnJ2Yfh77fY56IDwGKC4wI2620JBSpWnvg3a1u5kVyxlzFfsMOHoigqEjiKAPaSZ0ZsYfTLLuchTq8LJcLAmV4WyEtESZC22rUKUQ7RVCh6KKPNQ10cVH8zRdx+eFDvHv9Kq4+YKpwyik+cKOGmAjkG1Jj1B66TadYi1i5w3VIARUUffAWD0aIICeEeQEEIKp6twd7PcVAasPXoIu5bG302DKSnVl+X0M2dFOH1zMkAhBKeydX5+3wr1AkZ5pD5IoFshUQW2UTT3wmZJ+ZguF9OSWNCAPKBWI1OhjxDOFc4TqQKUGIPZ+XTeeKqpYaxO8ho58nYDv/4s/+dANj+HAJBUVoMmUeDpU9HGbkcEW1olPGWO1ZWEixwK30aKIPZKXqzehi78UaVJCcFYCRaGOumLWD/iBGIxjNMJBHigqvtW/FcBBlwJkQzzrXwVVdYBgW66KeI5KQsi2uVBq6ooQKboV/LXBkaFVeUtJtN//UTjA4mV43VyfSc7pXpF3C5PtB0ufty5fx8ptvSHtf3N1RvRAlArhY7H+wiVehXRuI9oCg7ku6RinU9fvqZdCHs+44OzmlADkakXg/oJgw3UwP73vWRot2L0prIOXDK0/aYt/eN5Cqns7ryVoi4f2d7bIEG6x3laADPyV5UDVStIgdG3jupmeD2dA+oilIthg1hnOA0xXZtZtsBSGqGAgk4RM8rKKvnPcdvTFERNJ3au+Oo+C//9/97gb1BlIrIAI8wGVG3KhRKeNKQce0JLui7jK33XJLuPCD0VvgTeQhcPHGK++BqywSM1pxoIVK5DAW0OJlNIMRos0ooxJCqHoqLPrLRKJmPnTDkx6ClC6nGSlU18zL84KxjSz9XwEGSUew3BGhShm9oM9a1JZ+Gx8jhixUTfBQyPrAOF7++tdx9Q7LcyaMIpgHAe2aiQt6L1nXbF03Gm+mG/y5ji3rIzoyjEsFqTSPzs7j8HBEfpdT3jLM1/Q6KFSwJczn7n9lAWwbhwAPZXPmiGVzLlM9q9GohvAMh2uQqo5Sft6QC3E9YSAUoUhD9kShr0VLczcZFk4d7wfOYDQaEcFDioXIgb+jvkVtq96OR4rFw2Kaxc8iI8b4APltrCWFplGUEufgH/2DLzfeXoRfrumJvCguJlXKc9rOocfeiPKWKZ2CmQ1FC32VVMSCcnxh0xIchhWSXWiXXkIurDckLEQMEW2fUpuIPkjNiKhlH0ZGJNCghZbxkp4d4fgu6x/PyieAwH/HjLdRN1Hykb+ap0YaTkGYTKTMyJHNQVFLpDyGAhFi07/+21/Eq2+/jcnVJY0DkqOQ/4HMDtMfHrTsgewcQqBkHObJLru8twbbYCQoPtE1fnxxQe+p95xG3iwmouNjdKypJ1OsRobVmrwlvWrqH0cNGwn5UMVAfOAsclHZADY23eMs4BsDUYoloQRG8RIlVdtYM4CGlE1gCacveE8H/Z6MA1oKef+x3YtnIsmpogin3pfJrkVLIAex0LdK1RqxeeWPOs8en23UKBOEK3VC58MSO4CBmKnqws5AvaFTIltJl5d7rfBhuUhOYzJmOy5teaaE+lQQ10Njw+FlLH0WK6fokGMOmxcJ+SdmjlnTqLOv1EvGVCjr+H2CAFKtZ2HmMV8OZ+0pKhEk0HXBY3353Bqj08i6CUW/p9QQIQDv/s1f/T/x7tXLmI1vqWSInggKaTNLfQN5OBpvrxUPytHdtHQEgYEg8sDIgEKen52wv+J0UPepLiVqC/LKr/PquWzctsRTZwiJRtUC3KsvKsW83r9U0zRbeivq5BDjVvRQDQc6+wKRmT2mZCoUYYzat3Abwh1wolaDAblnuOe4l71+N46OD3WP0+DggGwgHPojbyvZwlZNSZo7wYLUVMB56RwNext6jESVzAtiKpEpCruxuxBrsypAnsgkRT3XrneSpxL5kZaJ5/YqtmpBRQjOnhKcoG3OvxZY8qB4fj6RNaYCLGpVd/gLIRdRRdFFQEA70YgLLXVFoWtC1DSZ6P9WJEM6M4wONzC54yrmQIm8Gt8SlWYP04TX8Vd/+X/F1ft3sZjesVnYWa1iNOilHKi8m1EgVyKFhlESHH7g9LBSeYfRDDEpd3ISJ8dHTK/4vkraqmjhKKxionbwXKS3addDdQhRJyNQOwNKGnutAIOzBteeatBajrYedv2eDimeY8baYL/OHTXkTEcVoKzux+He4L56AZGzBjhIrJXA/RM5QRQhkjfz0gA2Rp9vDhSOTUFozeylYswm9nvoxJ/G+cV5dIbdzpaBqGGlAIOLxRei105vRO3bzC9bDVzuxtPUmB/X3hzl+RKN5gbR3DWluQ9VgswXd24gNyfsaOJKWgcNOBwUTSnWIm4p9qs7vcmd8iGhHBEHpHqMMoP+iKAAtjXhCyAAgYl9zJM0NJqkWqjHkg20hKtpcIOMUp6JR6m/3nD12n/+67+Ku5tryv4A5oWBHA37yfVKioklXJ3vN003CSvr7oryomU4uFfof5yfHsfhSIcid2+VMqLeA3PpdK0N7Trt0v25H/Xx20WkbSf9s3HU6J6OK6dJ8RqGaGkQzTSoaSVwdsj95wgjGMxrG6L5sdmIXaBpLd6dBEW6NBCsLledmjUqxriHEhVh9eFVa6knTcezCm7bwqIiGAcmQGds9q5pHMcnZ/HkybN49Nln0QEi6Kup3FN/xX+BFsXmXZYV8i6VoKaLn+sLmOJ06YlbKkmtIdKbJXrEQnfn+TitxrUI5R3lVJsZty4SxaHh4BoHfxLlIVmz5vMlXzYs7QIym3x+fXxnVANejubkAANP2h0I+BS5vaSOQKEeJskypYtI/vNSoHQOgJ5x4FbruLr6GC9//St20xE9oKi4t1xmr8KezZ8r7YBojrw2A5VRxOQPAUyBEBx3DQ7R/ziO4WDoEfFyPXgf7ZSy37NlBClxup2WbVGskgXcEA93a6R0VrTfjHZCsWws27CtIofFqNXz4HRkYhAefeDjU0XGlCCIfcM5sOeB1Go0IlqFpjKMhMtQwUDPDKYoVLqhWhQ4nbrD+DsxAydvHXFwdByPnmD9x5M4OjqJPURkIIL1QJogpw9HPy80tPEuOVDAFCtJXRRQkHqI8/td5cW2u22RURpbwwita+qVFtDL5Lo3F44Slc4bn9NtMue8IU0n2v/m52J+uSWIbLVFwNSl11ueCaaHOkTTiFreg3SGGPtgEMMRcl+BBd1+jTbq08N4V3H14UO8+u5b8bAo1AZlRYjHpchZs5+xfAYiZhpzrjA5MiwhV5wtSSXEo+GI46REbFgn3W/6MWrbsTWcKqdY1VnVAp4HvukX7KZY/rkj95aBNH2Q0vTcqj3S4CyUgH2KngUpMzgq2hU91IgFpQReEc4AhbnRKqOdqMGgC4ZDnRDrFvij9+Keimbe0cHHwqGT8/O4ePwszh495vZgHHrw60iIrSmTbpH/TrYCPLWBqbyDDjk0kJTEadeqmfIuqnxTFJcbKLSM6h+sRWSFyp912Au5MGcM+L6sg5UzJxQQyKWMxUIIqeX7ykEfz1eIDVyXiFYynJm6Od6KCceUxqFBmroK5RbOrZsFIMo+UjI2PSl8gWJREQQs3dvL67i++shxV8rvwOBApdmDWF+eJKazitu+tkRwnPcbuABvbA3RBQ1WAdGDztPp6WlxZj70RqeUaqTusBfDGGfMQtyR1AwCOyNG4HwPNtYyCJUNSiJZRaCjgYK5tuGBmiOnQ4ujSoIgtsU5ZZPx5QHOeSCidoiaGcXBiFavDCkx9AeUYnFMogs3JICjiKYbvSKSlkxQyrf24+D4NB4/fRbHJxexD7FEbgTWQN3/C8UR1XZc1GXyAAAAAElFTkSuQmCC','Web Developer');
/*!40000 ALTER TABLE `profile` ENABLE KEYS */;
UNLOCK TABLES;

--
-- Table structure for table `province`
--

DROP TABLE IF EXISTS `province`;
/*!40101 SET @saved_cs_client     = @@character_set_client */;
/*!40101 SET character_set_client = utf8 */;
CREATE TABLE `province` (
  `id` int(11) NOT NULL AUTO_INCREMENT,
  `code` varchar(2) NOT NULL,
  `name` varchar(45) NOT NULL,
  PRIMARY KEY (`id`),
  UNIQUE KEY `code_UNIQUE` (`code`),
  UNIQUE KEY `name_UNIQUE` (`name`)
) ENGINE=InnoDB AUTO_INCREMENT=2 DEFAULT CHARSET=utf8;
/*!40101 SET character_set_client = @saved_cs_client */;

--
-- Dumping data for table `province`
--

LOCK TABLES `province` WRITE;
/*!40000 ALTER TABLE `province` DISABLE KEYS */;
INSERT INTO `province` VALUES (1,'PE','Pescara');
/*!40000 ALTER TABLE `province` ENABLE KEYS */;
UNLOCK TABLES;

--
-- Table structure for table `supplier`
--

DROP TABLE IF EXISTS `supplier`;
/*!40101 SET @saved_cs_client     = @@character_set_client */;
/*!40101 SET character_set_client = utf8 */;
CREATE TABLE `supplier` (
  `id` int(11) NOT NULL AUTO_INCREMENT COMMENT 'Codice',
  `name` varchar(45) NOT NULL COMMENT 'Denominazione',
  `vat` varchar(11) DEFAULT NULL COMMENT 'Partita Iva',
  `country_code` varchar(2) NOT NULL DEFAULT 'IT' COMMENT 'Codice Paese',
  `phone` varchar(20) DEFAULT NULL COMMENT 'Telefono',
  `mobile` varchar(20) DEFAULT NULL COMMENT 'Cellulare',
  `fax` varchar(20) DEFAULT NULL COMMENT 'Fax',
  `note` text COMMENT 'Note',
  `tax_code` varchar(16) DEFAULT NULL COMMENT 'Codice Fiscale',
  `email` varchar(45) DEFAULT NULL COMMENT 'Email',
  `pec` varchar(45) DEFAULT NULL COMMENT 'Pec',
  `address` varchar(255) DEFAULT NULL COMMENT 'Indirizzo',
  `cap` varchar(5) DEFAULT NULL COMMENT 'Cap',
  `city` varchar(45) DEFAULT NULL COMMENT 'Comune',
  `province` varchar(45) DEFAULT NULL COMMENT 'Provincia',
  `referent` varchar(45) DEFAULT NULL COMMENT 'Referente',
  PRIMARY KEY (`id`)
) ENGINE=InnoDB AUTO_INCREMENT=59 DEFAULT CHARSET=latin1;
/*!40101 SET character_set_client = @saved_cs_client */;

--
-- Dumping data for table `supplier`
--

LOCK TABLES `supplier` WRITE;
/*!40000 ALTER TABLE `supplier` DISABLE KEYS */;
/*!40000 ALTER TABLE `supplier` ENABLE KEYS */;
UNLOCK TABLES;

--
-- Table structure for table `user`
--

DROP TABLE IF EXISTS `user`;
/*!40101 SET @saved_cs_client     = @@character_set_client */;
/*!40101 SET character_set_client = utf8 */;
CREATE TABLE `user` (
  `id` int(11) NOT NULL AUTO_INCREMENT,
  `username` varchar(255) NOT NULL,
  `auth_key` varchar(32) NOT NULL,
  `password_hash` varchar(255) NOT NULL,
  `confirmation_token` varchar(255) DEFAULT NULL,
  `status` int(11) NOT NULL DEFAULT '1',
  `superadmin` smallint(6) DEFAULT '0',
  `created_at` int(11) NOT NULL,
  `updated_at` int(11) NOT NULL,
  `registration_ip` varchar(15) DEFAULT NULL,
  `bind_to_ip` varchar(255) DEFAULT NULL,
  `email` varchar(128) DEFAULT NULL,
  `email_confirmed` smallint(1) NOT NULL DEFAULT '0',
  PRIMARY KEY (`id`)
) ENGINE=InnoDB AUTO_INCREMENT=2 DEFAULT CHARSET=utf8;
/*!40101 SET character_set_client = @saved_cs_client */;

--
-- Dumping data for table `user`
--

LOCK TABLES `user` WRITE;
/*!40000 ALTER TABLE `user` DISABLE KEYS */;
INSERT INTO `user` VALUES (1,'superadmin','pKxuTjKRxeooA3ahqE28STf1LtSBYHZX','$2y$13$wOhcIp25X8EcXcuWiVfNLeMQmh0gjBS5vX9Ei6p/6xqtj84wYVoEi',NULL,1,1,1513364570,1513364570,NULL,NULL,NULL,0);
/*!40000 ALTER TABLE `user` ENABLE KEYS */;
UNLOCK TABLES;

--
-- Table structure for table `user_visit_log`
--

DROP TABLE IF EXISTS `user_visit_log`;
/*!40101 SET @saved_cs_client     = @@character_set_client */;
/*!40101 SET character_set_client = utf8 */;
CREATE TABLE `user_visit_log` (
  `id` int(11) NOT NULL AUTO_INCREMENT,
  `token` varchar(255) NOT NULL,
  `ip` varchar(15) NOT NULL,
  `language` char(2) NOT NULL,
  `user_agent` varchar(255) NOT NULL,
  `user_id` int(11) DEFAULT NULL,
  `visit_time` int(11) NOT NULL,
  `browser` varchar(30) DEFAULT NULL,
  `os` varchar(20) DEFAULT NULL,
  PRIMARY KEY (`id`),
  KEY `user_id` (`user_id`),
  CONSTRAINT `user_visit_log_ibfk_1` FOREIGN KEY (`user_id`) REFERENCES `user` (`id`) ON DELETE SET NULL ON UPDATE CASCADE
) ENGINE=InnoDB AUTO_INCREMENT=112 DEFAULT CHARSET=utf8;
/*!40101 SET character_set_client = @saved_cs_client */;

--
-- Dumping data for table `user_visit_log`
--

LOCK TABLES `user_visit_log` WRITE;
/*!40000 ALTER TABLE `user_visit_log` DISABLE KEYS */;
INSERT INTO `user_visit_log` VALUES (1,'5a341d2a083e7','127.0.0.1','en','Mozilla/5.0 (X11; Linux x86_64) AppleWebKit/537.36 (KHTML, like Gecko) Chrome/63.0.3239.108 Safari/537.36',1,1513364778,'Chrome','Linux'),(2,'5a341e37affb3','127.0.0.1','en','Mozilla/5.0 (X11; Linux x86_64) AppleWebKit/537.36 (KHTML, like Gecko) Chrome/63.0.3239.108 Safari/537.36',1,1513365047,'Chrome','Linux'),(3,'5a341f34d4e4f','127.0.0.1','en','Mozilla/5.0 (X11; Linux x86_64) AppleWebKit/537.36 (KHTML, like Gecko) Chrome/63.0.3239.108 Safari/537.36',1,1513365300,'Chrome','Linux'),(4,'5a3424fc3a179','127.0.0.1','en','Mozilla/5.0 (X11; Linux x86_64) AppleWebKit/537.36 (KHTML, like Gecko) Chrome/63.0.3239.108 Safari/537.36',1,1513366780,'Chrome','Linux'),(5,'5a34527a396be','127.0.0.1','en','Mozilla/5.0 (X11; Linux x86_64) AppleWebKit/537.36 (KHTML, like Gecko) Chrome/63.0.3239.108 Safari/537.36',1,1513378426,'Chrome','Linux'),(6,'5a3462e87e033','127.0.0.1','en','Mozilla/5.0 (X11; Linux x86_64) AppleWebKit/537.36 (KHTML, like Gecko) Chrome/63.0.3239.108 Safari/537.36',1,1513382632,'Chrome','Linux'),(7,'5a3465a6d6c66','127.0.0.1','en','Mozilla/5.0 (X11; Linux x86_64) AppleWebKit/537.36 (KHTML, like Gecko) Chrome/63.0.3239.108 Safari/537.36',1,1513383334,'Chrome','Linux'),(8,'5a3466355ba11','127.0.0.1','en','Mozilla/5.0 (X11; Linux x86_64) AppleWebKit/537.36 (KHTML, like Gecko) Chrome/63.0.3239.108 Safari/537.36',1,1513383477,'Chrome','Linux'),(9,'5a3468079ec75','127.0.0.1','en','Mozilla/5.0 (X11; Linux x86_64) AppleWebKit/537.36 (KHTML, like Gecko) Chrome/63.0.3239.108 Safari/537.36',1,1513383943,'Chrome','Linux'),(10,'5a346837ee0b0','127.0.0.1','en','Mozilla/5.0 (X11; Linux x86_64) AppleWebKit/537.36 (KHTML, like Gecko) Chrome/63.0.3239.108 Safari/537.36',1,1513383991,'Chrome','Linux'),(11,'5a346ad5008fd','127.0.0.1','en','Mozilla/5.0 (X11; Linux x86_64) AppleWebKit/537.36 (KHTML, like Gecko) Chrome/63.0.3239.108 Safari/537.36',1,1513384660,'Chrome','Linux'),(12,'5a346ae8a502d','127.0.0.1','en','Mozilla/5.0 (X11; Linux x86_64) AppleWebKit/537.36 (KHTML, like Gecko) Chrome/63.0.3239.108 Safari/537.36',1,1513384680,'Chrome','Linux'),(13,'5a346ae98786c','127.0.0.1','en','Mozilla/5.0 (X11; Linux x86_64) AppleWebKit/537.36 (KHTML, like Gecko) Chrome/63.0.3239.108 Safari/537.36',1,1513384681,'Chrome','Linux'),(14,'5a346d5b4fa3d','127.0.0.1','en','Mozilla/5.0 (X11; Linux x86_64) AppleWebKit/537.36 (KHTML, like Gecko) Chrome/63.0.3239.108 Safari/537.36',1,1513385307,'Chrome','Linux'),(15,'5a346d8b1f5ed','127.0.0.1','en','Mozilla/5.0 (X11; Linux x86_64) AppleWebKit/537.36 (KHTML, like Gecko) Chrome/63.0.3239.108 Safari/537.36',1,1513385355,'Chrome','Linux'),(16,'5a346dab91928','127.0.0.1','en','Mozilla/5.0 (X11; Linux x86_64) AppleWebKit/537.36 (KHTML, like Gecko) Chrome/63.0.3239.108 Safari/537.36',1,1513385387,'Chrome','Linux'),(17,'5a346dba64d25','127.0.0.1','en','Mozilla/5.0 (X11; Linux x86_64) AppleWebKit/537.36 (KHTML, like Gecko) Chrome/63.0.3239.108 Safari/537.36',1,1513385402,'Chrome','Linux'),(18,'5a346ddbbb27c','127.0.0.1','en','Mozilla/5.0 (X11; Linux x86_64) AppleWebKit/537.36 (KHTML, like Gecko) Chrome/63.0.3239.108 Safari/537.36',1,1513385435,'Chrome','Linux'),(19,'5a346df57f727','127.0.0.1','en','Mozilla/5.0 (X11; Linux x86_64) AppleWebKit/537.36 (KHTML, like Gecko) Chrome/63.0.3239.108 Safari/537.36',1,1513385461,'Chrome','Linux'),(20,'5a346ee23da0f','127.0.0.1','en','Mozilla/5.0 (X11; Linux x86_64) AppleWebKit/537.36 (KHTML, like Gecko) Chrome/63.0.3239.108 Safari/537.36',1,1513385698,'Chrome','Linux'),(21,'5a346ef6e08e3','127.0.0.1','en','Mozilla/5.0 (X11; Linux x86_64) AppleWebKit/537.36 (KHTML, like Gecko) Chrome/63.0.3239.108 Safari/537.36',1,1513385718,'Chrome','Linux'),(22,'5a346f3a9459d','127.0.0.1','en','Mozilla/5.0 (X11; Linux x86_64) AppleWebKit/537.36 (KHTML, like Gecko) Chrome/63.0.3239.108 Safari/537.36',1,1513385786,'Chrome','Linux'),(23,'5a346f485d9a1','127.0.0.1','en','Mozilla/5.0 (X11; Linux x86_64) AppleWebKit/537.36 (KHTML, like Gecko) Chrome/63.0.3239.108 Safari/537.36',1,1513385800,'Chrome','Linux'),(24,'5a346fdd05c55','127.0.0.1','en','Mozilla/5.0 (X11; Linux x86_64) AppleWebKit/537.36 (KHTML, like Gecko) Chrome/63.0.3239.108 Safari/537.36',1,1513385949,'Chrome','Linux'),(25,'5a346fea41633','127.0.0.1','en','Mozilla/5.0 (X11; Linux x86_64) AppleWebKit/537.36 (KHTML, like Gecko) Chrome/63.0.3239.108 Safari/537.36',1,1513385962,'Chrome','Linux'),(26,'5a346ff1a8e79','127.0.0.1','en','Mozilla/5.0 (X11; Linux x86_64) AppleWebKit/537.36 (KHTML, like Gecko) Chrome/63.0.3239.108 Safari/537.36',1,1513385969,'Chrome','Linux'),(27,'5a3470a7d6b62','127.0.0.1','en','Mozilla/5.0 (X11; Linux x86_64) AppleWebKit/537.36 (KHTML, like Gecko) Chrome/63.0.3239.108 Safari/537.36',1,1513386151,'Chrome','Linux'),(28,'5a3470b83b619','127.0.0.1','en','Mozilla/5.0 (X11; Linux x86_64) AppleWebKit/537.36 (KHTML, like Gecko) Chrome/63.0.3239.108 Safari/537.36',1,1513386168,'Chrome','Linux'),(29,'5a3470c63aad1','127.0.0.1','en','Mozilla/5.0 (X11; Linux x86_64) AppleWebKit/537.36 (KHTML, like Gecko) Chrome/63.0.3239.108 Safari/537.36',1,1513386182,'Chrome','Linux'),(30,'5a3470ebed3a8','127.0.0.1','en','Mozilla/5.0 (X11; Linux x86_64) AppleWebKit/537.36 (KHTML, like Gecko) Chrome/63.0.3239.108 Safari/537.36',1,1513386219,'Chrome','Linux'),(31,'5a3470f76a34d','127.0.0.1','en','Mozilla/5.0 (X11; Linux x86_64) AppleWebKit/537.36 (KHTML, like Gecko) Chrome/63.0.3239.108 Safari/537.36',1,1513386231,'Chrome','Linux'),(32,'5a3471319ccb9','127.0.0.1','en','Mozilla/5.0 (X11; Linux x86_64) AppleWebKit/537.36 (KHTML, like Gecko) Chrome/63.0.3239.108 Safari/537.36',1,1513386289,'Chrome','Linux'),(33,'5a34713e522de','127.0.0.1','en','Mozilla/5.0 (X11; Linux x86_64) AppleWebKit/537.36 (KHTML, like Gecko) Chrome/63.0.3239.108 Safari/537.36',1,1513386302,'Chrome','Linux'),(34,'5a3471f6aa8ed','127.0.0.1','en','Mozilla/5.0 (X11; Linux x86_64) AppleWebKit/537.36 (KHTML, like Gecko) Chrome/63.0.3239.108 Safari/537.36',1,1513386486,'Chrome','Linux'),(35,'5a34728ae98c7','127.0.0.1','en','Mozilla/5.0 (X11; Linux x86_64) AppleWebKit/537.36 (KHTML, like Gecko) Chrome/63.0.3239.108 Safari/537.36',1,1513386634,'Chrome','Linux'),(36,'5a3476fb6fe16','127.0.0.1','en','Mozilla/5.0 (X11; Linux x86_64) AppleWebKit/537.36 (KHTML, like Gecko) Chrome/63.0.3239.108 Safari/537.36',1,1513387771,'Chrome','Linux'),(37,'5a347748ee639','127.0.0.1','en','Mozilla/5.0 (X11; Linux x86_64) AppleWebKit/537.36 (KHTML, like Gecko) Chrome/63.0.3239.108 Safari/537.36',1,1513387848,'Chrome','Linux'),(38,'5a347750125a0','127.0.0.1','en','Mozilla/5.0 (X11; Linux x86_64) AppleWebKit/537.36 (KHTML, like Gecko) Chrome/63.0.3239.108 Safari/537.36',1,1513387856,'Chrome','Linux'),(39,'5a3477a0a9f1b','127.0.0.1','en','Mozilla/5.0 (X11; Linux x86_64) AppleWebKit/537.36 (KHTML, like Gecko) Chrome/63.0.3239.108 Safari/537.36',1,1513387936,'Chrome','Linux'),(40,'5a3477d73ed34','127.0.0.1','en','Mozilla/5.0 (X11; Linux x86_64) AppleWebKit/537.36 (KHTML, like Gecko) Chrome/63.0.3239.108 Safari/537.36',1,1513387991,'Chrome','Linux'),(41,'5a34786a960bb','127.0.0.1','en','Mozilla/5.0 (X11; Linux x86_64) AppleWebKit/537.36 (KHTML, like Gecko) Chrome/63.0.3239.108 Safari/537.36',1,1513388138,'Chrome','Linux'),(42,'5a34fbcf7925c','127.0.0.1','en','Mozilla/5.0 (X11; Linux x86_64) AppleWebKit/537.36 (KHTML, like Gecko) Chrome/63.0.3239.108 Safari/537.36',1,1513421775,'Chrome','Linux'),(43,'5a3503b284207','127.0.0.1','en','Mozilla/5.0 (X11; Linux x86_64) AppleWebKit/537.36 (KHTML, like Gecko) Chrome/63.0.3239.108 Safari/537.36',1,1513423794,'Chrome','Linux'),(44,'5a35064adff6d','127.0.0.1','en','Mozilla/5.0 (X11; Linux x86_64) AppleWebKit/537.36 (KHTML, like Gecko) Chrome/63.0.3239.108 Safari/537.36',1,1513424458,'Chrome','Linux'),(45,'5a3506721f69c','127.0.0.1','en','Mozilla/5.0 (X11; Linux x86_64) AppleWebKit/537.36 (KHTML, like Gecko) Chrome/63.0.3239.108 Safari/537.36',1,1513424498,'Chrome','Linux'),(46,'5a350699098e5','127.0.0.1','en','Mozilla/5.0 (X11; Linux x86_64) AppleWebKit/537.36 (KHTML, like Gecko) Chrome/63.0.3239.108 Safari/537.36',1,1513424537,'Chrome','Linux'),(47,'5a3506b4ea255','127.0.0.1','en','Mozilla/5.0 (X11; Linux x86_64) AppleWebKit/537.36 (KHTML, like Gecko) Chrome/63.0.3239.108 Safari/537.36',1,1513424564,'Chrome','Linux'),(48,'5a3506e2dd1fd','127.0.0.1','en','Mozilla/5.0 (X11; Linux x86_64) AppleWebKit/537.36 (KHTML, like Gecko) Chrome/63.0.3239.108 Safari/537.36',1,1513424610,'Chrome','Linux'),(49,'5a350825233cb','127.0.0.1','en','Mozilla/5.0 (X11; Linux x86_64) AppleWebKit/537.36 (KHTML, like Gecko) Chrome/63.0.3239.108 Safari/537.36',1,1513424933,'Chrome','Linux'),(50,'5a3508525f689','127.0.0.1','en','Mozilla/5.0 (X11; Linux x86_64) AppleWebKit/537.36 (KHTML, like Gecko) Chrome/63.0.3239.108 Safari/537.36',1,1513424978,'Chrome','Linux'),(51,'5a3508e269d57','127.0.0.1','en','Mozilla/5.0 (X11; Linux x86_64) AppleWebKit/537.36 (KHTML, like Gecko) Chrome/63.0.3239.108 Safari/537.36',1,1513425122,'Chrome','Linux'),(52,'5a35092889ae7','127.0.0.1','en','Mozilla/5.0 (X11; Linux x86_64) AppleWebKit/537.36 (KHTML, like Gecko) Chrome/63.0.3239.108 Safari/537.36',1,1513425192,'Chrome','Linux'),(53,'5a351129925e5','127.0.0.1','en','Mozilla/5.0 (X11; Linux x86_64) AppleWebKit/537.36 (KHTML, like Gecko) Chrome/63.0.3239.108 Safari/537.36',1,1513427241,'Chrome','Linux'),(54,'5a3511eb643bc','127.0.0.1','en','Mozilla/5.0 (X11; Linux x86_64) AppleWebKit/537.36 (KHTML, like Gecko) Chrome/63.0.3239.108 Safari/537.36',1,1513427435,'Chrome','Linux'),(55,'5a351f78cb231','127.0.0.1','en','Mozilla/5.0 (X11; Linux x86_64) AppleWebKit/537.36 (KHTML, like Gecko) Chrome/63.0.3239.108 Safari/537.36',1,1513430904,'Chrome','Linux'),(56,'5a351f81aceb1','127.0.0.1','en','Mozilla/5.0 (X11; Linux x86_64) AppleWebKit/537.36 (KHTML, like Gecko) Chrome/63.0.3239.108 Safari/537.36',1,1513430913,'Chrome','Linux'),(57,'5a352306deb91','127.0.0.1','en','Mozilla/5.0 (X11; Linux x86_64) AppleWebKit/537.36 (KHTML, like Gecko) Chrome/63.0.3239.108 Safari/537.36',1,1513431814,'Chrome','Linux'),(58,'5a3528847699d','127.0.0.1','en','Mozilla/5.0 (X11; Linux x86_64) AppleWebKit/537.36 (KHTML, like Gecko) Chrome/63.0.3239.108 Safari/537.36',1,1513433220,'Chrome','Linux'),(59,'5a352a13a87ce','127.0.0.1','en','Mozilla/5.0 (X11; Linux x86_64) AppleWebKit/537.36 (KHTML, like Gecko) Chrome/63.0.3239.108 Safari/537.36',1,1513433619,'Chrome','Linux'),(60,'5a352a3451707','127.0.0.1','en','Mozilla/5.0 (X11; Linux x86_64) AppleWebKit/537.36 (KHTML, like Gecko) Chrome/63.0.3239.108 Safari/537.36',1,1513433652,'Chrome','Linux'),(61,'5a352a7e1c76c','127.0.0.1','en','Mozilla/5.0 (X11; Linux x86_64) AppleWebKit/537.36 (KHTML, like Gecko) Chrome/63.0.3239.108 Safari/537.36',1,1513433726,'Chrome','Linux'),(62,'5a352adb3f4ce','127.0.0.1','en','Mozilla/5.0 (X11; Linux x86_64) AppleWebKit/537.36 (KHTML, like Gecko) Chrome/63.0.3239.108 Safari/537.36',1,1513433819,'Chrome','Linux'),(63,'5a353330a5d78','127.0.0.1','en','Mozilla/5.0 (X11; Linux x86_64) AppleWebKit/537.36 (KHTML, like Gecko) Chrome/63.0.3239.108 Safari/537.36',1,1513435952,'Chrome','Linux'),(64,'5a353348e7b34','127.0.0.1','en','Mozilla/5.0 (X11; Linux x86_64) AppleWebKit/537.36 (KHTML, like Gecko) Chrome/63.0.3239.108 Safari/537.36',1,1513435976,'Chrome','Linux'),(65,'5a353379b230d','127.0.0.1','en','Mozilla/5.0 (X11; Linux x86_64) AppleWebKit/537.36 (KHTML, like Gecko) Chrome/63.0.3239.108 Safari/537.36',1,1513436025,'Chrome','Linux'),(66,'5a35337ea07b6','127.0.0.1','en','Mozilla/5.0 (X11; Linux x86_64) AppleWebKit/537.36 (KHTML, like Gecko) Chrome/63.0.3239.108 Safari/537.36',1,1513436030,'Chrome','Linux'),(67,'5a3537fda1452','127.0.0.1','en','Mozilla/5.0 (X11; Linux x86_64) AppleWebKit/537.36 (KHTML, like Gecko) Chrome/63.0.3239.108 Safari/537.36',1,1513437181,'Chrome','Linux'),(68,'5a3538094e80d','127.0.0.1','en','Mozilla/5.0 (X11; Linux x86_64) AppleWebKit/537.36 (KHTML, like Gecko) Chrome/63.0.3239.108 Safari/537.36',1,1513437193,'Chrome','Linux'),(69,'5a3538339bde5','127.0.0.1','en','Mozilla/5.0 (X11; Linux x86_64) AppleWebKit/537.36 (KHTML, like Gecko) Chrome/63.0.3239.108 Safari/537.36',1,1513437235,'Chrome','Linux'),(70,'5a3581dc7fa65','127.0.0.1','en','Mozilla/5.0 (X11; Linux x86_64) AppleWebKit/537.36 (KHTML, like Gecko) Chrome/63.0.3239.108 Safari/537.36',1,1513456092,'Chrome','Linux'),(71,'5a36493ee9a31','127.0.0.1','en','Mozilla/5.0 (X11; Linux x86_64) AppleWebKit/537.36 (KHTML, like Gecko) Chrome/63.0.3239.108 Safari/537.36',1,1513507134,'Chrome','Linux'),(72,'5a36532370dd0','127.0.0.1','en','Mozilla/5.0 (X11; Linux x86_64) AppleWebKit/537.36 (KHTML, like Gecko) Chrome/63.0.3239.108 Safari/537.36',1,1513509667,'Chrome','Linux'),(73,'5a365fab29fbd','127.0.0.1','en','Mozilla/5.0 (X11; Linux x86_64) AppleWebKit/537.36 (KHTML, like Gecko) Chrome/63.0.3239.108 Safari/537.36',1,1513512875,'Chrome','Linux'),(74,'5a36622c5a0c2','127.0.0.1','en','Mozilla/5.0 (X11; Linux x86_64) AppleWebKit/537.36 (KHTML, like Gecko) Chrome/63.0.3239.108 Safari/537.36',1,1513513516,'Chrome','Linux'),(75,'5a36c747cb017','127.0.0.1','en','Mozilla/5.0 (X11; Linux x86_64) AppleWebKit/537.36 (KHTML, like Gecko) Chrome/63.0.3239.108 Safari/537.36',1,1513539399,'Chrome','Linux'),(76,'5a36c89e79767','127.0.0.1','en','Mozilla/5.0 (X11; Linux x86_64) AppleWebKit/537.36 (KHTML, like Gecko) Chrome/63.0.3239.108 Safari/537.36',1,1513539742,'Chrome','Linux'),(77,'5a36e235016f7','127.0.0.1','en','Mozilla/5.0 (X11; Linux x86_64) AppleWebKit/537.36 (KHTML, like Gecko) Chrome/63.0.3239.108 Safari/537.36',1,1513546293,'Chrome','Linux'),(78,'5a36e261a75a6','127.0.0.1','en','Mozilla/5.0 (X11; Linux x86_64) AppleWebKit/537.36 (KHTML, like Gecko) Chrome/63.0.3239.108 Safari/537.36',1,1513546337,'Chrome','Linux'),(79,'5a37abc9098fe','127.0.0.1','en','Mozilla/5.0 (X11; Linux x86_64) AppleWebKit/537.36 (KHTML, like Gecko) Chrome/63.0.3239.108 Safari/537.36',1,1513597897,'Chrome','Linux'),(80,'5a37b0327cd6e','127.0.0.1','en','Mozilla/5.0 (X11; Linux x86_64) AppleWebKit/537.36 (KHTML, like Gecko) Chrome/63.0.3239.108 Safari/537.36',1,1513599026,'Chrome','Linux'),(81,'5a37e83e64fbd','127.0.0.1','en','Mozilla/5.0 (X11; Linux x86_64) AppleWebKit/537.36 (KHTML, like Gecko) Chrome/63.0.3239.108 Safari/537.36',1,1513613374,'Chrome','Linux'),(82,'5a382f7a4fc7d','127.0.0.1','en','Mozilla/5.0 (X11; Linux x86_64) AppleWebKit/537.36 (KHTML, like Gecko) Chrome/63.0.3239.108 Safari/537.36',1,1513631610,'Chrome','Linux'),(83,'5a3833cc846b6','127.0.0.1','en','Mozilla/5.0 (X11; Linux x86_64) AppleWebKit/537.36 (KHTML, like Gecko) Chrome/63.0.3239.108 Safari/537.36',1,1513632716,'Chrome','Linux'),(84,'5a3835c20a393','127.0.0.1','en','Mozilla/5.0 (X11; Linux x86_64) AppleWebKit/537.36 (KHTML, like Gecko) Chrome/63.0.3239.108 Safari/537.36',1,1513633218,'Chrome','Linux'),(85,'5a38360b001c3','127.0.0.1','en','Mozilla/5.0 (X11; Linux x86_64) AppleWebKit/537.36 (KHTML, like Gecko) Chrome/63.0.3239.108 Safari/537.36',1,1513633290,'Chrome','Linux'),(86,'5a3836ee21408','127.0.0.1','en','Mozilla/5.0 (X11; Linux x86_64) AppleWebKit/537.36 (KHTML, like Gecko) Chrome/63.0.3239.108 Safari/537.36',1,1513633518,'Chrome','Linux'),(87,'5a3836f7514ef','127.0.0.1','en','Mozilla/5.0 (X11; Linux x86_64) AppleWebKit/537.36 (KHTML, like Gecko) Chrome/63.0.3239.108 Safari/537.36',1,1513633527,'Chrome','Linux'),(88,'5a3849877dd8b','127.0.0.1','en','Mozilla/5.0 (X11; Linux x86_64) AppleWebKit/537.36 (KHTML, like Gecko) Chrome/63.0.3239.108 Safari/537.36',1,1513638279,'Chrome','Linux'),(89,'5a3901058b33b','127.0.0.1','en','Mozilla/5.0 (X11; Linux x86_64) AppleWebKit/537.36 (KHTML, like Gecko) Chrome/63.0.3239.108 Safari/537.36',1,1513685253,'Chrome','Linux'),(90,'5a391b8bdf90b','127.0.0.1','en','Mozilla/5.0 (X11; Linux x86_64) AppleWebKit/537.36 (KHTML, like Gecko) Chrome/63.0.3239.108 Safari/537.36',1,1513692043,'Chrome','Linux'),(91,'5a393f2f0ce57','::1','it','Mozilla/5.0 (Macintosh; Intel Mac OS X 10_13_2) AppleWebKit/537.36 (KHTML, like Gecko) Chrome/63.0.3239.84 Safari/537.36',1,1513701167,'Chrome','mac'),(92,'5a393f30e2753','::1','it','Mozilla/5.0 (Macintosh; Intel Mac OS X 10_13_2) AppleWebKit/537.36 (KHTML, like Gecko) Chrome/63.0.3239.84 Safari/537.36',1,1513701168,'Chrome','mac'),(93,'5a393f3b5b6eb','::1','it','Mozilla/5.0 (Macintosh; Intel Mac OS X 10_13_2) AppleWebKit/537.36 (KHTML, like Gecko) Chrome/63.0.3239.84 Safari/537.36',1,1513701179,'Chrome','mac'),(94,'5a393fc93db7f','::1','it','Mozilla/5.0 (Macintosh; Intel Mac OS X 10_13_2) AppleWebKit/537.36 (KHTML, like Gecko) Chrome/63.0.3239.84 Safari/537.36',1,1513701321,'Chrome','mac'),(95,'5a3a369d8b109','::1','it','Mozilla/5.0 (Macintosh; Intel Mac OS X 10_13_2) AppleWebKit/537.36 (KHTML, like Gecko) Chrome/63.0.3239.84 Safari/537.36',1,1513764509,'Chrome','mac'),(96,'5a3a59e632271','::1','it','Mozilla/5.0 (Macintosh; Intel Mac OS X 10_13_2) AppleWebKit/537.36 (KHTML, like Gecko) Chrome/63.0.3239.84 Safari/537.36',1,1513773542,'Chrome','mac'),(97,'5a3a8036264cc','::1','it','Mozilla/5.0 (Macintosh; Intel Mac OS X 10_13_2) AppleWebKit/537.36 (KHTML, like Gecko) Chrome/63.0.3239.84 Safari/537.36',1,1513783350,'Chrome','mac'),(98,'5a3a8632b9282','::1','it','Mozilla/5.0 (Macintosh; Intel Mac OS X 10_13_2) AppleWebKit/537.36 (KHTML, like Gecko) Chrome/63.0.3239.84 Safari/537.36',1,1513784882,'Chrome','mac'),(99,'5a3a8b63f2bda','::1','it','Mozilla/5.0 (Macintosh; Intel Mac OS X 10_13_2) AppleWebKit/537.36 (KHTML, like Gecko) Chrome/63.0.3239.84 Safari/537.36',1,1513786211,'Chrome','mac'),(100,'5a3a8b6662f4e','::1','it','Mozilla/5.0 (Macintosh; Intel Mac OS X 10_13_2) AppleWebKit/537.36 (KHTML, like Gecko) Chrome/63.0.3239.84 Safari/537.36',1,1513786214,'Chrome','mac'),(101,'5a3ac5ebd3401','::1','it','Mozilla/5.0 (Macintosh; Intel Mac OS X 10_13_2) AppleWebKit/604.4.7 (KHTML, like Gecko) Version/11.0.2 Safari/604.4.7',1,1513801195,'Safari','mac'),(102,'5a3ac60d2ae40','::1','it','Mozilla/5.0 (Macintosh; Intel Mac OS X 10_13_2) AppleWebKit/537.36 (KHTML, like Gecko) Chrome/63.0.3239.84 Safari/537.36',1,1513801229,'Chrome','mac'),(103,'5a3bb8034b91b','::1','it','Mozilla/5.0 (Macintosh; Intel Mac OS X 10_13_2) AppleWebKit/537.36 (KHTML, like Gecko) Chrome/63.0.3239.84 Safari/537.36',1,1513863171,'Chrome','mac'),(104,'5a3bb9e345f38','::1','it','Mozilla/5.0 (Macintosh; Intel Mac OS X 10_13_2) AppleWebKit/537.36 (KHTML, like Gecko) Chrome/63.0.3239.84 Safari/537.36',1,1513863651,'Chrome','mac'),(105,'5a3bba95e2cfd','::1','it','Mozilla/5.0 (Macintosh; Intel Mac OS X 10_13_2) AppleWebKit/537.36 (KHTML, like Gecko) Chrome/63.0.3239.84 Safari/537.36',1,1513863829,'Chrome','mac'),(106,'5a3bbabd0fb82','::1','it','Mozilla/5.0 (Macintosh; Intel Mac OS X 10_13_2) AppleWebKit/537.36 (KHTML, like Gecko) Chrome/63.0.3239.84 Safari/537.36',1,1513863869,'Chrome','mac'),(107,'5a3bbaff2d8c5','::1','it','Mozilla/5.0 (Macintosh; Intel Mac OS X 10_13_2) AppleWebKit/537.36 (KHTML, like Gecko) Chrome/63.0.3239.84 Safari/537.36',1,1513863935,'Chrome','mac'),(108,'5a3bbb372e9c2','::1','it','Mozilla/5.0 (Macintosh; Intel Mac OS X 10_13_2) AppleWebKit/537.36 (KHTML, like Gecko) Chrome/63.0.3239.84 Safari/537.36',1,1513863991,'Chrome','mac'),(109,'5a3bbc0fa690d','::1','it','Mozilla/5.0 (Macintosh; Intel Mac OS X 10_13_2) AppleWebKit/537.36 (KHTML, like Gecko) Chrome/63.0.3239.84 Safari/537.36',1,1513864207,'Chrome','mac'),(110,'5a3bf5fe421ed','::1','it','Mozilla/5.0 (Macintosh; Intel Mac OS X 10_13_2) AppleWebKit/537.36 (KHTML, like Gecko) Chrome/63.0.3239.84 Safari/537.36',1,1513879038,'Chrome','mac'),(111,'5a5a7d2fa8f14','::1','it','Mozilla/5.0 (Macintosh; Intel Mac OS X 10_13_2) AppleWebKit/537.36 (KHTML, like Gecko) Chrome/63.0.3239.132 Safari/537.36',1,1515879727,'Chrome','mac');
/*!40000 ALTER TABLE `user_visit_log` ENABLE KEYS */;
UNLOCK TABLES;
/*!40103 SET TIME_ZONE=@OLD_TIME_ZONE */;

/*!40101 SET SQL_MODE=@OLD_SQL_MODE */;
/*!40014 SET FOREIGN_KEY_CHECKS=@OLD_FOREIGN_KEY_CHECKS */;
/*!40014 SET UNIQUE_CHECKS=@OLD_UNIQUE_CHECKS */;
/*!40101 SET CHARACTER_SET_CLIENT=@OLD_CHARACTER_SET_CLIENT */;
/*!40101 SET CHARACTER_SET_RESULTS=@OLD_CHARACTER_SET_RESULTS */;
/*!40101 SET COLLATION_CONNECTION=@OLD_COLLATION_CONNECTION */;
/*!40111 SET SQL_NOTES=@OLD_SQL_NOTES */;

-- Dump completed on 2018-01-15 11:37:24
