-- MySQL dump 10.13  Distrib 5.7.20, for Linux (x86_64)
--
-- Host: localhost    Database: vicentinios
-- ------------------------------------------------------
-- Server version	5.7.20-0ubuntu0.17.10.1

/*!40101 SET @OLD_CHARACTER_SET_CLIENT=@@CHARACTER_SET_CLIENT */;
/*!40101 SET @OLD_CHARACTER_SET_RESULTS=@@CHARACTER_SET_RESULTS */;
/*!40101 SET @OLD_COLLATION_CONNECTION=@@COLLATION_CONNECTION */;
/*!40101 SET NAMES utf8 */;
/*!40103 SET @OLD_TIME_ZONE=@@TIME_ZONE */;
/*!40103 SET TIME_ZONE='+00:00' */;
/*!40014 SET @OLD_UNIQUE_CHECKS=@@UNIQUE_CHECKS, UNIQUE_CHECKS=0 */;
/*!40014 SET @OLD_FOREIGN_KEY_CHECKS=@@FOREIGN_KEY_CHECKS, FOREIGN_KEY_CHECKS=0 */;
/*!40101 SET @OLD_SQL_MODE=@@SQL_MODE, SQL_MODE='NO_AUTO_VALUE_ON_ZERO' */;
/*!40111 SET @OLD_SQL_NOTES=@@SQL_NOTES, SQL_NOTES=0 */;

--
-- Table structure for table `auth_assignment`
--

DROP TABLE IF EXISTS `auth_assignment`;
/*!40101 SET @saved_cs_client     = @@character_set_client */;
/*!40101 SET character_set_client = utf8 */;
CREATE TABLE `auth_assignment` (
  `item_name` varchar(64) NOT NULL,
  `user_id` int(11) NOT NULL,
  `created_at` int(11) DEFAULT NULL,
  PRIMARY KEY (`item_name`,`user_id`),
  KEY `user_id` (`user_id`),
  CONSTRAINT `auth_assignment_ibfk_1` FOREIGN KEY (`item_name`) REFERENCES `auth_item` (`name`) ON DELETE CASCADE ON UPDATE CASCADE,
  CONSTRAINT `auth_assignment_ibfk_2` FOREIGN KEY (`user_id`) REFERENCES `user` (`id`) ON DELETE CASCADE ON UPDATE CASCADE
) ENGINE=InnoDB DEFAULT CHARSET=utf8;
/*!40101 SET character_set_client = @saved_cs_client */;

--
-- Dumping data for table `auth_assignment`
--

LOCK TABLES `auth_assignment` WRITE;
/*!40000 ALTER TABLE `auth_assignment` DISABLE KEYS */;
/*!40000 ALTER TABLE `auth_assignment` ENABLE KEYS */;
UNLOCK TABLES;

--
-- Table structure for table `auth_item`
--

DROP TABLE IF EXISTS `auth_item`;
/*!40101 SET @saved_cs_client     = @@character_set_client */;
/*!40101 SET character_set_client = utf8 */;
CREATE TABLE `auth_item` (
  `name` varchar(64) NOT NULL,
  `type` int(11) NOT NULL,
  `description` text,
  `rule_name` varchar(64) DEFAULT NULL,
  `data` text,
  `created_at` int(11) DEFAULT NULL,
  `updated_at` int(11) DEFAULT NULL,
  `group_code` varchar(64) DEFAULT NULL,
  PRIMARY KEY (`name`),
  KEY `rule_name` (`rule_name`),
  KEY `idx-auth_item-type` (`type`),
  KEY `fk_auth_item_group_code` (`group_code`),
  CONSTRAINT `auth_item_ibfk_1` FOREIGN KEY (`rule_name`) REFERENCES `auth_rule` (`name`) ON DELETE SET NULL ON UPDATE CASCADE,
  CONSTRAINT `fk_auth_item_group_code` FOREIGN KEY (`group_code`) REFERENCES `auth_item_group` (`code`) ON DELETE SET NULL ON UPDATE CASCADE
) ENGINE=InnoDB DEFAULT CHARSET=utf8;
/*!40101 SET character_set_client = @saved_cs_client */;

--
-- Dumping data for table `auth_item`
--

LOCK TABLES `auth_item` WRITE;
/*!40000 ALTER TABLE `auth_item` DISABLE KEYS */;
INSERT INTO `auth_item` VALUES ('/*',3,NULL,NULL,NULL,1513364570,1513364570,NULL),('//*',3,NULL,NULL,NULL,1513364570,1513364570,NULL),('//controller',3,NULL,NULL,NULL,1513364570,1513364570,NULL),('//crud',3,NULL,NULL,NULL,1513364570,1513364570,NULL),('//extension',3,NULL,NULL,NULL,1513364570,1513364570,NULL),('//form',3,NULL,NULL,NULL,1513364570,1513364570,NULL),('//index',3,NULL,NULL,NULL,1513364570,1513364570,NULL),('//model',3,NULL,NULL,NULL,1513364570,1513364570,NULL),('//module',3,NULL,NULL,NULL,1513364570,1513364570,NULL),('/asset/*',3,NULL,NULL,NULL,1513364570,1513364570,NULL),('/asset/compress',3,NULL,NULL,NULL,1513364570,1513364570,NULL),('/asset/template',3,NULL,NULL,NULL,1513364570,1513364570,NULL),('/cache/*',3,NULL,NULL,NULL,1513364570,1513364570,NULL),('/cache/flush',3,NULL,NULL,NULL,1513364570,1513364570,NULL),('/cache/flush-all',3,NULL,NULL,NULL,1513364570,1513364570,NULL),('/cache/flush-schema',3,NULL,NULL,NULL,1513364570,1513364570,NULL),('/cache/index',3,NULL,NULL,NULL,1513364570,1513364570,NULL),('/fixture/*',3,NULL,NULL,NULL,1513364570,1513364570,NULL),('/fixture/load',3,NULL,NULL,NULL,1513364570,1513364570,NULL),('/fixture/unload',3,NULL,NULL,NULL,1513364570,1513364570,NULL),('/gii/*',3,NULL,NULL,NULL,1513364570,1513364570,NULL),('/gii/default/*',3,NULL,NULL,NULL,1513364570,1513364570,NULL),('/gii/default/action',3,NULL,NULL,NULL,1513364570,1513364570,NULL),('/gii/default/diff',3,NULL,NULL,NULL,1513364570,1513364570,NULL),('/gii/default/index',3,NULL,NULL,NULL,1513364570,1513364570,NULL),('/gii/default/preview',3,NULL,NULL,NULL,1513364570,1513364570,NULL),('/gii/default/view',3,NULL,NULL,NULL,1513364570,1513364570,NULL),('/hello/*',3,NULL,NULL,NULL,1513364570,1513364570,NULL),('/hello/index',3,NULL,NULL,NULL,1513364570,1513364570,NULL),('/help/*',3,NULL,NULL,NULL,1513364570,1513364570,NULL),('/help/index',3,NULL,NULL,NULL,1513364570,1513364570,NULL),('/help/list',3,NULL,NULL,NULL,1513364570,1513364570,NULL),('/help/list-action-options',3,NULL,NULL,NULL,1513364570,1513364570,NULL),('/help/usage',3,NULL,NULL,NULL,1513364570,1513364570,NULL),('/message/*',3,NULL,NULL,NULL,1513364570,1513364570,NULL),('/message/config',3,NULL,NULL,NULL,1513364570,1513364570,NULL),('/message/config-template',3,NULL,NULL,NULL,1513364570,1513364570,NULL),('/message/extract',3,NULL,NULL,NULL,1513364570,1513364570,NULL),('/migrate/*',3,NULL,NULL,NULL,1513364570,1513364570,NULL),('/migrate/create',3,NULL,NULL,NULL,1513364570,1513364570,NULL),('/migrate/down',3,NULL,NULL,NULL,1513364570,1513364570,NULL),('/migrate/fresh',3,NULL,NULL,NULL,1513364570,1513364570,NULL),('/migrate/history',3,NULL,NULL,NULL,1513364570,1513364570,NULL),('/migrate/mark',3,NULL,NULL,NULL,1513364570,1513364570,NULL),('/migrate/new',3,NULL,NULL,NULL,1513364570,1513364570,NULL),('/migrate/redo',3,NULL,NULL,NULL,1513364570,1513364570,NULL),('/migrate/to',3,NULL,NULL,NULL,1513364570,1513364570,NULL),('/migrate/up',3,NULL,NULL,NULL,1513364570,1513364570,NULL),('/serve/*',3,NULL,NULL,NULL,1513364570,1513364570,NULL),('/serve/index',3,NULL,NULL,NULL,1513364570,1513364570,NULL),('/user-management/*',3,NULL,NULL,NULL,1513364570,1513364570,NULL),('/user-management/auth/change-own-password',3,NULL,NULL,NULL,1513364570,1513364570,NULL),('/user-management/user-permission/set',3,NULL,NULL,NULL,1513364570,1513364570,NULL),('/user-management/user-permission/set-roles',3,NULL,NULL,NULL,1513364570,1513364570,NULL),('/user-management/user/bulk-activate',3,NULL,NULL,NULL,1513364570,1513364570,NULL),('/user-management/user/bulk-deactivate',3,NULL,NULL,NULL,1513364570,1513364570,NULL),('/user-management/user/bulk-delete',3,NULL,NULL,NULL,1513364570,1513364570,NULL),('/user-management/user/change-password',3,NULL,NULL,NULL,1513364570,1513364570,NULL),('/user-management/user/create',3,NULL,NULL,NULL,1513364570,1513364570,NULL),('/user-management/user/delete',3,NULL,NULL,NULL,1513364570,1513364570,NULL),('/user-management/user/grid-page-size',3,NULL,NULL,NULL,1513364570,1513364570,NULL),('/user-management/user/index',3,NULL,NULL,NULL,1513364570,1513364570,NULL),('/user-management/user/update',3,NULL,NULL,NULL,1513364570,1513364570,NULL),('/user-management/user/view',3,NULL,NULL,NULL,1513364570,1513364570,NULL),('Admin',1,'Admin',NULL,NULL,1513364570,1513364570,NULL),('assignRolesToUsers',2,'Assign roles to users',NULL,NULL,1513364570,1513364570,'userManagement'),('bindUserToIp',2,'Bind user to IP',NULL,NULL,1513364570,1513364570,'userManagement'),('changeOwnPassword',2,'Change own password',NULL,NULL,1513364570,1513364570,'userCommonPermissions'),('changeUserPassword',2,'Change user password',NULL,NULL,1513364570,1513364570,'userManagement'),('commonPermission',2,'Common permission',NULL,NULL,1513364570,1513364570,NULL),('createUsers',2,'Create users',NULL,NULL,1513364570,1513364570,'userManagement'),('deleteUsers',2,'Delete users',NULL,NULL,1513364570,1513364570,'userManagement'),('editUserEmail',2,'Edit user email',NULL,NULL,1513364570,1513364570,'userManagement'),('editUsers',2,'Edit users',NULL,NULL,1513364570,1513364570,'userManagement'),('viewRegistrationIp',2,'View registration IP',NULL,NULL,1513364570,1513364570,'userManagement'),('viewUserEmail',2,'View user email',NULL,NULL,1513364570,1513364570,'userManagement'),('viewUserRoles',2,'View user roles',NULL,NULL,1513364570,1513364570,'userManagement'),('viewUsers',2,'View users',NULL,NULL,1513364570,1513364570,'userManagement'),('viewVisitLog',2,'View visit log',NULL,NULL,1513364570,1513364570,'userManagement');
/*!40000 ALTER TABLE `auth_item` ENABLE KEYS */;
UNLOCK TABLES;

--
-- Table structure for table `auth_item_child`
--

DROP TABLE IF EXISTS `auth_item_child`;
/*!40101 SET @saved_cs_client     = @@character_set_client */;
/*!40101 SET character_set_client = utf8 */;
CREATE TABLE `auth_item_child` (
  `parent` varchar(64) NOT NULL,
  `child` varchar(64) NOT NULL,
  PRIMARY KEY (`parent`,`child`),
  KEY `child` (`child`),
  CONSTRAINT `auth_item_child_ibfk_1` FOREIGN KEY (`parent`) REFERENCES `auth_item` (`name`) ON DELETE CASCADE ON UPDATE CASCADE,
  CONSTRAINT `auth_item_child_ibfk_2` FOREIGN KEY (`child`) REFERENCES `auth_item` (`name`) ON DELETE CASCADE ON UPDATE CASCADE
) ENGINE=InnoDB DEFAULT CHARSET=utf8;
/*!40101 SET character_set_client = @saved_cs_client */;

--
-- Dumping data for table `auth_item_child`
--

LOCK TABLES `auth_item_child` WRITE;
/*!40000 ALTER TABLE `auth_item_child` DISABLE KEYS */;
INSERT INTO `auth_item_child` VALUES ('changeOwnPassword','/user-management/auth/change-own-password'),('assignRolesToUsers','/user-management/user-permission/set'),('assignRolesToUsers','/user-management/user-permission/set-roles'),('editUsers','/user-management/user/bulk-activate'),('editUsers','/user-management/user/bulk-deactivate'),('deleteUsers','/user-management/user/bulk-delete'),('changeUserPassword','/user-management/user/change-password'),('createUsers','/user-management/user/create'),('deleteUsers','/user-management/user/delete'),('viewUsers','/user-management/user/grid-page-size'),('viewUsers','/user-management/user/index'),('editUsers','/user-management/user/update'),('viewUsers','/user-management/user/view'),('Admin','assignRolesToUsers'),('Admin','changeOwnPassword'),('Admin','changeUserPassword'),('Admin','createUsers'),('Admin','deleteUsers'),('Admin','editUsers'),('editUserEmail','viewUserEmail'),('assignRolesToUsers','viewUserRoles'),('Admin','viewUsers'),('assignRolesToUsers','viewUsers'),('changeUserPassword','viewUsers'),('createUsers','viewUsers'),('deleteUsers','viewUsers'),('editUsers','viewUsers');
/*!40000 ALTER TABLE `auth_item_child` ENABLE KEYS */;
UNLOCK TABLES;

--
-- Table structure for table `auth_item_group`
--

DROP TABLE IF EXISTS `auth_item_group`;
/*!40101 SET @saved_cs_client     = @@character_set_client */;
/*!40101 SET character_set_client = utf8 */;
CREATE TABLE `auth_item_group` (
  `code` varchar(64) NOT NULL,
  `name` varchar(255) NOT NULL,
  `created_at` int(11) DEFAULT NULL,
  `updated_at` int(11) DEFAULT NULL,
  PRIMARY KEY (`code`)
) ENGINE=InnoDB DEFAULT CHARSET=utf8;
/*!40101 SET character_set_client = @saved_cs_client */;

--
-- Dumping data for table `auth_item_group`
--

LOCK TABLES `auth_item_group` WRITE;
/*!40000 ALTER TABLE `auth_item_group` DISABLE KEYS */;
INSERT INTO `auth_item_group` VALUES ('userCommonPermissions','User common permission',1513364570,1513364570),('userManagement','User management',1513364570,1513364570);
/*!40000 ALTER TABLE `auth_item_group` ENABLE KEYS */;
UNLOCK TABLES;

--
-- Table structure for table `auth_rule`
--

DROP TABLE IF EXISTS `auth_rule`;
/*!40101 SET @saved_cs_client     = @@character_set_client */;
/*!40101 SET character_set_client = utf8 */;
CREATE TABLE `auth_rule` (
  `name` varchar(64) NOT NULL,
  `data` text,
  `created_at` int(11) DEFAULT NULL,
  `updated_at` int(11) DEFAULT NULL,
  PRIMARY KEY (`name`)
) ENGINE=InnoDB DEFAULT CHARSET=utf8;
/*!40101 SET character_set_client = @saved_cs_client */;

--
-- Dumping data for table `auth_rule`
--

LOCK TABLES `auth_rule` WRITE;
/*!40000 ALTER TABLE `auth_rule` DISABLE KEYS */;
/*!40000 ALTER TABLE `auth_rule` ENABLE KEYS */;
UNLOCK TABLES;

--
-- Table structure for table `migration`
--

DROP TABLE IF EXISTS `migration`;
/*!40101 SET @saved_cs_client     = @@character_set_client */;
/*!40101 SET character_set_client = utf8 */;
CREATE TABLE `migration` (
  `version` varchar(180) NOT NULL,
  `apply_time` int(11) DEFAULT NULL,
  PRIMARY KEY (`version`)
) ENGINE=InnoDB DEFAULT CHARSET=latin1;
/*!40101 SET character_set_client = @saved_cs_client */;

--
-- Dumping data for table `migration`
--

LOCK TABLES `migration` WRITE;
/*!40000 ALTER TABLE `migration` DISABLE KEYS */;
INSERT INTO `migration` VALUES ('m000000_000000_base',1513364567),('m140608_173539_create_user_table',1513364569),('m140611_133903_init_rbac',1513364569),('m140808_073114_create_auth_item_group_table',1513364569),('m140809_072112_insert_superadmin_to_user',1513364570),('m140809_073114_insert_common_permisison_to_auth_item',1513364570),('m141023_141535_create_user_visit_log',1513364570),('m141116_115804_add_bind_to_ip_and_registration_ip_to_user',1513364570),('m141121_194858_split_browser_and_os_column',1513364570),('m141201_220516_add_email_and_email_confirmed_to_user',1513364570),('m141207_001649_create_basic_user_permissions',1513364570);
/*!40000 ALTER TABLE `migration` ENABLE KEYS */;
UNLOCK TABLES;

--
-- Table structure for table `profile`
--

DROP TABLE IF EXISTS `profile`;
/*!40101 SET @saved_cs_client     = @@character_set_client */;
/*!40101 SET character_set_client = utf8 */;
CREATE TABLE `profile` (
  `id` int(11) NOT NULL AUTO_INCREMENT,
  `user_id` int(10) unsigned NOT NULL,
  `firstname` varchar(45) DEFAULT NULL,
  `lastname` varchar(45) DEFAULT NULL,
  `image` longtext,
  `role` varchar(45) DEFAULT NULL,
  PRIMARY KEY (`id`)
) ENGINE=InnoDB AUTO_INCREMENT=2 DEFAULT CHARSET=latin1;
/*!40101 SET character_set_client = @saved_cs_client */;

--
-- Dumping data for table `profile`
--

LOCK TABLES `profile` WRITE;
/*!40000 ALTER TABLE `profile` DISABLE KEYS */;
INSERT INTO `profile` VALUES (1,1,'Alessandro','Vicentini','data:image/png;base64,iVBORw0KGgoAAAANSUhEUgAAAMgAAADICAYAAACtWK6eAAAgAElEQVR4Xuy9B5xcZ3nv/8zObO99V6u2q95lSbYsF1nGFYMJNVwCTgKYGhzCBZIQyKXc5E9IHJJAgNBuHMAUxxRXDHbcu2zJlmTZVre6VqtdbS+zM3M/3+c9v/HRIjf+GNb3k6PPato5b316exOZTCZnk+TygSTMLMdL1nK5jP3w6qvt0KGD1nWo01pbW2379u12+PBha2pqss2bN1tLS4tVVFdZQUGBrV+/3srLy62/v9+OHTtmU6dO9b/e3l4bHBy06upqKykpsfHxcUulUv5dZWWldXd3+/uioiJ/Pj2W8WdGR0dtYGDAamtrLZFI5O/hvrGxMSssLPTf+Y17aJdx8Mp3yWTS+xsaHvAVrq+v9+9zuZyP5fDhI1aYKrKuri4bGRmxTCbjz/BHG9xXV1fnz9BPcXGx98srVzqdtrKyMuvr6/Pnea6iosJKS0tteHjYf2OMVVVVdqTzkM+tp6fH2travB2eOX78uNVU1/lvjIk2stmsPfXUUzYyPGypZJgbzzAOtdva1mrnn3+e5SxhM9s7bNacuTaezVl5eYWP+/+VKzGZEIRFdeAtSFrOMjbQ12vXXnON3XHH7dba1OLABnAcOXLEHn/8cQf+J5980patOMWRZmhoyBobG+3hhx/2Dedv+vTpDhRcbHxDQ4MjDwgGAnDt2rXLgQhkAVFGR9L+G8DOxfc8w/NCDMbBWAFqkAlgBHH4DFADvCAhY8jmxh1puQcABiEYe2vrFHty61MOqPQrBKMfASNt0hfj4Tt+ox0BspCd/gBe7mtubvZxMxYICGuzcNF8/3zgwAEnCNOmTfNXrrHR8fzYQIZt27b5Om3dutVSBWbz5s2zmpoaO3r0qLc3ZcoUS48NW8uUVl/v8VzC5syZa9lEga1YscIqKqsdMRkvf6/ka1IhCJQnWZC0sdFRSyYT9uNrfmjXXXednbVmjaVShc49ALq9e/c6MAD4bFzvQL9TZ4AD4Dt0KFBLKOncuXMdOAF2/uiDZwF6vgcwAVAuNh9EyGUTDvQAFMAGENIXffMc1BxA5Xf6BIhBTvrkOz7zO8jg/SbN7wNofI7JpAMgSJnNmAMtzzB2tck9jJPv9Z42mRMIwsXYaU+Iw/0gE68gIPdDVGizsioQDO5nHeHGcB7mdKyrx+fJWPn+6aef9vHOnjXLtm97yjkL68zvrBFjmj9vtg0NDdhT27Zbe8csW3Xqatu1e7e1d3TYlGkznQBxr4jMKxVJJheCQDkt4Yt65+232VX//m2bNqXNli9fZoODQw5AGzZscIq/b98+O/XUUx0IhscCJ4D6AeAAN0DFBkmsAIig/nwPUMCFAKJnnnnGgYrfuReRo6S4LC/yMBa+ox/uAzh4HqQC4AFGiT8ALveJqvMsbaYKC5yj8JtLkYmEt9U2pc16enp93AA794AstE0/ACn3MWaQmX71rJCSOUmci3MZAFrIxPjbO2Z4exASuC+/M3aQB4JAHxJPGT/PLlu21G6/7VabOXOmz5VLSNRQW2lbtj7hCFhRVW3LTllhixYvtetvuMGmzZhlK1au8P2BSLySr0mBIKKCDjy5rO17Zp9de82PrKg4ZbPbO2znjh02OjbmlG/Hjh22f/9+W7Vqlb+yAYUlxc7+y0pLHbAAmMKiImubMsU6jx51hCkuKrLhYQCv0I4d67bikmKbMWOGAySIB8AASIgPRw4fzYtfjA0EAHgk1sQBkmcC4JrL3yCJ9IzATQotmSpwbsEYGS+IAMBPbZvqY+JhuGYQMTOWKEjY4EBAGNqmX+kofKYPEAcOAIIAtAA09/OZfkE61gLqz/xbWpq8/ZHREecijCOZTNn4eNr6+wasq+uYFRQkbM+ePbZo8WJfL8a8Z/cuJyQ93d2O4PTV3t5uRYUFVl5Wanfedbe1tLbaGWedbXPnzbOhoWF7cvsOm9I2xc499zxbtmyZuUrikhbk75V1/c4RRGIPm1pgORs63mM33XSTA/+CBQscQJCVAcQf/vCHLgIAMGwkXGDdunV28ODBvJLZ2dnpwAOgcx8cBQAHKPgehEBuBqloEyCDOtIPYwAIeo/358Ukfgd5AFDuAeBojz/EKtplDtU1lXkKS7/0JaUbwBXnAIBFVaXbANxcALIU7+GhgDBxpZ9noe6IZ7yCZOIyjIP2+MwcxOm4F+6EzsEcEBUZG3NmbRhjYVHSiQ/jAilQyLmPzyA7fbHGcB/64XXJwkWuo/A9yHj66af7K6LVTbfcbDPb2+1dl19u7R2zLVGQsmwuZ5lsxvXLV9L1O0cQARivuey43XrjjW6dYqNg7VhTEJV+8IMf5JHjwQcfdErJRs2fP98BgE3nD6BnU1HOAW4u7kWcAKFol8/lVZX+GaBBTOCCkwBcyYKAMBKjQAYBMQALEPMqEYXfkPFBDAAOgBKFh9rzHX9SWhkDgMxzjIW50xcAxhhcp8hYXr/gN1mGGBfATXsS29SOdB/nmMXFPi8IBYjEMyALXEyiFPPinu6eLv/O33d3O2cFORBj6ZfnUdR5ljkuXrzYuo50+lj5DY7C93PmzPG/Hbt32hNPPGHvee/77MJXX2IJS1oml83rYP+NIC9hBRwgk0kHlE2PbbDbbr7ZgQcqzyYDiGwEwI6+ILEC4GbDFy5c6L0BJFBEnuE9G85ngA2kgSKCSHAgN+GOp50D0D5AB7BLmU8lg5imsUkhp10Ak7EyDv0OEpRXBOVZ4hAASXviPJLrATg4En2LI9EW7QKcvLquUxiQVgo67TF+Kb3xsdG2fueVPrkPIIe4yDrGmkhf0pph4UqPB12HdWZ8y5cv9zEC5MyB+UJw6FOGiOJUoRtLQBzGzFwuuugi50SDgwO255lnrLWtzf6/z3/BKmvqLId4lkq+4kzAv3MOwkaxKQD8d676P7b76acdOVh4AE7iFb+z+AAWACAxCvlYVBsKKB8DohaIwL28ssmIDiAN19BoUIT5HkpMu6LyIIj8ECAOv8snAQAi/nHxXn/1DbWOhLTJnwBR5mIAiAugBSG4B04iJOB+LhkE4CDcQ78S/1gLnpElTJYxmZCZK+NmzPKH8CxrxWvcXyLrGISgrj4o7PzO2iNG0hf3IMpCGNgPxihDBwgCQoGAfI9o1dHR4Wvd3NhoGzEE1NXaG9/4FrvgooutEEMIVkScXK+g63eOIGwoF9apu+74L9u/a5eLGijhAAuUkEW/9dZbHYCxYCFrs5GIYJL33WQacSOoHNyGzwAtf4hjABCA4M+UBY4j/wNABkCAZAAngAAAMj5xBn3mNy7aA3jgZMMjzyrVMu9KLJKIJe5Am3AycQOJbMyTizFiWeJ3IT1zABn5DmSmXzkptQaMD8DmPtqHSPAdwMv8ZAaWuZp19L6Twf/ExTqyVuhq0udoiwsiJU7S13Pcn8Hnw3gwE4NYzqHxO+EoTaUsVVRir3nt6+ysded4G/+NIL8GdWCjoVTf/Y+rbKD7mCt8Yuv33HOPAyLy76OPPuqbvGTJEt8oWW+kf4AYUsRpU88hU4MIooAAKqZhfoeCiisBOK4Ip4O1hvu4eE7Iw70gjMyrcuRZIphwJd7wXqIZY+I93A6gkhlYbQCo3IPMzzgBeMsFvw33Smfge3EPKezSe+TVF0cDuGUxQw8BURg7CMeziFDMD0RDSZfTE46we/dunyPzpj04rzgQ86Ct3Hjw+vM9bdAe87vlllssm07bmWee5byipbXNquvq7bI/+kOrb2y03CvMjPU74SDyFFsuawXJAhvq67fvfOcq6zxyxMZHx+z888936wjyMddjjz3mzis2i41jQ84888w8wHPP7NmzHQjhOiATGwfAzZo1yzkFbfGdTMoACRSbNqGiIAoA2T/QbwOIX3ivh0fsWFeX1dbV2fDIsJWVlFpRdL+oOc9KjOI7edjVLm0mPAQjKMEAIlQ6PZ623bt229q1ay2NR358PIiQw0PWe7zXcolkXtThfsYnWV9IJASmL4mErAXzlLEC7gbwjo0E5GBtMIFXVVb6Z/oeHRmxcixWZk6oRsdGbeaMmTY8MmLNrS1OlGgDAgXHgCN1Humyurpaa2xssr7eXtu1e5e1tLTayPCQJSznVjMQBm7EntXXN9ib/8fvW3FZuWXTY5ZIFpoV0GOIVpis1+8EQZzVugfYLDM67ObC9Q8/5K+nLF3u4gAcAo84wIdVa8uWLb7QbBTPwmUATsQxgFBOQoAGZGBTASqAAOQSNVWclIsxkfUIgKItAG8snbbxgkD95YdgvC6CZHNWlMJ3EOKk6BcOIq4gLzZ9ygLG+Gsqqxyp+T34H5Iu9jFWKDb3gkASazzeqaIqr7ArJEZtMk6FtsjKhHjjYTKjo752iENaE3SD7HgwETMvxDDpC44kEZLzuyxbIGUGp2c242sugwOirZvNsyE+zENpsllHZoga7bW1hugDTPDs2xlnnOG/sWfnnv8qKyoNkQAJDyn6bwT5FeIgakioU9fhQ+73GBocsLLSMhsaGHQggvoA6HABPL+ili4SFBa6ORFgwFci38IjjzziFAv9AyBUfJIAmjYAMlmrAG4UUzkAud85R2Th4rMsQEzCZf+SEr+fMUjccC4RUXiJPOJKAFBFaZkDDpSX/lFu5afge0QsLhCEsYOwFVU1eR+ELGoggwwB9M/YWQ+JfyAIY5Lvw03nuZwjSiY96tQfDgICKoSGvvksT35cz4GCFRYX5ZGYfYHryleEGCeHpKx0rjNl0o6kWMNw7CLiwdHYswsuvtBmzpptCcb2SkCQ7PiYk/JsTDh8uQPMBEy5bMZuv/UXDjSw5rHRMduxbbsDPRQSQNq0aVPeTwHFYiPYXKgxG45SyHeYHGXFAZABJDm5ZOqVhxvAUkQsSCZrkHwMBzuPnGDCpT2ACORgXCCYgBWAkB8FYKVt+oGigiQA3OhQ4FYgKBRYwYyKtZKOAIIAwIynsro2bwSQCEV7AJqcgxAG2pP1ifVSeAtta60A6urKcgdmcVfmDxGSeViORxCFC0R3kTCXdQuWx2wdO+bI7AaQjPmr7kXPox/n/Af2OYdC7GXM/CFy9Q8MGFHAf/zOd4VgxlTh5Ocg2fHRXA4nVrI4kgmDePFyIokAdWx0xJ7csskR4eCB/dbY0GgbHnnUY3hYbFlhQAxEBoAThJCtH2VdGwwiAQDI0AAnmwnSyAIlE67EJVF9KbsADAjm/o2EOQKJg8hUCmAqTByAgnLTjmKgpIsoqFDcLmlBf4CbSPmnbYAQZKF9AJO+pRcdPdbjuorisniO+0EQIRZIx/xoi75kiVIcF3PVvFqbG709RT3TL22CYCISjEGKPM+iJzU0NeW5nWLBEFkxhdMWY2A8rD1rg+P24P69HiQKN1ekAgQLn1VLW6utWLnK1px5JjLW5EeQHU9uzoH1haXllsmGQLqX+1LgYCqVtN3bn3YdobSk2AH64L4DrqSjsCK/KuxBmw21ldlUOQqEty9atMiVeTYBTzv6C6KGgv3oUzkfouYABgCI6KCYKuklfA9AypIE9SNeKkMgfmTdku6iGCh5zXlG/bqlrSg4L7lAXBCFi35BfszVjBfglCm5fzBE5AKEMgdLyVYsmMzIEAna1LOKOJbVi/FNnRLSBRS2L9GMNeI9aQOK52Ls6Ay0W1Je5p5yzRWR10WygeAfkjTAe3QVkOJ4d5fvA21zv8zus2bPtiXLllhlVbW947LLrKikdPIjyLe+9uUcgDa9Y7bNmjXHUoUpK0A29MjTCFl+wzgj0QcjxtNbt7hYge18186d1t/X7wFuAMydd97pih0bh1iDDC9HGVSSzQCA4DS6B8DmgpopXATAARDZMHEAeenZWJRW+S64F2QRp4FzAaAeFEgoSS7r7cosGtc9ZDaW2KU4s9qqam9THAGAAZlAbORyT6qKkAOgd+W3sjpvRJDoCMCyVtwv44B8KErqkl7EqxytzGXenFk+bnEomWiZt3w+MmxwP5S/obHRyiqC9U1mcvxQq1evto0bHncE4lnXSXp78/4pckjg4gq34T3i44yZM+z0M9bYyOiY/emHP2ypwmLLJSa5kv7h970nxwTmLJhvpWVl1tjQYCtXrbSS4hIPMEsR94MH1CM5U5bIhQklcpHThzcv8cpazpJWYGMjw/bo+getKFVoO7dtc65RVVPjciyi0o033mjnnXee6xxDgyMu17LobDyABJAcPnzI+gd6HcDlXwAYocpQRe5TopW85k5ZMzkHWlmGJPZBYYtKih0gFJsl6xDtALwgq+Kq4tzE/RdR2D2/g2wyFIAU8qEoSJFnEUUALiEhyOoiWkXI3ZCXn98F/LRLewAxiCEkqayosOHBIf8svQSE4h7uRzxVzgmcGAuaDBbiYIrrYi5xf4/mw3oxjkOdR/IeesbM3HgGfUWiH+NkjugfSAPoKWesXm25ggL70BVXWGlZRZ6DTFb/SOLP3v/eHBtU19jgYcsAA5QZE92CxYttnHyDQhxCxR62nHCzXMLTYh1Lfo3QAUIOMulx6+7qtAP7nrEtj2+y7Ph4oORVVU7p4R5QWBS9U045xZoaW3yhAS73ZBNlGgFCeUWJU/dU5EhjY0neYcAVkZUmGwX3AQCEzmfTGQdKiVFsPHIyG93ZFRRlKecKy2B8fI/8DmDFw83lR4FKC5AZB8CpMHHFMe3cudPX2HNFovtBTOklHmFbUuy/I+rwvEzJ9M04AULGAnFjnFLYpe+A/BANfoPSgwyuV0SiEPNes2aNi6WKVlDSF3NDXGJOzFGOVvpFDObZlrYpLq4pHEXzRyykb/aKV7g+93BvYSpl69autSnTptnKU0+1uXPnT34EWXf6aTm3lx/vcVlTXl3EAdj/ypUrbfosZFDMmjihSJyJkMSR46VzEIAbx9jwwIBteuxR27ltuyUTCbv77rvt4ksuMcy1pH0S87R06VJHmHkLFuWtW26OjTLwANqGxjoft2K04voECC8RBmAUQgwPDHr2YjL57FyUu368t9dFGQG6PN58dl9JFHYu5Tgu1sDhlLqr0BcAE2BXBiAAC2AjrogzyNzKHFj7vsEB178UUwbnct9ElMWIOMS8mI9M0TgxS4pCFC+yPwiinHUQJB5FzGfpSQCvYsAAdBk+ICaMDwRxMTjK7QeR0tkQtCkux/yk50nspG9giDm4s7G62hbOn29zFyzw/XvLW982+RHkC5/9dO6BBx5wCsyGlhQXe5IRi9zR0W5Llyy14tJiW7xkiS1avMSSRcX4y6ywsMhFsIJIqWfjpEy+kMQFSsGZjnd322Mb1tuTW56w9Oioi1WrTjvNPbaYENl4cpwZS3VtvZ1z7jrXNSSq4ME96vndbYGijox6QBxImw0WB5+TlHJZYShGUFoarFT6DkpJf+g0I4Mh1onPio+CWoO00j1keZJ3nz4csKMoX4k/sl4pMJL2ABY5IgEsLEm0B2cBcD2yeGjQx4Dow6uQnjHTDwgA4UBkApH4vbWlxZKJ4Lykf9pRiIhSfPkN7uBJT0VFjgysJwUvQBjNg+/pA5EJ0QwEgXuAFO6NLwnpBeyTuCRjUEg9SMLvEDj2lau5qcnqamps5WmnOaK//Q//2FJ41Clk8RvWc18IBl/s74nzzzojh2x/cP+BfHSpLBZSXtesOc2mz5xhJWXlds65r7Kyyiq3j1ORAwbCZiuM48V0jA4Clj2za5c9sfkx27fnGdv46KPexuo1a+xnP/uZby7s+ayzznIAWP/oRnvDm96YV9JFrULuQ6lTbcnxQgopyXxms6QvuB+hKOSniwKLY7h4UVmV9y5L5+BVjjgBN4DF9/LkS8kFiOmL8csMSrs8xzMAuGKieEYxZQA7ugHfdR4LPg1ELBCI3+S7Ye4ovawL41YClQdx1tXnx67webgSbSimCvEOEYjvFNTJmEFQQnMkEsJZAHD5c5grIhl9jmXG8/kjEA04ImNUtK9XS6mpcQRj3ZRq0D59uk1vb3di86ErPmytU6e7NEEo/GS8EpdecF7OAwAXLfbJs8iKIA2iQJU11tXaSHrMps2YYc1tU232/Hk2Zeo0Ky8rdyRRos6LNRGDIH09vfbE5k22d89O2/H0Nnvw/vt9MxLJpCdJsbnnnHOOR/VCVddvfMzOXnfOCb4EKcFU5VAIB5srBHFjQiJxQgyW5PmSIsLPQ4ChLEjyWJcXl5ygYMuHAlBKvFIuCQgGtfYAvljoCrpCHDnkxFPeOsCP8QHgk3MOUQSkQrSkEIWQWuPDeAGw066yGXkGCk8bM6bPsPqo/BB7B+XmfiElyIfIQ58ANIYMAhOVEAZC0B5ADeEBiXjP/OiTudMPoT87doeoa0z0vMoXBMcDHrgPQgDCsa4YTCB2Rcmk1TY0ePvnX3CRrV69xiqqqz3NeDJeiY984H05qAhWquLiEq9BVVwUysyALPwd3PeMR2K2TZtuxeVlls5lbc2aM+2cdeusrKQ8PFsWQh5km39+ZMnals2b7cjBg/bIww+5DkLeOZtH3gCbVllV5SbBtWvPsYQ7lMwaGhtchCJGCPsAlAf23Nc/ENJYo6ooIEEmivWCU6GgE6DnZlqKFOQoDoE/I+2iGBvvFPBYl1VWVNooIlAmE0WzFnmq6JHDh624pMQD84QkciwCIAAZv02fMd3FFgIRByMPPMBQVFhkU6dNdQVfsU3khJeWlrh4BAKx1rzHQOFGk5YW5xS0x7pOnzbdc8rpH84in5DrBGOEd0yzXCbr39Mn90DdAXzENMzn+CfE3SCMcA04N3uHSZv1nDN7dtj7qio387pDNJfw9Xly61bbu3efdXUd9bzzvfv2hwS0sWBZQ0SlTyEljkOIHeIa7S5ZtMgDF+974H675LWvs/b2WbbmrDNdXJ+MV+Idb36jm3mZGNQNxBCrZKFhhVOmUVwgyLMAIpvM1d7eYW9605utqbnZqupq3WvCRAHigsRzscycjY8M26ZNj1v3sWP2sx//xPY9s9epDVRkPDNuA8PDbtJde865NmfufAfMklSIfwJQZJIVt5AIwGdxDZlcxTFksVKwon5X0KJ0EdoC8KWYi3rCVYdJqhoPiqm85rTjOSqE2pcU+ntEGICSttNj41Zb22BtbSGsw5E3KqpQVl5mff3BxKsQEvQvAA4kYp3hJvTBd1j0uBdAFsdSBiUAyRzgMm6pGx31Z0Fc9pb74MhwBdqWRY1xjkYWPZ7DyYrTFW6OzwdRuq66JviPhoZt48aNdvjAQTt0cL9zLuZ74PAhq66t8UBPNyKMjPgYgSvGg3gJEZ45Y4YtW7zQClPFdujIYTttzRoXDy+46NVWWFQyKfUQ5yCwQ4BCpWAw50FBEHWQW7F5K/xEyTd8Xrhgocv/dfX19tGPf8wSbhEyp9RJlK+TXjkbHew3DAPJggK75aabbeOjG3zjPH4qmbCq2loPWTht9RprbpliJaWlVloYSt4IwAMnCMF4AB4X32mc8lMIaSQbc588zLwHkOQ0k+jCZ+k46i+INNSZKnJuBIeBk3Ud7bLCokJLD4XYJ+RzEJ1/z+plSV9PcVXew3W4t6ml0ecNlUUkAhEAWsQfIQ3fMTePysUHceiQt8WeSfmGkAH0BAgCkJ7zEuXhyyuOuKoQEDk7UbybW9uc2wDMyhJkP0AQrGn1NbXeHgiCSHWs86gd6+r0dfO03KFBj/qFMLq+V1TkQYogkPw0cML6ujo78/TTvHLl3v377NTTT3eEf9vbLws+kUkoZSU+fsWf5KAwqtYB9WPQmFqhOp61lgqmREWxyvxXgOgznrP22bOc2l148UW2YPEiZ82J5+EgRPBu2bLZDuzfb1s3b7HHNz6Wt8iAIPMXLXJ5lTpLpaXlLnYVFYR4JgF0PLZKgCfuEsdL7lOELb9LcRcXYl5CMHEbPS+5W0lQABVlRGlTOScysaYSibxVjO+kfMORystCPgccGuSQKJpOj1mqMOlyP89AdRF5hEwAuuLKGBtAK27AmHhO5VUBSPqEsEDo+I3nAUzGAJKRQ4PZnku6kK9dQciTQQxiLRDD3K+RSrruWVlWHnSfTDboLL191nX0iHMFkHv/wQNmyQL3LyFhwGlBeMYhcRICM3PGdFs4b64XxTh4+JDrHnjlIYS19ZMzmSrxlktfk9OmSQYGiFgovJ8eUl0R4nz4ns1V8g9UMpfOulhVXVdrrW1T7PWvf73NmT/PqmtCMJxs4gAXFxux5bEN1t19zDZu2GD7n9lrnYeP+GZCvWZ2zHTKcvbZZ3s2WmFhsSvuKQteZYWuqy3aU9sSr8RZhBAnY2TiNs7xonHqOSEfQKmYLPrwZyxkGUrM0r0QP8bH5ebyqEKIy++JlI8RIAGA+POkp4ICGxkOmY4gHBybPRDXU3kg5sz6wzmCaNvufeFIfetb3+pjBLlAChBEOR6MEYTjOdo47bTT/I/9A7DlEyJ5SeWQIH4K54GDQBwJ0gvRB1k7fOiQ9R3vdQSB6yDGobB3H+9xUdvjs6I1UIqvksemtrXZgrmzPSpieHTEhkZHXS96+2V/FIWdTD4tJHHROWe7DoIIgs7B4hLyAYtn06AEOBFhlUwYgGBD3atdWm4jw6PW19/vi04RacI0SJB5z/s/6A53cR4WmMVj0x689y5vY+sTT9gjDz1sU1paHTgYQ/usdrvw1a/20jJ19Y2WTBUFnSYbyunwF7dSSWSKU30hysTljhsOGIcAcSKC6Hvdo7GT/ZjNhRI+6EoQCIl0GAxkNuZ3xCM5XaGYSSp6ZEPRavkoEEVGR4Zcz1MICBxB1jTGDyCzLrQF8LJOtMGYsSaBIPQFh4CLYHVyrhVlMNI2fwApwEgENHupIE0PPBwOFjgQA0QGBpzDsn/EniVC+i+GETIsu7uO2b69exxp0Em2PLnVdu7eZfMXLAhVLQsKnEMpzwRrHf1NmzrV2lpCNuLsuXOsuKzMDh48ZJ/57OesIFU0OUWsT3zkwzk2gYkBfCwemyE9xGOSerqdwngA7N4AACAASURBVLBI/Aa1dyqTzlhtdUhHdSWxsNCWr1xh27Zvtxkds+wTn/yrfCadfCtDQ4N2/913WSYzbk89+aTt3b3HaqqqjdzzyqpKW7J0iV10ySUub5eUlltBkpwBPIshr0AcRKEN0jWEDHEdZCKCxB2ZcSCciCDSZ+RVhnr7+DPjlk2EfHVxRjlIC3Ihf1yBkQAkHIDxSOeREURcBiNFb/cxXzv5MugHgIcjYNWTkq5i0gCyYsJYD0rtgBggDZyC/QE5uI/fEYMQnSBIhJbgFUfX8PyWSJknvVf6HWPU2iBiJYsKrbAgOJHTo6EiPDpI7/FuR3Tg4tHHNtr9Dz7gHMRr+CYS/goMQWTRYxlPXW2NrVy+zB64/yFbunyZTZ0xw4nxRz7251ZJcOZk1EFef/GFORaKjWGB0TskNyq99Wh3CNFm45TJxn2Ef0NVMAtjgsV2X1dXb6tWrbQ77rzbLrzwQrv8Pe9xKxRUsKio2HZt32733nuXlRWXeO0kzL2YZ490djo8n3veuXb+BRe6iZMauUlCXLDBjwz7ptJOXH6WLiHzsvQQgHiiZ1/3OEfIjDtCezSAK9WEliGPB0tcNhuiBDyqGY88hf5PkgqQ50KEz0QxUxLfHDkKQmGDwsjI4DFew8Mel0SVwe6jXd5feVSQmpx4ynemR0MeOGKTLGykJKNkyzJFYhn7oVB6LErognzHHEEafFt8//iWTfa6Sy+1latOdVM2OmIqhSc9ZelcOLZhoJ+szlLPqsTQQFUSJ0QJTOuBcw4cx6Q7ZqODIUcHzoe+eu+99zpCzpg50+oa6vM+EmLuSDRjLI319W7p6+nu9XsWLV3qSPTmt77NpkyZOjkRBDMvCy7KCwAqNJxFY1GqamvyzjCFZACkXGyinEMKr4allpdVuowKy/+HK690xX1oYMDDFb73navyxRJAOkQFNrS5pcXWrlvrvg8WtKyU6uhBgaSSuCw3Anxxj4miU/z7OJIIQfy7gkQ+ngiAEhBO5CxCAHGjeF/iDnGLmsQy6UYai0I61A/PDg4MWGY0iEMKYREnr6oo87VC7AVJaA9ARNFG7OU3FFyJRBAP1htOI6MEfbO27NlPr/+ZXXbZZXb22WvdwUvwqdfKxfiRCJEGqt6C3sSz0u2UiMU886E03ce8uiK/YZG8/fbbg7Ny5kw3+VLo4pk9e0L1k0SBw0lLS7PV1lXbpse3uL66fOVKJ4xvf/tlNn1mx+REkLNWrfCEKSaOBQtTI2xaeQNeESMKK4D6KZKUxUCEUGgESMKCAtjOrtOhVD/foZO8813vcnPw+ocesm/821fzkaxQIORqRDv6f9Pvv9mmTw9iQCh9E3IvxsZCnofCreN6hsyyEn3iQDxRrBKHwSRNwB1zAnj5070iFrQ7EUFOJrYJQSbqPnHDhCJ1lUPhVi4CAxOhD+WpAPzOBZIJB3jlqUCh5eQj4xEE8bM4omLYbsYuSFp/lJfhetL4uOsI/Hbfg/d7ItrFF7/aenv7rKa6PlgliwrNUol8oTgQRVY9EUgZMpQ34hEMw0OWGUvnjQvXX3+9i4OIWRh1gAMveA0HKS5xxJ0/f54d7+22p5/ablOmtrmIRUzfJa95rS1asmxyIsg5q0/NgQTKtpOTC/aphKTGlmYXa1gwhUQj9wJsyMmS2UEemU0z40FWZrGRe9nMyy+/3K655hq75eYbnWLxhx2dvlFOq6qr7cKLL7Rp06Z7u1TOQBQIFCxE0rI5ShYSIkgfkfVNnGIiwMb9H4hMBYXBshZHqLz8HYXCC1lkuYobA2QylqEgbj3T/ULeuIWM59x0nEhYETk20clNfKcQdtJWZe2SSRdHIe0MjgR/BMlkiuiVlbHz0OFQVihK6VW51htuvtHXf+nSZdbZedTTBwIHKbBEYSjPqqBD+W/iuhntKQQJYopO2H88FNuGS912222+l3jeSzHYkC3JSV+dR23+3Hn+7KxZHbZ33x4bGR6zVFGhjWUytnr16XbmWWfbylNXT04EuXjd2hwAp6w1FkUmTb5HCSPtUuEYkm8BHCgciKO6TYorog04CJ9BAhYe0QBOQgXFB++/15FGGy8LDjb6089cYwsXEo5Q7wiCnAyC9PWF5Ka8aTI6vUjATZ/yjsdFrInAn9dRMF8mg7Kt7wT8Pv7I7yNTse4T4Oc5UTSOiaIc6zNR+ReSyJqHHpLMBf9J4JKhDCrPkbbq3Duq4oge4V7yslJPOELcwuONOAvh8L5wfEYOSzgUewVVZz+/8m9ftU996lM2deo0D92hoDQ64TgOz0RwuooIxq17cdFSxIN9AEGIeoYoAiMcdORFJ7q6rL6pMYTx47caGrbmxiaPMWtubrLDRw7a1Lbp9tD6h62lrc0ta2evXWfLTlk5ORFk2bw5OVg6wKUMMEQjcRQvCpDN5PMgWDDVp1L1EL4TR5CyX1EeKpiz8coCRNb2ih6jw77ZUC3Z9ukPG/268851EcvFtSqSjYK3u6cnlOpXRGuc8rO5IDMXzwk4BaDaZHEQ5ziYXVHOIwQRcsU5hESLuOgV5ygaw8mU93g7cc4ivwn9IRJlRsN5HtzDK+N37uJnNIbvsARJ9MGLnywpsoFIxBUxw9RHCkEuPZ4nTOgUrDHr/s9f/hf7m7/5G6uqCtVWiotCXryLd9kxjw5QYpj8OSBYnIBIv2JMblUcCSI3fyAIFik85C1RmR8IADpIW2vIXqytrbGjXUdcP33y6afco/SGN7zRlp+ywk47/YzJiSAXnH1mTvnS2lT0D6WpslkcFaDq6GwUAMvvqmTBb3wHlWBBVVhMgAsiyQHF++bGeg+1ZnMQ1dhkNgfnIBwEKgdioaSPRqbFnp7ufNVC2opzCSm+DnRRAhG/S5bWvOKxXIRGYMJMJVPur4Ha5TlIFGoibiHKKeSII57GEddVJOLJXyMgixsJXPTCej0ScudZPyEkIkxTQ50jAWs7PEyIfDiAlIN/CooKnfLTHnvHnnglk6FhS8EbouPblHfCHn77qv9jn/70Z/JcwnIEbmbdPzOeG/dwnomcVKJrnFtqntmxUcuk0x4WMzQ45OnRiFi79uz2wFZcAWR8TmlusdpqFPQWn0tBMuciFt53QoqID1t37nm2fMWqyYkgl73lTTk253jfQN67yoKyGQqt1hFh0jWg9gq4k0lYtaLk0Dp4KATZKUBP+Q8ob4oSRnyQrsPvq09bbbM7OjxEWtTLA/7ShG6Eih8quKbkHucWXmgiiFhxTuDAa8HGz58oZHzDcf4FAMawlQgmXbf5BnSJ6zMTxY04AuWxK3ombtkSgkhnyYtjRB9Hxn9xFoW1YEQYjULhg26FAw/CYE7t3RASnaar6u5jI6NWlAwee55B5FGpH+7BD8J8VOWR9+75Zv2iddAYaT9upNAa5rlhFpEw7UaBo52dLvLdessvvFwpXnJMwWQ4zps9xwqTKdcpt+3Ybk2tLXb7f93ujla8/lg53/zmN9uipSsmJ4Isnt2RwxKVpYjC2JjbtWVp0cGYbD6/xYEQts/FBggwuUfOp9KyYreEaSPljQawhSTcKxMzjkHuOeess/NJNnJ+0S9/kquVCSfKTqg9iCKkErA5MkVnfUgckmVpIhcQ9fZ0e8zAz+G0iiOXgEXA81xilRBJ65fnKIw5EULw3REXHaHm+TWW8wqPrKkUcZ6XCZY24tYzJxQUihgMJVeVp856w6VV7Ju2dLS0ExwSyTBYRAgSF6niRo2JCJLNhqgG4rKABfxZN/zsOud6B4+E6GGKSExvm+pWLBBh8xNbrKa+zu677z4nvugfRGz84R/+4eRFkNOXL815PkEm5yISC4jdne9YAKi9EpME/PISQ/1ZCNVkYhGDQ7DI7d1SPLlHxQMAUAU7ymoi0aWjvd2WLVnq4RAqYqZwdAEDz9K/irA5UCZD7JgQxr+KKo8TBxUHYN0nS01erIq8444YVCd5ERwkLkLFlfTnQhRXXCPPut9PNHI6nBQVF29cDxkbdfM6l/K9NS8hs3wneXNyNueFwIUgkgIgeiCIQlCU/usGmcKUEwQhSJwr/go3jvQ1xjo+HnSnoX7ON+yyzZs22c033Gg9RAF0HXXC2dLcbG0trR6aghXz0Y0bHEEwPbO/GBmI+AVBVq0+c3JykAXtM9zMC4IAjM5NoiA9QhRUuU9mPolNyMkEzYFMXAIWNgV2DgcBMaAU4hRsKJvJhsv3AAVxnQXWX1Jqp61a5QiGOEBuBJfnYkSHwjBWngVxZWmC0sadWxIP6AsEkak1LurIGhYXmxxoAQKU9+fIcIvrEZpzHHBPJpLFxS+ZXx0Q8daT4B+tnwDSFefxtFN2IXp8DvH7BNDu90iPu5LO84pbE3GIWx+1h0KsLHONCIIQXfoHr+K+UtK5Z3R02L+nGj8BjARO3nPnXV4Rpre/339buGCBBzoSokJ+yYbHNrqPBNOzkBZ4+8QnP2nz5i+enAiy9rRVOYB4YGjETavKq/ZQkrExp/yqicsCsdD8JrFHB9fg4IIqwBVYeM69wzkk5VNUi40EYVT2ht/ZUH73WrtNoTI4yhtFq2VGFhAidmFjj9e+BZB4hjakmwhJCBRUSrBEBpmy42bYPEAQPUBYyUkQRCKVKLg4VlyZfSEE0TOsLQGOxcngoIxbunifLEy5LqR1jnPBvIgWy8JzEQ0z8XDIb+E5WaMYL3vCn8zI0uUIc6HUmfL5tCbqL84Z3XoV+Y1yuSgfZzxU09/w6KN21+132JHOI7b/0CHf3ymtrVZSWGT9vX0efPr45k2+tioli6kfYvmZz3zGFi+bpGZeyv54MlAi6d5UFkZmXBWAZmHgFKImEqkAdABV4SZsOhvF7yAIm6A8ExV2Y/MAYlUgZ8Pc60rt1gULrYGzOIaHXWbFqw+F4eJ56S+MTxlxbt6Nyc98ljiGvZ+qGaKecSVZnnMBbN5vAWJgYXoOBIn7CCQyvRCCxJFGwY1xDqLxyurmCMDREBHYxpEkLr7FxSHGhSUuOxaiiuNiWJ5YRCnHQemPRFJMybHifxN9SXEEic+TdGVHmEzWdRAQ5Bc3/9wOHzliPX29ocA4VVMKklZdWeVWrHvuu9dqG4IHnxx1JBBg58///M/tlFWnT04Ogg7idZQOHHIKzoIAgFhAcOwcP97rVgmKsvX0HI9kZfNANjhPU2Ojs/ap06a5UwrrBPfi+WafyKH2cji9vTZ3LielhpOPgo0/a5WVoT5tYarQGhsbbOqUNudEhFXoaAKeB/mgSgrGk/7ilqmiwnxBZ5BWSq8DRkGg0Iodo18BSJyD6HtHmOcQsSRiCPgEoBNFrInm0olcRYTGsxLHxkPISRHpuCEg0qWa1LNhLnFOJQquvuN9EViJ38FFN8JkciGEBVuee+1jviK140GIMYOEOMfJOIgkiCDC4dQct0R0zN0TW7bYTdff4NyE6G9isQh8xDczf958F4lRzgk3oj7WIxs3uBULRP3Qh66w1WecPTkR5EPvuzxHYhTAIqedFh/EcZ2hqsZZp+Kg4DhSrEWJ4QK8VywR7emEVIk+eiY3FpyHKnMpCxRRn21TWrwd+UmkoIIkIJa4Ev2xYXwuKg0F1NjUuCPRATnSQYQUosBCjl+xZkU6yIs58V6AHqfqyleRmCMuo3vir3FKL7GJ30HwuA9H901ElHi/cfFPupHEKedAmYB8mq8sj5wZCKdS0YSJvp6JDlSNQTAyNhxE8M2bHrdrfvh9J2qDw2O+D/TP/iBeIUo//NDDdtqKU30MGx97zOYtXOCe9y/8/RdsybJTJieCXPn5v8nhASWVUoUZCCGRA4pQdWqABLIWLgX4eTWLKNiPhUAcYoFgm7BQUXkWVUF32iwoOs/QBgvpVf848qupwe+FRStxh98AGKxsUCI2DU6iauqIWNwrUUTjdIBIBB9JPFqX7/X5pSJIHCni7wFqIamLO1HBOtcnopq9cY4zkQPEEUSIP1GcigPnRESLI4i4A/crEhcEkQ4mj71/htfjKM2FghcaF+ui+cTXUwgsxB8ZDLWKt2zeZD/6wdUOD8Oj4y4yS4yjdCyEc/++/bZ4/iKHk0c3bHCFnXau/OI/2oz2WZMTQX7yo+97bV6QBPaI3A/wgCxMClNuTUOo/MfCgjhyNPGZhdAF8KriiXtSoyw7OA/iEaIT7ZQkQw6Dgt9UF4r2KsvDqbFCBBaTZ0AG5Fg2XQjjJycRnlEczumQCfkE4PGAxyBeCIHiiuhLRZCJMrn6imdOShSL+0l0X9zjPhEBRL2lM8TnoXHGLWcTOQif5dyL60ouPmZCBqVEJ5mbvXhsAQcoPVsRRnrSxEgEEQEhB20M9fc5gmzf9rT9+D9/5AjS2dXjOqvgARMzsMTZi3M75nit5Z/89Kdu8uX+q773Xaura5icCHLHL3/u+SBCEhQuJgcn8OhSSoT2DXhNJIBUsUIstDLbZFJUgpWOQQOQ5QthUaUfVJWGjDdxAFE5vOXFhSnPQONeOAnv+Z2+sJkD6DoYUnkUiFiyjgkJJOIQ8DiRIsujLg4QFz1470pr5H2PizcCLlHZ5+IMce7AeKQnTESOk1m8BOBx5DjZ+4l6jvrMGxsin0We+o+H2K44gjkippIeE6XjmRmvLIJCojwyRVVktMYeypIecyK5a+cO+9lPrvXu9uwNJ2WxhyqtCiKgC82eOcsli/UUBSkr9fi7j/75x62ouHRyIshj6x90Kxb6B3E1ZK1ho2by4g7dvX2OKEr0lxLMQslHwXcetpBIuP7AvX19/TZlSjgPHAqCiAQy1lZU5YEWhKNfD+0eGLBUMhGyCaMsNKUAA9QgIItO+7xX9KkXFogCJkVp8yKVhd/kT5Ayrt/jVNgRBsTggIvnQJC4+PJ8QCzu8XwIMvH5OHd6PnNxnDPFxbyJYla8DTjICZ+FuNQiA3FyAYEYgziF9BQQRvNQG4pARkiDuIIgRGl7pZPegXyqMLoiBA14WDB/gaUs6ZHcj2/a5OVVf/zjH7uoNWkRZOPDD+SYNBjuR6EdPOhBZ15tMRcm3zswZMd7Q1SoYqvgMLBWANkdWxQWGxlx5Yz3xN6o2DGchAWmD9huZmTM2+FZAF+FmeEgucy4F4SQqRmRjUUGMYQUtMd7nvf+iU+KsgLFOYL8fGIBO8nVcV0lb1GKiR+Z6EwXcRYhhQA6rmtMlM8nij0vhCAnU/TjnOpkSCguEB9fnIPwfiK3kpKu/sQp4By5ZECK+DPsvURgKfuKlFZfwcwb9I2nn3rSHrjvnnDw6oHDeXGafZGRpqO9w8ZH0m7C37tvn+16Zo/9/Be3WNqNEhym80J887f/e2LTI+tzRIYODQ8aVc8BfPSOHdu22eGDhxxRMsmU1zrCVNvX2+e53J6JBpWNwjwUIg+SsHAsCroEFTXYFDiBEKLQAhuXFUu1Zz2GKllg1dWVbgpsbKi3ysoqrzdbUVGZj+ECUWkPJAIhscLIjMtnIUkcQUQdJRbJiyyAOcFc6owkylOPjBM5GSmiEPm4Uv1826b74ogYvz+OIAJacbwX4lDPhTxCkBPGSEXK2IlhwCJlfPyYlyjsxUNHBgatqrrKBjlegdz0yOOPWR9kcscu+xSJoZiWe44ds6eefMrLRCFabXpiq+e3AwOY7iGAVJZsaKgDc11sHqLsz9Co/ds3v+XwMhmKV5+MayceX78+B9CMjA2Hcple53XMtj/5tItdBw4etGPHQz1agJ8/KAoiExjfPKU1b9rNfx8dIyavN0jHIigdFwRRSIoA1uVZtqAgYdUVIW+kuqrSS+Y3NtRZYarERSuQDnFMtbwckFOhcqGolaw9TJhgRV38rghlIdRzUes44OoekBdupc/yLE/kMCcD3Lhy/FwIIgo+0bT6YummRKy4CDZR7Iq3JYBIZkPUsjgTRhM5g+U7Ya6aL/cVFyb9GfYNsZlDVCGGwMV9DzyU1xtlXQwRFgXW0tToB+h4Il1dg33wig+HOlq/zjkzL3ZhXuR9J0WQxx5+OMeEU0VJDyuhFI1n+I2O2aGDhzy1c/fefV6IOV52x4EiWeB1WSVWAaSqOi6Zn8WWTRyqjXhk6ZAYBDViUDzn1QWzGVfcSosKHUEa6us8XKGqstwqyqsdwUAQ+VxEafHOqlyNrFmui/jSP3sGHt+xoVwAgAD7ZEgykbO4WDUBQeLrHkeW50OQ59MtJPqdzNIVbzOuiE8U0eSVVz9xZJmIHLoH8YtLz9K+UnilF2lM+SDPbIj5Yr9d4tixw0UtzPsPP7LBiQhrhiiMtADXyGTTVlVe7nkgtPOe977fq2fCnSdLdfeJ+5PY+NBDOTeVFgWKQCkfRClOm0VpPkYFxMc3285du/Ih7yAKANnTe9wjTmWpYlFUMAxKrUQoLRYLBhUvTRXlz5FgUbFOeVXwCEFSiXAIZHNTox+OU11ZYR3tc/JhMCAJlCkfnVpa4khGf9IPHDCyxI5RvSNcAsD4IuS5w4SSPnGKz3tX6icgSLydifL7RC4xEZBPhkQApeLcno/oCUHiuhT3M544gsQ5ykQDQJyzJMaDiZdnVcOY8YpraP7y7/CZrFDNn9JC7g6oqbE77rjD4YV9AHkw08NhyPE5fPiAzeE4hFTKw9z/7CMf9dKyY8SklZa8SDr/8t12Mm6beGrTJrdiUVLTZVaqj4+PezrlkcNH7OltT9v+g4dt3/79XoCMSwlThcUhDgqqrNBrFoPFkdIHa4XtKjzdqwJmgrUEAAeRcAoSpkJICxYNOAj3tzQ3+fkkba0tVl0Vjg0AARG1QDRENzgSXEccS9G+eUdgFO4uH0Dclh/nEhOpdxyg8pyGmC9SdaMK8/F7XsiEOxHhToYwMq8+HweK+zfUfxwRTsYlJv4+UX+KI4j2TTqb64XSw2LzHhroc92CdUf3ADZY+4ceesi2bH0qn8LNd4rDy+bGrbykxBYuWeIc5cN/9j9DWadf84Sp5+PGE9cwvt4v6bmnN2/OAajpTAg0RAHzBU1nQlWKY8ds38HDtvXJrR6fBSB7vd7SUgdogFPKJcAuXUUUiQVUhC0AgOhUgc07spxBNQF4HJRCkMqy4ANBSXePelHK2mfO9j5BOOVnK9IYJOU+zIk8B3Jwjzs3xxXf9GyCkTy8MgkzFiGYsvT4LQ70vsAeyBiSt06mJ0iOF0Jpk4RQL2aTxB0mts+zsojFRUNxDl5fSDRT3smvjD0donTFMaSLxE27Qhh+c5P+6LAr5Fx+oM6OHb43pChs37k7Hzmh8CD2t7a2mtxme+3v/Z6deuqpdsGFF3vNgSQnKcc8+S+FR7wUYH8p7erexM4nn8w59c+FZH+4B4tArjQ1Vvv6++xYT6/t3rPHw89R3LkPPQWrRu/ggItlSLGymzNoiV28FzVH4QPI6ypD7Sxq+mIUaGpusr3P7LWhkWH3ijfV1zlnqKqs8EVPJnI2Y3qHi1WIV5QIgqWDqIwHxR4fC4gGosg/Q8XHXC6IR0JSJq7oXuWkCHD1Gpe7BUz+GxG2jich0egEgPQjgIPX3q/YeTAcm6DfvOA3/7L+/wkhX45IfrbKiaE9Eg9leYsjRfy9gFibK66pMUlEEsLmEXgsJGZNRBDNXc+JELpfxEIUL/uAOR//GXCBLonEoUxIfB6EMfFsTW2Ve6UWL1tmH/3Yx2z69JmWxdITVa58qQD8YpHjV/SKk1TIfK6+E7uf3u5Kejod8jIkwwpZeCWQDR0BbvJf//Vf7ivxwgLNjZZMmD26cWNI0CEgriDlZuBEQTiyi80BEGlXVN2BnsICQ0MuYsFVsJbhc+FwTRL9QYaqymDaJc8a2zltIMvCObCY4Ifham1ptfaZMz3UGlO1n0kxnnaHFObJYPoNyjqI56HyEaIIeeTfYVyULOKaGL91gpfbI4XDyVeeGRiFmAdlk7zdIEYyf6fIjgxBcfWkLD/SLHiXJZKS1ReKSIRSpwF2AtKJgziQxgpMnCiqcV/w3NNnnFMUJALRknh1gh4Wednl7BUHmSgGai5enmh02PcOzoAhBw6iiIyDhzu9f8QrCBYV5hGNxzNjHiG+cNFie9/73mez5873OL+JCPtiEeXFIsjE9l6MPijCk9izbYcjiOL7hSRaSBYVgGSxQZZvfOMbrnOQLrl7904bHR6ynXv2hPPwRtOkB/gGFyQDy2dDAT7FKklMkliD2Ea9WZ4PGYcFVloU0ngbGxocSTjamP7pk/vZGMbHpsBN6mpCtXItmOK8/HCZmqr86VmqnM6YKiN9hnv541kpyISnKEMxnpmn73he1Jbv4sqdFp/x5pEmolgqrIcoqPUQILsvIF7bK2YQYLPiiBI/rExIKyqP1U5+oDiHA0GEOHFRzduOKekuPSBRRKL2RHGMNlx3HBrwVwgVOgj7AvdAPyU0CdGZGCzaUVBrqrDAS/+sPWddqGZy3vnOQSY1gjyzPSAIYoCQI3CUdD76EwWMlEo2GMrOovC+rLzE5s+ZY1sjCnKks8syhDRAAXMhcYeN1YZJzodjQIWQT1lYABcqE6h2gTXU1vlvOAtJ/C8vDZG/KIU8i1jFousYAJDILStReDWb5FwLc+V4KMQmyxscRKcyYT3TKUhwC5mI8Z3IMx8HqrjxYWKoykTKLICOA7dEFNZQiCdCASCxpqrqToVC+Vxo4/n0Cw84hINRmSUqcOGnPZ3AaQJHVGWYOFWNm3mFHBPFM42BeXkQaib4woALRCy4OVIG0gXZqTr6wa2dPT3OXZKphC1YMN+PEycG66JLXjP5EeTAnp1+ym02ExZQ1JnvsEhApaGsyJHU0JUViAWprCyz+XPnWn1Tk+snW5982kZH044gI6ND+VRXAQ86gpuUozMoeEWOFRsO6byFfpSxp9pykCQHzpSVO5KBqDwvJyOb6Kbk0hDu4odVRmdbACDoIKR8j6XHbGx0zMUtGQ1qa6ocOfiDogtRHMCiA28Ubq8ySEKKfDZeREjkDJNIKVOpbNgZrQAAIABJREFUCEJc1NJ7BWgKgQBwxboxFqrPxwvbKR7K/S2exx5ENufSkfgYdJWgc/lxFJRBckPFOBluvo9yAgqBfT9dRXr2THmVHhJSiuPEzb6JXMYJFQUYMPMyZ0+W6uryE6vciBMdscDzblAZ7LN1686xpuYW5yDnXXgRzrR8lPGLFa3yutOvefDnSxKxdj291WOxOFhRFcI5ZZXNhVrfddddTt11Tp5EpkBhsn4w/LrzzvN7Hnr4EevtG3AZGRELaiW/hArHAVyiYrznOXQFQloCFTdHEH7jwBWAvIgcd8Kle3vzcV+MGcAEkdw0HBXKBkkAtHCoZaEVRNxAIowAI1WQMw7RhAvxh5LPOLwCYE19PnQeoJI4JE7E3AEiZGzlditQU6/iRiIOAkBexUGE4ACX4pxkIMAvwOE1MrtKiXaEygYxR3uh3POSEsaaPsHJR7uMf3gsJC+J62pcLkJFViwhhBy4Ql5xDxlf3MI3Hk7apR4WzkHWm/KoPNvaNs25Cn2xTtrzwaF+O+WU5TZt+gx7wxveYGvOOtt1VnGrl4ogv437E3fddosXjnty6zaXIQkUhFuQHgm1QT8AcJgEJl45hbx2rmWMs/mwSiBv3n3PfbZ33wE//4LfpJzzLL8DbGyMzMEAJSEK/BYsHSRWlbuI5XE8DQ2hhE3/gK8Fi67ypdo8DAicagXHUHEJAII5UZWR7DYuZRrKWFBBhcJkKKOqEBWd6z1t6oy8GKZceIBDSKaySARkyrIkC544rERLAZ1T/sjSp3XhM+8lzkqJdkMBlefHQ81eUTxxHwBa+p0CPZ0QFTDPQIDk9MvrgDnSeot8vuyd/Bs+7ijURGPU+kn/kMk7jiCZ9KjDAoGtiMnKHXICER3giiFHIT3uShgftUWLFlp7xyy79NJLHUH8gKTIoPHbAPiX2kfive+8zHPSKYv/ja9/y4HwD/7gD+ziiy92OVLKLxSCCwD94he/aNdee63XvmKjeP7Vr3617d6z1+688263awN8JUVF1tPbaw31hIdUWWV5hR0nCzEd4rrgUNjQcRpBjQDisrISP1UVYOVUVE/zTY879wBY6YuF10lK/ntBKJQGB/SMtuioODgIRgNq4GKuThYmraS4xAYHBoNLI5kI0cWZjG+kkGXenPkejaywFqxi7kCNMgUBGJARUUjKPWsDEMjDL4UbYJORQpYo6R8T81KEXLQ5PBoqSYrLiBJ7fbEYV1TlGX4vKoYaBz8W49DJU84FPf+/2ufFOOQv8v1DFI2Uc3GLwIEDdZdIqXEzt96eY+7zYN8QvRGvIKhw8qGRcFS29CHWhXFixTrjjDWWyebsiiuusMXLlvvZhHFO9VIB+OW+P/GFz346xwEobdOn2bpzzw1HaBVgbaj1hfTwDQojR1QZQGXyP/vZz+wH/3mNFZY8mxSDXgJFc0VvJJQMYnEpwCA2ShGH4wMhTB4EwUTIourcESI+OZfbw9ujvHOq99EnAAxV83CV0tJgOqQqeib4cPhT/9oUkAXgETWUEpoOOq1fzFdRwG5eLit1rklBCpCVMxRBYuZQXlmRN8tyr8aDAzEus4s7eJRC+lkkiVNuGQ5c6Y1MxdIRjh/vcUMHgKVDa1wULiy0gf6Qq8NcFfIvriS9h/4hMnA7xEadKwmBo5oI94ujJQuL86VmVSleYmXc2CDrHePef2CvK+johUgWIArj8wNCu3ud8DA+cWxH2tIi6+hot7LyCieyRRhfIqfxi9ULXm6EmNh+4sv/8IUcJSCpb9uNZQrlimJvJSV5MyVllsWyQzHlYWfTH/rwh200PR6V5ClyyoyJlzBpjhdT0hXAjDjF4g0MDtiBI4ejE4danPoA6CAeG9Da2uy1lNhUysZ4MTTO6I5kWQ8tKS7Ohy/A2g8f7fTn/SDR6BRZWVtUoREgU5lTF1sKw+GgXHEdA8CpLA2FuTmVlbI1VCfHkODJW9VVoUJ9FI8mQCPkXuKWPNYyvXIIphRcxiHxi755hjEzPxRcxug1i7s680dJI3oOD4/4HJnP4GCoeul6TZTHERykSefaiMkAJ3/EQgGcECk+U+KV8RELxXq5OTrxbE1jrYW4l4t7UcIUY+VZPnPOB/opFk32Geub4vAwk4vTM29xyqpqorArbOmy5fbRj37USsorJr+Ide9tv8yx0N29gRoBcCxCfvGwFLhzIwAS97KRIAoHoPzzv3wpHyjIZugIMSwtLAxtsYAABsBEVHCiMOkIBrciFx4A4XfuJxxh8YKFTv26jh51qoyjMB86kskEE3CkIINUlJmRnMwYoV5slqovMiYoOX3o+LIjXcdcZJKvIl4Mjyw51oJI4tqqaitKFbq45RavxoY8NwF4dDYKpYd05X0FUQKZl+LJ5RwJVK9YdYxZRy/svG2bi0TI8/yN50KGJmsmyi2fC45IWRzFHRm/Z11WhuQ05euDcJT9ZD4CVrgj42HsmNjhIOpHZm0ZWGSGDq6A4PxljZ96eqvdcMMN+dN5WVfFx1GVn/u9OF500pUfsZFKWHl5mb378vf44aNwkFwUbT3R3/Lb5hTP1V/iwTtvz2kiTIaF4TMXAKUaVkxYYevaaA7s/F+f+axTNTbgbW97m1ulJI8CDDzDJkkvoN3RzLg1NjX6b6rvG8LiiwxLDEBJe+euW+eIyoGfos7aOMYo8QMEwVwsuZnFZuNVYI7v+Z1x6byM9HgIlaA95sMFUDFfymoCZHBR+gbZQf62qW1+xJjHk0UliBiXe+erKvOh9AAQ32vOfk5fMulmaOarqGPGz3gYK1Y8xqfUZ85kQV8TYVKyGQSK55TPr0o0bgGEo6THnXhAHBSbBhLSB3OV5U9HfnMQaHVtfZ4gss9S8mVQkRmbsdA3+/nAg/fZLbfc4msO3LB/Wkfl4Mgzr7z03r4eN8L84xf/ySMismR8JsOBo5P1cgRxOX4kmGSla4hiuFzNiafRJCRDBwqRtp9ed72fcMr1/ve/3wEHrzjeVRbP8zwi/cXZc2bcxrIZj5uC4kEtAUzEsM5O2HSpzZw23U+kuv666xwYlyxclDeroudIhKFdgIqASUJRAGqAMJ69CJJjCKAfNnb58uV+dFlzyxS3nHH4JOZJWaiggu3tMwKlTKetsqzclVg2ecbMGY4gKvKtyvYAK6dwgfBCYMYG0Li1KWfeF++htLyKmkNEAG452VhH5rfv0MG8xU/AwzPiiozPkTiqDuNOTM5UKQ7ljwBuFQIUh+Yz4xL3pbqIp0fPW+AibfBDFfvYFJDK/dLTVKaJsd5w43VugUSaYPzyAbk4lgh+ENoBBjD3ck1pC4fofO3fvu6/4ZvBzCvT9mREksT/eP3r/IQpydlQHS4tlCvXxAhFnmaAQWyYRek62m3vvvzdbql6xzve4cAHMD62eZMDBYuJEicRiTClY73BIw6AASBQHigasnY6PWanrljpIgd1smh35vTpjnj0rTPaAQBMjIwBjzPtSCmUaKfaTMyJP+RvIThRviAv1BEFXMcvcETc1qee8I1vmzKF00WsuDB41hkDp7OCIB5t3NjoAMsaeeGBIjhgOJfR45Uiw0Ffz3FHDMRJ+YDgXnJEgkj8DqCwXm6Ny2RteCyc0CVdhvfBhxJi3BTOwnduZED0snBGuRfUKwq6nHPt0dG82Mn+MXfuQ18BQZi/ks7EKWS6pn/5sxQH95OfXpuPh4uHivgzBUHclOJNu+zxvPlz7Pd//y12yaWv88N3QBAchZP5Svzln/2pnzDVeaTTyivKHVgaGxqtuqbaq6178F0BtaiqPQ8dcydn20nkyWZy9oEPfNABChPee9/7Pvdc9/Z0+3mET+/YHhZyYMAPVCGQcWB42Bcc4IJSAUyqoQRX+oe/+4K9613vtKbGemuor/dypAAkFcLpV1G8cAusJ4cOH7KBgUGrr6+zWbNmu+5w/wP32+5n9lpFZbWbqxCPKqoq/P7urm4bGxmxjvYZHpmrA3tAMoCTMI9Z7e2uyCL64C2WaRREAxjhWOgkMj2DIBJDJYoCTH4yV1+/cy+AUqKhyuIA9MyHPZDDz82rVmD7Dxywru6QBg2AOaJS77YwnBOCuMJxdcj1jIPn+4/35ZV59CYIj0dQ19U5cVCkBPci7qGPLF661Nenvr7BKsrLQ0Qx8WaOnCGMRSZq5kNS1C9vu9XF6aAXZa2oMGW9PT1WVFxkxSWhdjIOY0I3fb3mz7d3/vEfBRG6rt5mtLdbGt0s0kF+E1Ys6ZMnQ7gX0/7Jnk+8++1v81gs2btl5oOigCxQQ/LOtUiikCrERmnwq6++2r73ve85lf7Wt74VqPr4mMv4jz620b2th6CMY+GYsXR0JobKigKY9JVMEhaRtc995jN2xRV/YnW11f79HKf8IYhO8j8bDfCChEyeTUC0AnABFqIBjnZ32/BYiCL2MJQoMJH7RwcH7NLXvNqBZv369f6Mqq84VZ0zxy1s/MbxyatWrbJ77rknbxImcDKc/d3i7SPmsSZSdiVWwvF6uo65biFfElyCNQIZ+VORPYgGiMS67dm7P6+kM15FIhBWQkIZxADgxnrFGOTDGRoKZm0drw1BAJHRNeB4MsBAkPB5+X5kM34mC8jEOmgOLh4mgi+EsTkC9vf7Xt/081tswH0ySWtsrLfjPcc8GQoCWFpRcYJvibYvvPBCF7X6+3qtobHJOLF33E3twZL4YgD4hTjNy4IgS+fO9oQpVUsEIFk8bb4nLEXyteRdeZ4xK8JBEA9wLtLOVVdd5RafolSBU8Z9B0OU5y9++Ut/74696GBOKCWUE08674uRnxNJe91rX2vf/ObXvViDK8ctLdbS0prPN1EuCKKbqjICBLThx0lXVXls2PoNG6wsOkxUOpWsPZmxEfvA+9/nSIeoBrAAnCIK0hMYGxyGQypBpnXr1jmSAthCJA83KYaihwr0tClzqHv0h0KVStaBVxBbCMvvCgeRL4TPmF4FOCATv/E9iEBULO9VqEI+K8ziyUQ4YlrWQ9YXIgJyrF692scu7s8+Opfr63XkxtwvUZZ5+BqMhzB53tMmyP2Vr3zFHnjoYU+Vbayvt5GRIauvq7Gx4WFvp2369JCuUFXlohsmZtaVOSNGV9fUOsEZ86oqkxxBXnv+q3IAtGRzJsUCS85GzKisCecKyuTHwjqVSRDKjve7zEMH0D0oZX/eeec5B+F+Fh9WvG37dnvg4YciM/KzpypBkbxUPl70UlhzpbU2N9vdd99pBBSS5zGlpcXZP8gguV5eXoCONkTJ4xzm+htu8E1QrBNUUHFQ5687x9761rc6ZUdXYoyIUtwDoNCOgiMBVDgGwI3lhvbY4AsuuMD7ZvOXLF/mYoVCWuS05Pfe7uA7ArgIAMXBBrFBScZoAHUX8Mv8O5oOpmEZTngvq5AlsnnOA9AxLuZx5PBhP4sDjsz+sIdwdaqoQ7EBXgE64+KP9qvran1/gQPWkfuCODbqBEs6HfdDeP7jP/7D9uzdZ7fdfrt94fOft8cf32j9fcetvqbGnZCnn3mmIxoX82R/f/KTnziirl17toe7AyNpTxqb5AjyjS/9cw55U1RKsiaABGViobHxy08gE2VQ2gndCCm3n/vc5+wXv/iFXXLJJR5GAIK4yXA87Rt25113uT5C5hkh8arTC+CwMcErnrFTV51mT2zebMeOcdh9iLKd3d5ujY3B0Qg1414oI/IwwC0fC0AJxYJa8tzOXTvt3vvvDxGmUcYcGwewX3zBhT4nNh3gghsxV8V7wYlYA0UOQOkBMiIImC+fob6sG5R59RlrPG5Nog790SYIsXvHThfXWFscZBAd2iWKgP69mkx3t7+XyZQUDcYKANMXc+Q+7sErJQcjh3sCwO3tHbZo4QJbe+YZ+bAZWZEgeIht/MG9VKgcIsBaEEXBWjB/rybT0JD3eRDEyrrSBgTjtttu82rtr3/jm+y7V19t3/rGN9wsXlyUsgVz5zpxWbJ4SWQqRixOu7jbGRklVp62ys591Xm+ZmgoQpAXEp9ezO+/jogVf+akOsh1P/qBIwiAykKzCSyITqL1OJxU8LTKksGr4mywWAC0yOd/+7d/6xToO9/5jucLeDEHzqhIpx3w7n3gfkciEvVVVkbKOtSV459f/3tvsO9cdZVXSpra1urn3M2YNs1qa4PVSxY2kANggYMA4OJqUCzaRj7vH+h3KgqygCRxH8LuXbvzJVKlG0jc4TMAw2aDyIhe4jwPPvhgnttCvSECfhRDQYg2kI4GQAmIcbSC0O9+97u9T9qTPE9fiIzSA0EErsLiUl8z5inkxOGHvpcqLrGR0VH39JcRndDf7xmZZSVF1tbc5EQKSq5jukG+X/7yl66fgcSqCsMeXnPNNXbzL25xToOYjCFEYTeZccy0IRGNdcZ8/7Z3vMOe2b3b9jyz1/7+yivt0IED1tLSaLlsxpobGjyGb86sOY6MrAucGQRx40ZpiU1vn2EXv/oSR8xXBIL89AdX51jIeFCiZFtFgrL5koGFJOI0IAjvAXBEFgAEDys6iFtsMiGytrevzx5c/7DdcfvtdiDKWcYiVlZGfaqcAwkH7PzRH/2x/e3//hv3qHMUAgiCyOUVFuvrvS/6oE0QBMBn42RNEgIBcABod/cxR3Yu5sn9IA+pqQACSAewxrMmXemOKCrfy8JEe6QcQ/0hBHwGKQAETnbVuOSnEdfFl8L4AEBVhFGsGIAksQrEYV7Mh7RV2gaYMRig6DKnv/u7v7MRwm+iJCqecfGUqORkwohSZk5Q+XPPPdd1MoW3QP3Xrl2bj+ZlDHCM3oF++8u//Et/7ktf+pKPkXUmb578HsbI2oE8+LcgDP/zYx+38spK6+7qcgSpran25LnTT19j2ShyAN0NJMfqhRg6bcZ0q6iutLPOXmtNTc1R0exn65a9GC7xfPe8LBzkthuv91ATLBm8ykPLQOjQ/RfJkFbKBVAIOeK2eBaV867hGii0xN1IURXyER5N/M4DDzwUIkU5yD46jZaTjmpqa+1PP/Kn9rGPfNRLVoIcBAw2NzaF6N76em9T3nnF+ECl2ETlmwOMUix1VBtArLmJe9GWfAkAo7zimivIpDgpFzWTSfv2Vf/ur4hbjAfkcx0qlfL1AUl0cBBtIncfPdrl3OhVr3qVrx39Mz6AW1EIEslUzxig1nHZ6DsgJNzxE3/1CesfDRYwLpBLohinPdVWVrpRAfEN3UM6jlIMQG5Z+hT0iYQAgmDx+vrXv543N8tPdMqKFdZ7/Lj/DiH8wQ9+YHt27/W+VdeMvWD/Fy9eZEMD/T4mkBPREsRkjeYtXGjV9Q1+QCtnvsdTh///Isev+7wMI9rzuDXNLbcgiOdapzhirccXR5GyilbFlKsHJ4YFuAc3Ei3e8pa3uNyNQtbYFPKu4+ErbM7dd99tN1x/k89H3lr5D/Yd2G9f/9bX7SN/+mGnbCAIfhCiaeFmXsAhcsbJRCpA0Um5bLqHp0eRpYybP4lgCqWhPYWaMAcPaSkry+eF+4E+UdiNHJog5pe+8q8uHrBGZ599tlN3xlVbFSrWS1yFygLsfP6nf/pnp9xQdABHJl4hKuPFwIEFEMsYIqGUaJAQ5EI049kbb7rJbvzlL30dFIclEzy1zC44d53HXmFMYH5wIIwBILRyfVhbmXRZP4wwRNdCwDCyAMyIRfT7uje8wa7nLI+aGuekGDLuv/9+z0BV6rNnQKbT9td//dehZnJJOEyVZ/C2I1ajd3XMmWOz5i90q9ZkuYQYQpRfQZBfXPdT94NQTJjNhIqqQJsUW53zFw8JiLMzAIwFeeMb3+iL9v3vf9+mTpsScpej+lf0AbVESfz2t/7d2bRyPATA3cd77GN/8TH74j9c6ZSZhKm62lqrqQpZf1BRxgCwSDGnfYlBcsSBlIwJIJZir1ASD6sZG8t7lhXeL+uTTNiy+HgE8sCA3XrrrQ5o1/z4Wg+D4XvkbTbesxpLS0+w5TM+ABQk+cbX/s2pNueBywSsiiwiOAAfSCKjAHOSuVb1iFkDTvy66Zafh/Mgo1wTxc5h8Xv9pa/LO1IJsWEcAC3Iicka3UR9M0cXzUqKneujR7JPfM/6Y2nCrE0EAOusqGuOLBgaHMlHBrCGIB1iHWIkCKJQExkqGAPm33mLl/qaeajJJLhclIxSDSaKaE54rv3ed1wHIdiOxVHErivnUTWO4qJQuTDORWR2ZI4sBs9ddtllrkugpDc01uUVT3ER2mdzrvnRtU6t5E2mDbdM9fXaBz70Afv3b307eIrLy0Nt3ooQeKegN/qTaCaqDYCBdHxW4Jx0AYlSQkQ4owBaVjn6E8AJqTz5Z2jIxQTa9sy53uNe9IyQGig1a+d+kMIid3SiT3EYJyV9GBPi3ze++lUfOzqaTLqIK/LcK4iQdWAMij4GQTy/oqfHAYoxAFwV1YFbQRCOHevyDM7qqmpbwlmAwyOO0CjmzBOCpQqIIDbFEuLBh+7QHE87V7jxxhudSzFPCNEZZ5zhqbF8hlPCSUEi5rR50xOuKzEOCBe/IUHwvq6mKp8nw++k5NLPnPnzrX3u/DynngT4ccIQhChSL3hN3HnLzV7dHWsTr5LrhRAsFBxEnwWQPOxxWlGyPwhFNC+bCDVS2R/u5z5RQxaKxcV6goyvLDQWeHh02N73wffbV770ZW+3taXFLTUUbYBCASywf15pFwBWYJ64AiKDFGAFBMoT7KJklASmSIA4ois2KqTrhsLaIPub3vQm52Cf+uu/tpkd7S6uQAwYi3LhkynaDs49USI/WGbXTvvyP/2jEwZEMvrFM6+gRUUuSJ5X6I1M7/LOa5xe2aWx3qk3AMwaiitw5ADHF8gRyFrLAy7/hwrvKdLXvffDQ+7fEIKoxCy6D5micAgQG8QDQVDU77/vQedOstRhXocAgMDdXZ3+vbz/IAjjn97ebh3zFuSJ22REEO2fxNbEjdde4zoIHERWK8ntAj5s4Vr0OAAISQBInkFJg9JceeWVXslbyCHO5Nl12awd7TzmegpcRCHxfnpUeam95nWvta/961ecyoEcmGkpJMeGejJTZWXeP8N7xkg/HkUaHR8m0VARrzwnb7XmxDMKwOR+5VwAyAJO5kSkMnI0yLBh40ara6j3omeITDKXAmSFRWWWUfG4SO9x/0Xvcfu7//0527JlsyvCN910k4ddgLzoBMqDAbEV6q7cegUcKjcnOEczlvYjmEP8GuPlftfPCvHrDDqF9gDKKOtSyj7z4V5eQyxXReCkqaSnz7InfI8iztjhHojN0jHoi7WA2zz4wMNuKFBoPUjK3qOfYcFUqgFj5H72sW3GdOuYu8DnHpdIJiOi5BHk/ttvy3lWXKzmrEQp+TpQ0mW9EvAJqKSUImsCAJdffrnL5uQfK7yDVy7lhdAeC/3tb3/b2T/9AwSUIF2xaoV977vf9Xx0ZOamxiZriaJnFVErr7m8++6QHB31zY5bpoQg4ooSsWSFE1VlwxQ7JUQTF8EaBJUHsImDOvuccxxodE6iJ0zBZQsJMXm2IqOQNj02al/+pyvt5ptudiUWRfx73/++O0PhIjIMMCbWgu9UXQbiIX1ARz4w97E0oSRj1tTY7GfXE74xOjZigwPDVlgYLI7MTWkEIKK4CXOhTY+XI4W4vNxDieAMIAjfg6jc86//+q9uXuYexDnWBD8QEgJWLL6nD2CA+xfNX2Ads2ZZfX2NI6yOzMOSB9ctr662uQsXex952Jpk2BHXSZxRkA/iynlRSLF1kSpyBIprTKS2cmoxN0QnlOaPf/zjzva/+93v+pRBEHUmAJSizmfkakIWiINi8wB2uMaqU1a4boKMLlMhGyzrlZKaQAbac2vTeNoRGAQSUsps63JkrHynlG8lMYkLhhixIAoqYYj3IAgAiwcdP83rLv09P98bkY9qKhVwsciRKkOAFG+1d/P119m//Mu/2F/8xV+4RYd2MflihiW9WMSG7+kLAILbKp8Gis6+KO23sT5EHkjHEkHDVE6WpLihLHeMhzNUxG2lcPMaQoZSPq6f//zn9t73vtdFNriG1pD94Q/Ri3sIlTl6LEQmz5wxw/ftlCXLPNUaY0dTS7PDhEoqIb5hem6a0mqNrVNP2I/fFn5MtE49V78TFfXEo/fd43WxFBwnK46Qhde4F10AJSRho4h4Jbzk85//vIcQsBEUHBCCcC+LyYJr8yW+sDEoge6cTKW8jCiUi42C6gAEOvWWZ0AQKcYyxRIKo3gy+lZohHI1BBiK32JOpPFqDnlqH4VUeNXIsjKnmiDp3//93zvQLF68xFafdrrHLrlIU1JspVS3J7gwCgmXvyQuVu7evs0++9nPuviBeKXEJdYSKkw9XhLJCC+XRUo6VXp83OsNw6GPHOkMpZFKypwwyNrI/jgXHRu1kfSY11ImtYDwnJraGt8HiTUiehKn3QJXUu66FoQIpGV8AD0IK5ELzkWICvuFqX5gqD/ohE1Nvt+rV57qfTL/qtoaa2xucoUdYgNHwtiyYNFiK6moykcixK2iLzeixBHk+fr6FQRZf89d7igk/0BKrLzQCnvmdznU4gjCe5REkIPN//SnP+2L6uJYQcghELuXT4RXpWkCgMj4OJK4KBJXXFjoIStYSq6//vpgFYlSXL3SSXTeBMCvPBIKToiDQIEVY+WZfoRgR8XThCjeVyokNTEe53gUV4uotxycWORAXnwCmHixAE1pnepWJPovLQ/HYiPDS2SIi6IAh+sTI8NOPIhD+8///E8Xo1hrGQJcxI24scRRIRyATRu0r1gsErBU3EEc361xqaSVRWH7InSsRTzKQBxWBhn2qLKi2j75yU/mM0IBfBlA6J9ceQgEViuQA8/4eDY4bKurCChtNzgyOqP7QaornQNBRDDrsw98puQodeFl2HmxQPubQJ54X8/V70TkcOnjobvucCsWxb4kosgBlS9IEIlcNCCFnIehtH/1V3/lwEUINIsvCkou0xmLAAAgAElEQVTEKZdMZ/EQcCUNsbkUqINtI1ZBQUmOQk4mbonQBupvcT9IImVTQK+ASsJZ+E3WKgGZnJ5CVIlajItKIzJ/yl8jb7Mihvme4EL8ATj6mptbrLKiyhHEZfeyUkcQOJj0moniledpj6d9jlBpRFDG7X6OqMCbMvk0jjgQC5hohz8Xe6LcDJmzxQ18H6Ni4SCwjBC0wTMSN0FMIRBzpZIkXJsYLtX6UtAlbcvnhPUK3RGCNpoecYvlrI4OJx6DvX224pQVVkqxjNpqa2hsdCTjGSxciIdTp89wQvzbuJ4P+V4K50o8cu/djiDUUxXHEPUSVZROIlMjC8/ifPCDH3RK+s1vftM/e65ClJoLggg5JMJIlmWToda0y3Nf+9rXXOfg/fIlS/O53Hh7SeMlXIKF9hN3o6omLD5ilVulolOfnDMUh0JkErVUGE5cUMAHgkCFpR8p8hWgAyHhXHBExoi+gPeXe+pqG/Lh4RMRJG4Kl1jpgD0QDiIC2WkDas14jkZRxm4FiyxtEvt4lcVNxgSAmfs4ZJXv4EJctKk/PzohSoBTjo/vY1TcW+IWewGiet5GZY0jAWIc8+Ye1tFF0Sj0HYTG6YmIRR4/h74ybhCEAMiWhiabPWuWw0BNY70HUfI8e4ZBY+XKlVaAjph7hSGIdJCCVJEDt0QEbbZEK4knLBgmwU996lPuOYXCih0LoRx7YxyEDWMDJbrIiiERB8sISEbfFB1AFlZRa4lXUCls8cpXkYzuFNarJIZoYzZciKkIZfrWhovSq76trDncA5AokYn3GBEQHdGrArCVWEV5pcvYbiKNRCw4SJyICECZL9S6qCCUSiL0HfGR+boxIMqnj4tlQgoRKYmoIALtOZcuCHONG0si9uAnNYmQiVDQfglVJqPj1OQQ5T7WpaS4LB/LJsIFYaEPERAsaohYP/zhD13kGhwe8DXBV+VhJNNn2OxZs71aTWltqErjUkEm42EtWCT9jKEoX/3l5iK/MQ6y4aH7c1TvKC4OVQu10Yr1EWXTZhNG8qMf/cje+c53uhPJF7gkHMAYtxZhr8ej7BQb73JU4IzNGRkNZxpqgxHVoNZs2MDAsHXMmu0HtFRVVVpTU6NVE3bS2JQP6UAMAFGQd+kfDkLfisdiDlA8OfHi8rw2HCVd+dncyz3oBrQDkKCQolxi25fljBKmFRVVbhb1vktLPE8/EQVcinXHCYKbnXMhwQnAIuyctcXRSD4NQEMmoJ9AFYlHIRG1wHUK1s71pFDQ3f0g3EekrYuw/POjD5494UphHJilyQvnoB/KsFJfwLk5Z38Q7ZxMuema9tJj6RCZXFnlBoMC5oTI5u1TIqnLqPZ49dXft61PPGGHjhz2qOgZUc1lxKvmhkZr72i38poaD0RFj8SpuWjxYud8CcQrCgj/Fq6TIYi+eym6T+KJxx71WKwENTEiZVyAzkYqNwJz7Je//GVXWv/kT/7ExR7YqULDRa2EKHFRQVRQolaw4wdqyCuAhXxOUpUVFFkDgYotTZ6l5p7f1lan3iCFs/Camrz93RG0PCC38kUUgwVQukUt4mBSyN3HMRREBN4zX+ZK9Ck6EaZdKCYXIgcmS9oJSmmt55/TFyIWRRSo+iLCEhd5JFLm0iH2C4rK+hFI+NWvftW2b9tuJSVleWOGODjrpBAY2lM74uq+X5HpOi7Gap3j4mTeuBKdr0h7Wg9FE8hypkhpcTR0wkQ2RDmzHpib4aqITYhb6IjsDyIU71knuDyRFxCrw51HbMq0qdbe0ZGfY/xY7pcTTyYiQVz/fCn9JrZsfCRYsTLPcoC4OIXtG9kZyocVBzMl5lflX4vr/CoHCaxeMr9efbMzoeibLFv8Rm2qf7jyH214dNzLZy5YMM86jxxyK0kbFQ5r64LlKDrmQKfZukOqPlSDp824kgxA850SgKBiCj+hVpUKzeEhRvfAqgYQ8+rKa20w5/LKRU5KVWW1n0fi5tEoVx8nq0Q3IUh8blix6BckUXajRwi0TrHOzi5fo7hoGEeO+GYKsNVX3K/h3CTy5MctYTLrgsRyBus+Xt2IEFWZ1x5Jj0OyKCkMNa8AeGLSfvrTnzpn5TPIgZiNtY8wE/eWt7VZeizjRIb8D7IVK6uq8tbCVySCOCDHgivZAICH7DW8plBWFFXi+KESWHAASICExZMIExex4sgRl4kBHDgIwAIQyj7P5vzFX37COrt6HEGqqiqsob7W71s0f75zEICV/sUtQBIHSAu+GpCWvhiTonA9kDDK1WBOefNqlNSjDEr5Z6COmhO6kGRx2uY9gZuIdHAQEIQyN4hY9CsRK+4YdU46Fo4jUIyYcsYR3wjjUXCgrIhSvgXIQghxizgyTEQSIRRz1v3u/+HAncgcLerK70oX4DllY2q9EIsLIvEQREKKIBeEZyAo7A0H4aBfED3BGjHfnTt2O+K1TZtqi5YucXEtRCgEkfK3cf3GOMimRx/OOVUtLPFJQ03JCIRjAHRnnXWWm/GU6+0JVNFJTXGxSgqgKLjMk3wvypeXzcefBRjJywDFddffYNfdcLMN9vc7gsyYPtWLx83u6PCqJiAIVEuRxvKLkPEo8UCcjHFIxJIfRJ5nF1tGA2JL2VfON9SQzaQvOcwgBHrvx7OVFAfHZnFAPvwwmi8AKwTLc8+xUM5VACnltbam1pqbW31OABtmZyGFlPX4RosASXkWN4wjTFzkihtYkoWp/IlV2jfWXIUw4uK1LGggCCIWwK5cEPw4cBDgAM5KODyGDGCENkCiI4eP2vJTTrGW1hZram2ZkBj1rA6iuU5EmOf6/oUQ6/l0i/hvL8nMi5LOhB9Zv8E94uQQMHE8qoQHMHmFMwOQ8bgmBjzRtCmKNhFBxFFc7xgPACPk0cQPHjr8f6t7EyDLsrMw87zcMyuzMmtfurpavYFaLbWQWKTWCNACMpYYGIPx2AMMw5gwjonAo2EGpAEzEERYMgSMMYwNCC2AsQGBkBHWBsJIAklobUmthd7VW+1LVlZV7plv4vvP+W7+9cgqVcuAzauoeC/fu/fcs/z7Wn7sx38yirr1ev3ISWcccp1vu+32YOHGYfEccznIhswOQZFEwFEPUewJa9pKjQdSfNCCBSDopdZhBtcCSSgavWNquitiAdBdC0G6NbcKiaxFIgTnoirM5GRN1GJv2XdFVnU0dTn2yvEEfP7WyZhNwtyjlYtnhm5D0b9WQladizlk3wv7xbU+m/beIAh/Qzjx5eA0xSTPfiNOYWxgv2yjhwj5zDvvinM6+rSbgphcyTT+liHIc555R59FweoBBBAC6olt2xpZsE6AhZd51myyolWnCDZIV4nMnCNTuZXV2ujGgxRZaKzyW29+S/mz97+/rK4ul9mdtWEOdbEOHToc3lyepf/DQDlka3NEpD4AlA44vlOc02GpmdcASg5djsMzUTx5FpzDUp6IeUTMyjGu4CD2C8QitF4jmTulmXrEzXfBPiBiAXDBEUoVz3iO+yGSGB3AO+vzxecsfmWuwWfPIxMgTOGYgOVqBnXK8T1LnuFcyWkZaoluWPhwchJ4qCMZIvrKV74yRCvi8DCRI2ns33cwQlyOHL0Rh9TfbgR52de9sB+K6N49gSDYrM1gM0QB8csEo8z6B232cg2RQeqXlcIA1sZBNPVykIzF+yc/+anyul9+XSmtrzemxEihXd8I4wBcTQTR068nWcS0Com+D3UggUPFlHkCqBws/7kPQmC5zhwHFkCJBahf8/YBWq1AHUXPMkAyULAugE6LXZQjbTW+tBhl0bVztjaHJ+sLPaI5D+XcWVQIH1S0jgbpqAlTQ33or4JbKnrXD1gpM0fy7CQmvBMDhg5i4heRyCjfzOPA/kPlO7/zO2O/ELMoLws3AzGm5ygdtCdqDFyvuJSvG7yndw295Wpi1fWKW3/pWakhakgiP/kjr44WbCAIB28cf/gXWhEHEESxJVMyD0qZVkAUTgTIQQqHFUuKrgc4DnN9PQD2537u50JxBSiQ9UGEm4/eFH8jZqEUApxWiA9HWHMQmucNwLAWxvP5eqL5jnusa8XfFo2GSyEuWNxZS1a1iK2VxeWVWsKGYtEtBEcq7LrddAkE67JQgzFfICP/NZXrb8oEyP3jO6OQ2SeRSUKk9Y7gSbipgK/IJFfJRpQ81yyeKXJFTNvYWFm6VOt2IX7/0i/9UuwTHPXWW24v3/M939MVr8AKyRx379ldRienysEwzdfqjNfz+qtGkGs9MxOWL4oglP0Jq8XwUCfHs1BZbrD5kQoMbjQPUPfIimM+GCmSh+xhcg0IIjKJKIypnwJnJNVPNH/C4W6/5dYuKhXxD+8tyMI4zJfDAAi1wLhwxtUhaCKSVBtRh2dA0TFnh3iwf3+Mh0hhP3WBGARZXl3rEFPrkntxJQPZMnGH5S5Ve9cKxHwgAM6fOQcnIHympTsrbmmYUBdhDVoAfUcnIjM0j6H+JVB4roNGAM8rRxZgclpZrHXByBV54xvfVJ7xjDtCpCJok4hrzoa52A4uiNXMzvCoPxVl+K8aQa7FuQYNHx2xCC5wJWr1/uSdbw8rFnK11HzwUHD8ZMuVip+UUwBRQVcUEGHURQQAsg0ZQxkZwNYyg+hBTNBrXvOaTt8B+A/u2x+GA6N1Ye3khWu9gqrxHIDNqFyu8cA55DAQtJYEvEdhu/X1CKGAG2HO5vCZD0gFp7BcUEcQhmt/xE75beE51YxZAXuQY/K3Ohdr5rnmeygeamRw77M1UCLE/HO8nACoaImvw7g0kVeE8u9sRMmcXinA/Yq9opHSxnoQEJLbnnzyWPT3wLT73Od8VXAS5sP6WBMwgog1NVvbL2S9c/DzIIW/pijWogaUYgY59Xbc4loi1lW5CxFSrS2f8+3d86EPRPFqImKzc0txJKwhG1U55/NgTBPfSbU7+3nqJyFyyLqDUvVrOSAXoSfXawEmQk8Qfdho5kLxNQAe3wEAitUJhMGQYEE5s/MAPsa2e5VOujwHEIDxLdwG99CKZMwYHATEkXqHzjFSK7iHZaglaQmoUmGB0k3WKsTv+kIAqFzZxOjaQeIkN/BQs76lr0MEqa17a+SACKGIowFAjpKRTvFWxJaQYMUa6ZXgDkT7klINwQBhbn5aDUw0cY29ZRwSyHbu3l2zLFu82PUA9PUiyPWIa1/yNRFDOMBBiOYNP0FrWg8FVzaXE5BxJkB4gJbYZDiVVUUXOYUIIKfoOEpCEDcRgOF5Isub3vSmUPw6RbjQo2RnXIMYpAMPKoa4ZRQqzxDAea8VxauSy99SIZ6HngG3IraL/yCEFjWey9jW4uJ+iAMlQZmzDsiMHIwtkmeR0ueCBIaN8HzrkMk9nKc6h387ltQ/EyURIThXr4Qpt+MoLRzFeQ0ihQjtuyIu94fO1DzpWDmJI2Pf9REhdpvT7rkGko+PlZ179l4RvPlXiSB/SWdoouhT4kjXVFCuxJDIKAzAbmmjJvlweMjhkYq6sRkWEgLZAFIOKBq50MVotKZZepgeQkaSrKgF8G5UH4SUHSqkHG2ZTxKpkHuN7J2erAYEFGiovgiBUs2YIAmmUpDb+Cq+t6mowCmgA+AgIMYAxrCpqLkPIIYRAxF3NTERjYOmZmYKdqLxCYwYiFQVKbAWZWXXgwyqDOASX0VZoGbdolTP+XPngjpbGTEr6lqyBkWq4ARY0MbHoncif4+M1kLiYblKHIRnKgKJNAJzRhaAnmzA0A/XCAUioHSlbFJ3a3goRFDWxj4wXs02RCyGcNZkr5GR4Wi4BEzMkKfeDBgZFq/FJa6Xg/x1IkgYyxJ+xB598iMfie8BcoA0Jw1B5U6eOlmWL86X8/Pn4xp7h7BRHOzQcG315cYpEmB3zzJjlsuliFBrJiEXURThuVhFqPbHfYg/5G6rY/BcENggQg7MyoO82/fPwgsmGnE/gK8+ATJw+CACh28oPS2seS5IY/vqqKW1Y6qU8QogRjBzHfs22qvWo0GACNMwZtYWfcD+2NNk8eKlcvzxJ64wG8upSSyyDJFiVeiKoWeMNKTYEqcyJ7keEUNlPXSnjWoSDkRvvU0qJ+9H8C0GDM6d/eIsIiR+dDiquFAkIpCUyjfDo7EWY9e+2DyuiRTp5utVuK/1vEywcq7S4D34pfKr97EPfjB0EPs55DgiLlxaWiwrl2svCWR6chgIlQaYZnbORmIMHIDD1OwZSBJU7UqLTGa1IkzWRRTF7DdIoYNKuccKHMRGMTwPysucVKIRj6xqEpSwVR20Hhfrc43OE25D7BXAwTMAgkDS9ZobwhoRvWwmRGmk8cgBYRNrOVNCwYNz9GuSls/OITThLIu6YyPRhz4se/QNXF4u93/u8zFv7tN8G1xjpFrm5MydkQRRaqh0FFpAF0GuONwkfmyHvOpEGUG4X0MGofQ0x0GSgFhg4sVHFBbNHpyRzlf0rGQ3iLfa6DrrfjHkkEhez3XXuuZqyvh26+3EXqL3miP3iyLIRz/wgbBiqeB2gzRRgP4OaOmLi5eDciDTQ1F4QPWw1yA+wzI6k+VQrYmrzsK4WQRRLheQZPkArVl9lLgktIEQalpDa5bVN2FVd8bl+QAUBwn1U5cAsOAqJnVJJdUFQCDWwxjsAd9zj/WjVERxUCLC7d6/r6Ps6iFxSCmuS2NAB/CtoaZGDA0dtBf49D33dNXnM4JQRMOwHr9XKR8ibKRU8Wk7fcNDz2bWLOZ6xirnZa0aTLjG/ann0o/cHc4QbkwBOAwjiLkrayvRp4TogkCqVepw1Zi16zXvXi8HuZZF6mq/bbde142R6LoR5N1/8Ad9y3p6AFJ1zb7WuAKYAGAoCohy/NixgjgCAFpAjM2MBixDlSprAcoKoVRWEUwTKd+DOD6DgmOE2kfhhtm5eAYhIViuoO5QM5BGZZdxQC7Nj4qDFl4DSUAcgJ5nQBFZo63cVL4vL9doVdsA8DyeBTfx2UYZSLm1TrE3/GdcK9LrgBXg5awA3Uf//MOxfwJWd+BDNQBSh61iHbJ9bwSvec3fYSyerSORNRhGItFhnzUeSLS0UrIfcBBeEisjrbn22PEnuj7u6GwEr0YkwdhIWY8wfcrOboSlk5x9kf+pcoYvBQmEn78k1l6FOwTn5rercZDYhq1Ysdi///yud/Vz+Rg3kx81VzqgtnwdbogIp0+e6sIPUJRtUE9hg+5QW9JSZ45sh8FkOeCMIHxGfIJb0YuDBqCIOzsmJkOcQmm38h9JWwAq8zRkhGtV/vFrMB+AJ3SIyclAKPQKa1ABzHAQFH/r+9I2jus1bTNPKinCybjXhC0JgKKVuR6MBwJCHAB8xTTG43+YrWdm4nkPP/BgGBh0zkqt0UHkvqHrtWxDildH0GHLolR/Exn0J2WCJOfO1kQQgzWyzxPDVdH2vM3VgYMMj1SdiSBWXhg02MfR8ZpJieECY8We3fsiZ0ck+9uCIFdwsQEEiX370Pve11c8yYpeZkHrLVlEpVqvMLrI6lIVicgwI2AN9ksoyN4DtWUah5v9IzxDxTZzEA/aw8EES8om/SrCnDg2HkBML0SQhuv53v7ejAnicI3VAwFS/CYRAoF4tHt3AKjlPkV0OAiAArJQQJvurWHZabV8DdQEOW6+8WiMYcovSBtJXONjAUQkFIGExnWxHxSioOgDnJW/BWaeh7ioeVznGgi0vFobgUKtFWfDzDxWq2BiyWIc71U0zERH30d2OipGAcgaZhCxRBB9IPVeAg2rT4X0B75jP9l3EATdCg6CBLJv38HS36xi9Jfy+q/FQa4QxbbjIPd+/ONRelTxSqCVKmbtX0ciFfzIiY7NXFnqqoMgdlEWhkOnL3ZYlnbW8jORR930Gk2dKpiyPsfnegCdsShyDUDf9axnlRMnTpaVleWI/yFEf22NfoWT5a5nPiuACQCk3i+ABrIApDffdmuZbCbaG2+4oeyYnIo+7pgxLfvDvVB/7qOfO914jeliLiAIiAASTY6OBRcD6MxwBPFOnT5VPvOZz9aaX+TbN+85CI85Fx2Gpp8gGXvL/YiOu/bsaSbuyklZE2tcWV4NvWZ5ZblMT8+Ucbro7pgO8+4Q1RjpeYJlDIsbYEwUb8tVp4IJRI3vKDRHWD0555imgQGidPnA/SjYXK8PivWaackeTOyYjOuoCfDe97+3HD9+IgwN5OPTMo8c9Lk5OAdp29V0eU2rE87MbV7524DTZBBkDVd/XflbFaFI3m85+8myKAelZpsM4Arr1sBDgpA98NnPVrxpAOwCRZgMxDqSVLAJRVhfW+mUZ+7l4PFhRKGwO++MGlJQKg4Uy1aMj629mRPDItIQR/bMYUGFSb6BcsGZAF4oNUAJkGF9ArE5RMQvUj+NoeKAw49zYb6cPXeu3P385weS7ZnbVW69+ZZ4HqHqfMd/1m7BBkLVnzxxIoBEEcTizRS2W758uQu5j9pYExMxD4gDXIU1MA+rtOuQNESGiunEkqHsRhj9ZFVyVbjZWzgg+SrW5mV+iqtch7NSbiMF1Dys/qjomgFWTq5I634rlkkcTSLDM0/+PRwjEtXGxqLTFL/vmN7ZzcHxhK9rIcj1cJjB+6/nnvzsgNmoY9EKWqT6bLFfqSSV+7PdnANBHrnvvlq0oYk+3pDZsjcL1PorCEVYWrwUB4mIBQDbh5uwaBCEjLLqLxmO1Ng4QKhNM0EOhmVIyQASfCFksAFc/Nerzdx4Hqw9KH2/evPRSRi3luk8GcUcHn3ssbJzZqa2MBsbDw6C2EJuBOMA1CrVBjvSb9CYJJDAUjhLi4txv048FWj+FoBBYEVVvoOLsV8mFbFeOGA0w0Fkmqh91RWNuDdErMu1marV70GMSPlt3nzuYf7Mb3APFb0ArE4xHfDRiBzMvaOsKT6ONU9N74jkMI0dWYfsDdWUXpEqE99rcpCreL6vJZZdS/wavE+kyAiS5xPEeMCKlREpjxcI8uDnPhdFGwZFKhU7J8cgmkYFHkQB+tFxLa254Bwos1h6eEF1EHHwlQRitAJvY80RpzycN5nrOBzNr+Qg6B03qpbr+R3gAdCgthw0CAmQI+IRno3f4sTJk2XhwoUoUUPA4+R4dSouXKo+FADP8BZELl4gslYfgTSCGJeXS3+jhmEA8IpfXMszo9bVykoo8yIFY8KBWBNcA1EOpZx9DQtfimCQwsf+rq0HF1In0AwdnHRHRUItZXJ5OQHfKwGo73CNRI/f5dxKBXynhY81yGXhcDxT518nabReKMJHBuJrIci1EGEQOK/32kHkHOQgg4hsNHkWr67KQe7/zGcCQTLHyGxZaqTJV2AKUYBORmdrKRvzNyKVdGioa2IPB4HSk7CDRzmsMRGisWV3z+zR50B5GZOiEVTT4LnZmsM4Fj+AgwAQKu0cOjrK6XNny+zcXPnoRz4SItiX3XpbWZi/EIo9IRlQ+NAfTp3q9jiU01YHd+Hixeox75eC3nURgG2NexTBuBFRCWuZnJV7DIsBaYwnAyHYZ3NuEOfGJmotALmjehgcJJcbDYClMDSIOVYtbHIy9lLHKO/Vs10dtdnK1VHX1LeR+W8RvJXOTBti1Mx0WMwkBtlXVhqCfClA/Nd1zxVAniKAB0WtzEEGOewgt+rdd++9gSBSL5FDCqofIyMNBwp1O/bkk+WeT3wsAJgxkK9BBn5DB8Byc+SmowEQY5SybDnRGUEG2Z8HbNg7edDveMc7uqY5xiYxHw9/Y7W2M+a5cDALwSEq3XDkSPnExz8eIha6yu233hZrRcTCosR8bUAjktPyDbECxHHDABiuw+gAYirWaKUDSex6a9E65qRfBwQAYNVRmEPkv++qoeEgFWuH07BGGnJq8rXyCnOJckuT1SnqmTlHTcVylLy3SgmMKfeRuyjiBfds3Id5U/cLDmIyGs/kc+gEf4MIcr3c6UtBEJHnqhzkLz796UAQg9q2k8fYeABEEQKFFBMslPmJxx+N75GrEXEM+bCnxW1f/mXBTVDwME8GZdu8MvZnUMHibxAEpyCNa1DUjX3K4fYgHohMETiey7yg5ALPY08+UQ4dPlz+4vOfj9/37tpdLl5YKHe/4AXRKgCdie9BBqxmUtyZHbWFNcBieAtrBGEQzQSy0BVaH0G73YJE/K5Ooq7AWLaOM3ByasdUtE4wRZj7NKWD9CruOmj5jf2bmd3VRQawV5myZ5FYRGBckSmLFSCjLSIYR+chn5k3xAAlnblLmESSv0kEuVZEwFV1n+vkIBL+7eA+1IyHPntvhJqgjK22HuRSIL4n5BkAhIpBoVFoaYgCZccyRc++0DVuvjn8H2wglLO/2QtFms847HJFFA8jT47PyrfIwIacoKTzn8MigglOFGbjZvmB/c+fqQ0rpZKWCsXziziFFQy9SDn+0sWL5eXf9LKyeHkxqHggz969sdesfW53LRSn8g1gqwdBGPQ56PEPA8B07bYEMWEsfhPgjVPjN5PDGAOuwvMATA0BPJc9RMRSNINjcY2U3iIazC+HpxCFa4KrPhARJuuYALvpBVHsYqiGrIggEkwqobAufhNIuTdixIa36hEPhnU8FRFKLna9inh+1jWNAc2KNQhj3uM4ilj1OixcWybgmNvn72mlR0dqCLvpqWyWCIHVCcSAKwD0UFL8DXtwfB06GKIKdn6b50TIxuhEXM8Y+A2ib0RzejEZJ6hZksmImFBKTbV408lmQx6GA6n88s6hMe7KpdqNCTFHxRWgRiEGMchl0EzMNWFyHR6KZpp44EEyuA+IDNCBIMzH9NtsHmU9jMtzsJQZBYyoxD0ggKVP+QyFFsA1A7PHjM3LfBXWwhzVWeAgkWrQul5FSEgLK2F/DcdnnSBOcFMKVzcrGICcRSYlAEU91mAp19WVGqJjMYowJWNAoFpMQxCBnr3gt8mp6U78/C9Ryv+bR5C/+OQnogUbbczYRA6Tg0GHsEEkHITNAzn4njqsKM8cyNzu3WHXp3AY77xChA94+D4AACAASURBVFjb7IAcipfDWdQdzNvIcrH2ewMjEa9e//rXR5szGt4HV1tf7woCRBTuxFRwAoAFAMZiBZBy6JpaLWytGfbwwf1dHJlBhyGu7NgRBc84dKxdID9ApZjB95YqNXORa+DAAI9BkuwXa2Bsr5OKO57WJK4zfoprmPf82XNh7TLOjPUxd67VwWkovi0eeCY1wqT47Ktch3nI+fidcaxECbdn3pybUQN8pggEZmhFNdbO/PgPgjC+1s6nwjXytf/NIwgdpiIwb5Gqipda1O5yeJvxvkb1jYsXQ2wIeX9lJRDkjW98Y5m/cKHcceczgvLS7BEEkbVvrNe6r/znYIz4zUq/XETRiOs8DDPuKPQMB8EzjNORQwGYPCzG27NzrovgBRgRecxRFzgBarkOgLRz544yOjJadkfeOR2jqpNvcnKibKxVHwOiBOsGEOFUWqrkFLJngI+2bCCISjmI6e8aPOSS+h7kCtzPfQILa6fMka2i2TtzW3gnihnDCEYRU5BrWSISpraU8Cy7s7cGa0qQ2MNAnLXanqLjHM3sjx+EEBo5vhw+uN14rdPFZ/1BWRS7XoR5qgii/+aLja8fZDsRK+sb1xKxuLf3W7/6xj5AjH0f6gsgKT6wYQD/819wd4hQeK/5nRZcyPU7aPc1Nxt2f3QQRClld6iSpW4M2whrFnndrbiBGypSZWtKLoNKuRmy8nD8afEJbzOK5PR0GesNx+GjaKtEYlHiOXIWEJ31sTkA7+zcTHfAIBS+ChGZyGFEH64VKRiXz6wTpAkgbhSVuRw6ckOXR8FzQ09q5lSBnwfyDKk538vpVKS5B6TWzIsYx3N5cQ3P5Xm0QuMzNak4I+aCDjLSQusF5jjkNmbuwsUcNQdzVgI733cGkcmJrntWlv3DmBF94at5mWdFfFbLSrxefcK5uU9XA/oswn2pOsggovisbOaNEBU03eaBjz38lV/41/1QQJdqle9IilpZCZFJEeOmm58WgGcJ/O/8ru+KvhDRInjnTHAOlGHbdwVrX6v55UyAdx4G0FgBkU3hN98VB5w4cwKoKaBNwWRELPLmg/W3ihnKzYhYjAPFNX3VaohyMH5H7vZA9+zb3VFGkMkidFDrQ/v2d1YbgNg6WBAHxscYoblWUyz6Ec/UB8J+aZjQdKoiLAfJOlf2Q0UG5GrNn+csQATGMCKZ79DvIFLMN1oONHEKq5OAqlVOjqGjV1GP60K/6le/FP89I56NiEV4kE5FAScQoFctY3zHvgfRobHp2FjnU/tiVP56EeRqSLGd5clnWmwuX3PF/NuFGRnicwqFD/j86Z/88eAgBMSdOXW6HDh4sNx55zNCFiUQjk3FUmU5HFg7LdMAEigvMi/cxcIHnWd2vVpntNKIDOZmyLa3QxC+k1LSfhlxbnl1JRyNHAQIpx4TgL3ZD4tUKKwtAnZmdmdwRamusr1UfGmlWpl4Sf104uFx371rVxAIjRaWOQUpRXKRgDHgbirGWO64ht8BGJVf9sAQevZJfQtAY73K9+HJXt8yrSpuMheuNUvS5p4YIpgf+41IxJ4bzp6BlHt5LvdxvSZlsgEFdmPLuA8RC09/NhF3wNoQhPVAeBQXLXRxPchxvQhyNbHqiyHIdsgh13d+cqd67WbZ7G9lGwbMvvYnfiR6FO7dfyh61cGuDS1gYhHROVaz8vib9muIWCF6rK9GbvL+/Qdbe7TZKPBAPFiWv3m4oQym0MqGsyjggnwuFJuWXzTXWVlb7cr3szgOhmdIseBupq7yXeR8hLWqmjT5TSAEqdBpUKwNvGSdPG9leaXsnBiP+wF0KLRAw7tlT9kzPduKipqarb4iADhX7jFMHkCFuGC2Nuyc9cM5mf/SxUsdoIvchuDwHOYrslpsO6J3WziPYqsERW5yhXLegkRBkLA8NuoPQnA/pnU5SFbU1RlFaLk3a4q9akQhglSbnlIJIkp+1ZHUxzqKf4304IxsWdwaRMLMaQbvyfcN0TeriVHO42rI1PvNX3t9H6Wb6EzMfYoRbLqUemH+XBwsh0IrY3wBWFgINT997nSZmpqOv+fmdkUYfL+/FdvFpFVSAcZsMcqblCcoggD0cA+yCrHJ0wNccygHCiWFi6FbmMwFF+Ea3jEyEDnMc5i/ZUih6AcPH4oiZ8TbYSlirfweHvP584FcjAF1tqK8Ua3M1bKhIBAApXMQpAFINL+qxIbYFGmsJRAPhI3QGQr2kZmH76OZdSPyebNyAdbmC71IsziAzjjW8mK8QMiGIHJyPfQaRxQxs8EAEYt5si8iAn9j7s4V4T1LgV6kCyvoykrobdwfFW9GawEHw4O2APKLI8i1uM+1EORqvw1yGhCE13ZIMfh973Of+ng/qoP0qrMIoORgMF1CofjufX/yx4EYz33ucyPCFoAJO/z0VFlaAZBmWibhZMsJqBvOBPKmatYcNA16jdxEBAFwf+qnfqr86Z/+aYSGYHLUu8xCRGYolVyCsTQGEI7f26hBlgAs1/NbeIVHaj6GgYR8Z0/vjZXaD4Pr8fkAiOghchCtbYaZhHd7ZqbjaIpaptzqXAsRqEXP8jkAcmS4qyRvlEDkw29WEdUq8CAC+8J80D+4lmei+8nN6D1IGL+WPr34IomUn/NVL2QONPGUG7Am4tiAieji28aT44tgXp/1HGCH/xocXPdWiAq5K5V7XIuDyHm3Q5RrIcj1inWZgwzqIBlBYp6PPfxAP8SGVu5EDzYXutHvfufby8/8zM+U7/iO7wjKh3gV3nK0/qF+2bVrT4hmVO2IB27WDchynhRNhVH5X6qqDKt1RSX9x37sx8IpiQ4CMCnHYzEDiHWsAXggFIeiV3wZw0PrJMXz1FvMAuRv1iGHADBJl33G07+s4yYcuOm4mnC1/9ufhGdqqTJLUWUdxEJf08fAO/exTyILyC0ysWesQ2rMeu2sxZgoxFzPC+5mY5+whi1eLuOTkx0ngphZsV/PPs/Uqqgpm65ZiicgCC23kSpAkNxejjlLHAa5iIQLBF5dqrqSTkVgIRBxx1QhTF4EuZa166lYwjKcXQ+SXCsUflA06x1//Av9MJWO1BIzbAAHwEGbY/1jP/p/R6wViGF7AAYaGxstK+sr5ciRoy1TrrbYwmOfMV0dJG+qNnp1Famr3MQwjle96lXhCcfMCwdho6GcVn3nYLiWuXIgViMJHwyAtF4VY9cGwGr9QtwD0Qz5QExknNmZHYE0PAOfQzju5ue75jcquoaHuAbmwnONeNbaZogJ8zNBC87FXp49XTMZAQitfmEsmN4RiAXnMFqY60BWroXDS721njEfrIqKSeTFWAFfyuh+6fMIY8JYLWbB+KwTDoKFEh1EBNGSBUHzbH2+nIkxw6Bw5mzAmXqNn0P0mqjGC2FBgBxEiP8aCOIeZSTpPfH4o/2wBK3XEGmVaRb6oQ99qFBpHa8zUbKKGLxzHWmgMB7aiFUPdRWrtKtnzFZp5F15mM8AG2PV8WryEJ/1pH//939/UHNSPDHzajZmDswXIIPKC+hQVKJyAaQIvd/oB2CHYt6SjAIhEmdhbQBIpMDu2lXOz58tL3jBCzqTMs8gu5F3gEdrENSSsQw3iUSsZtiAA+jz0DQNMDJPkRhqcu5srYACZ+B69oBx9uzbG/Pmb0zvvEyOUhcCiAyK7HxLPWqZVf2J+wVmgJXncC/7yVy0rqGkw1X4jS6/EEJyV7AEsudZKddUPaioMz9FxAtnzgUhiFz95g8K4COam+qUrc3GFYrzQC773xSCDEo6gyJc77P33tvft39/mZqksuJ6WV9dC1Pp8SePlR/4gR8oL/raryt7DuyNzZttVbtrWHUNbiNadnp6R8ixWxaBykHUQ/Ih8Vkxi88G4bHxVdkdimJ1S0vL5aGHHoyW0+SSrEV+dk3kwRAwPVMbRsZBReGyUhOgRkZrYOLIcPn8Zz7bATPXgTCsA2ReX18t+/buK8dPHC8H9h+Icv0ALp1nNzfWg4ICfIStcPAAPPO2MqOGAcbkeSrn+kU0xQp4fA81NxRFQoRCTklXckNoX0BeN7XI5s/Px/pAHAAdsYu58DwLP/BMiAMiZUfc1qiIWMI6dvnS5ShyR/XDNZyILUfEhK9On9ukaN1EIcX27e94R/mqr/zKcuvtt4cjeK05AhVRM6fTIao0oDkYxD954mScDQ1ZW4v32tgnzn8kjBIUurYIHzFkXKf4dS095Gpi1HXrJy3pvbWWr1JPS4K/IjceuPrIn384dJDde3eVpeXLkct7eeFi+eVf/MVy5ODhKBKwe9/esrM5gdwgAABg2TVXG+9k5VlWJcJoecnUROThN5BEUynJLHyGyhGo+LM/+7NBDc9fvBTWHpGCe1Rc983tjlxpDp554O1GVIAzYFwwxESTLtcMj9QkMak+wMt6AEaK1IEUUHvmYegKyBUWsIO1/pNWOUuWGtvEPFwTe6H4aIaglD/KC7QcD30SXj8+siWuwamMAoY48Rz2jT1kTBBe52CYj9fWqhWvha/EmJu1OCC/s0YLTjCXseGRGl+2vFTuf+CBIA633H5bmZoiEHIrtiuMG62vY0ecWlKW4pZACrGxOn8H0BDNVvlEqx9cJsJyyDLF/5h01+2U+evRMZ7KNc43m32z5NN76L77+7Dk2d2YcZdDfiScncocpLIis4MgBrExaagZA9J5dqYl72uxktX7YMUoqY2UQWVcLuKG48k0aJJEKdsOL66uBfVR3u/k79nZqOvEofMCcTlI9AmoL1QXPQJgUX4O69NoDanQnA3yslYQi+IOvBvnBFBp1RNI7HKlKTOLkFqIAGoBGYDQeadHXCsWY+ptZ3+Dq67UusU5bD4bCZiTirWyPnsZofLNXJzN6piTNUezV/zGPKJgXb+Uyamp8mv/7tfLzbfcEuLV0ZufFlUzqbKiYp6dnH4nEMthMnDBddU/4rwpgr5ZfWLqIOqUw+MTHYKIJIPvTwXwr3XtoFglQdeKegWCnD5+rP8bv/Eb5fOf/2zI3cjv0Qt9aio2GwzXWsMmGK+F1WrnztkyPFTDn1VMNf/5EHUKJrUdB8kIAqM7dvzJEBkwZYIcb3vb2wKI5xcuRT5INhuHvnD+fJkYGSsHDxzo8irOnD0b8wc5ULpVzDkYAZlYLLkWz+M3gX+kV2OpLEChbsT1OBChjMjpXK9hAIQxdN4YNNasXgEwMg9eICi/hTmYGlctwFARRQRhHPYVZAWQ3ONsPrf6o3NkXOaZ/Q+xrtFazifHwsn54VaLS4vl537+58s3vuxlQRhuOHpjIAgcRM7LvYxlyEoWg4Irt8gE99XMU58ZbaU3qljtOWjdm5nbFflFAq97En9fs+zPU0ebQf0mc5FB5Ol9+M/e16cv+iGSfmhD0JrfPO3mm0NGBGip5GEfPxYNcIA0UWFvpFokpJQ+QA4hUPK3yrkYmy1YdZL98rGPf7Q8+9nPDp8EFiwAK+z+E1NdKZ2qA2Fe3lWDCjeqR90e6qbEMj+QSyBiLEPQxycqcAM0cEdDQgC0/Xv2xvgAJnFm5njwbs4JQJKVcj5LHDQn82zGgfvwWT1Fo0RvqFdGU+qsBCSIwFoNCYEgMbZlifQxRDhKi1Bg/uo2cglFV66PPBTEuZbX7hmJkFR7ed3rXhfpBM/+iq8IEZXgy6p0bwUksj4VcbmknCA7DdU/jU5Qv6TQIFZF7hVJ2JOaRlyb8Xi2jgvSDENIBroFCEPqPxlZnzrK1Du202F6b/i3vxD9QU6dOBViCbZvghMvEJhH/vXChbK0cCnYNi/TVFlIWFXWtyp8ZQegCCISZA7iRDxEAQYEWV2r7c+onvgrv/Ir8byq7+yOlmBLy8txSNVCs1nOnDlbgjI16gMwMr5ydsi3LWAyizF7W7Aia9LxZsAiCAIXtQIJugmcg7+zmGGsGeMCxIa6WC0lx2RxjfqB3EPKrplXBAtzb0MQrgXQeIHMIhHrk+CARFwnYjIO82GuIg4+CENafDekhMDIH/rhHy7f+vf+h/L0O+4InxbFNiqwbiFI6CstGlsAFxmyKCVwc73JYqGPbvbLcL8WiZA7MtcwNU9Uq1qN1aN+mpl9pWwO18gMxXTGGhTl/9oQ5Ld/7Y19Frln154wje7dvy/yLgjrIGE/vKNnzkXHU51SUsKYZHMw6jzLHCTrIR4gC1F2zgp6FcXWI76L7wkvefe7392FZBAOAfWGkxkyYp4ESjNjktDF5nvwGSnNTVGXmpwaj8MwaI86XqyLQ9q3e0+XfgrSMH6upqgdn0PWQy9HlcJqMVJUALiZmxYnqTemz0zZFV9AEL7Xr8JeA5zqWOpcmIBZJ/OOohLT1bpnVLPmXeLOBFyAm7U619f94i+FqPq1L/r6cteznx0cD72zxpDVEH2VWP0nPEPpwHN2zQIrc4ZjmxqAoQg7HeOZwuzaR0drQQjOVFFOJFjjxsZBMqIo0skxBkWnp8pJtuUgv//bvxnFq1VijUeiWQwiBvFVVLzWvMkGgfFZVlR2l92J4W6qGyaV52+VTIGA9/hubb1QjeQnfuInyuJyzbQj7PrQvgPRpxDKriLKBoHUn7z300FRWIf6BIBkOqteeg4VQAIYAHpzu63E8sgjjwQgHDl8sEMQQ0iMr1LBZj9YD3MBMKanap8UrlcBZj0RvDc5UcuDtmhevlNUco98V/kdHaqJYQChyV6m78IxVOwBJnNjGD/E3tYWQWCWizD24RuPlMuLi7FOAkAxi//j7/7e8sKv/dry9S9+UXnmXc8KkQwEoWQrIpGcL5r39JqoXGl882FtRvnSIJLU80Uh71ezPc/WKDCCjrJR/VxaKtVXkEQ4G57NnkJ4JKobdJdoHEWgl5sIe3LPTp9IVdqfKqJ4fSjtf/pH7+6DCFGCBmV4fr47YM2gEy3/mEkbFKdcaUhB5hAiiHKd1oHtEIRrDOQDIDAxf+JTn4ymkUTcIuJR+QNTLqKPZlwQhRAUOMC+gwciRIT+FYhLeKkjlmhiIr7ngLnP54BItnGzASgAb8u5Xr86LVkropXWIMbgM/sUFedbYGQYMUql4vwOIOv3oG94GamRsiq4xnCF2JEqHmoODrN0f6uskVYproVjKD5yP3/LLdQDmBvnotNRbhFca7iKKhdAsonx8pp/8dry+ENfKF/3dV9XXvzSl5QbbjwSe0qGJL6K/lp14marVdYlt8TjWuQiajAPV0OBDlXmG+EtIFEnOtXIZf1FIAjnZWo2e+tz+lFE+8p6unISddtsAGJfNq6vPfs1cSfg9m1v/q1IuVX0gbqaswE1Dnl5vNqqZYeyUr5T9szvijaZOmYukjkIG29SEw7Kyxcvld/6nTdHSD0BilCiZRKuVqujy+dQc4tSo7BvgETg43d8H4yJSAgFY02KRYxhJCzIZENQFVCAa7hVtuBa610xTzMJ+U4lPbIx+/2yf+++qgP0N8uhg1vZieS4j++o4RVaenjnHsbnXcucVecBumH6II6Pd0DEXiumsR6RkPwcIxxYq/vAO6IS85PaBlLvnKlGi6GhcnHxcvme//l7y9ff/d9F+u7z7n5+2XegphdHCjF1k9cqtVekygDJ3EUQrVLBQVqfRNfHvPmP64CuuRJQCAFiYSSErdfCeKxLzm60REYQuU/WcyTSwmXovzhV/gtfgSD/8if+n8gHkaWZPOR75AiM1lgmblA8UERQxnbCAjDfiyCZUgZ2t3ieMGeurwcQB5KsrZczp06V1/70T0VNLLzhl1DGeyWcWbM7d8ZGE7VKQ8y5uao833D4hjh0AJ4x4R5sFrFIjKvjTgcblJ7v4BqMx+ECFCqcI62Cv9eRXWluO6IZa5PDyBkgWCAQkQBjo2NhDeQ39ouq6oP75KE6P/ZBjstvFI4T2C3YwL4B5HrhORM4IXOXq+h7Ya3moHO9ISlwkIghGxkpr/7RHykP3H9/eekLXxw95++861mBINEMaQ4T/lCYZT0vuYhzd77sH7/JwVCqMwCzd2FZJNSndcYCDrhPHWVttcZ4MU/OxYhs/qajFhY/xfBB0V1dxXyWEDH7Wybj69VNBnWQQJCf/JFX9zlsTHudzNyqW2hy6w1XD6oytxRp0Dkkwoo8KuODE9TDy+a4uQAKf3/iox8rb/r1X4uDJx/hPB7ytdXoUch8kMc1zYLUAAQV27mXNRiizhwAWMQm4qdYm8lPUiYOmoMg6pU5IjqxtumpWj0QQMGyZyHuAJxG4bgeAOT5wWlHKpHhpVysDiBlY8NZu/um/sXfrJ8xDRpE39KwwJiaqlmHQYtQX16KU1qWFJW5jv/MG+KBr+bCpdp7/p5PfrL89M/+TFlbXS+v+MZvKs9/3vPK0+98Rux5pDIQ9FhqXko2xytKZwVZTtLpDBRebJYmRWjOYW1ttSADsP/8zny1aIEg+mkQkYOwoN/hXxkbieLnvERWJR4RUQKuMYOiEs5BZPxiDGVbBPm3/+/PRDSvcqybna0V1IJVAdfMN6iYK0JlfcPvvNcJIiKwwYwBgPEfYJg/f7688+3vKH/0n/84DpSCEIEUi1UE9AAADOYJgEaLgN5w+GbQJ1iHYpvsn0MgXMMAPeaj084ND47VEq2GSrUCAfAcFnOI5jk33xzU2hAX5gQwhXP14IHw9IdI2hyIrhF6KvWT0nqgrAOk1vIkt8NZGYp0C58RkLhO0USlHMDixTWIlXxP9ADzZP58zzwhBLv27gnugYXwN9/825Fa/N+/7BVhvbrxpqNl156WRUloOuaZlB0ql5NYbgdwQelx7CUEMZmK6OrRoRpgyd7oD4nIifmLsV72OmdyIrINRWhQTbSSa4kgcv1MhEMMHKvPEE7zXCXc285/IE0jqpooLsjSZVUcHp9pBzaIIFne80GaVwexW3HL6xRX2DgWBsBDIXEO/s6b31zuu//+Mn9hPuTkoCLjY12ULJsLgjEfqH8opAX7/HiwYag5Pb937d5dfSWENmBWbNxq5+zOKEY919pBq8DDgSJqeHy8nDt/JprETO/YUW46elM5cuONhYDOoxE9sPOK2LPQt0ZHyhTxUS1SWUonp0WW1xejLM9ea7b10PNcQBBLkiqWgszsHXMF+M33sOgdf4PUIDcIz17IFRHTImdkuVbOJ0Lh9//gHeUbXvqi8lXPeW75qud+dXQFg4OEeD0xHvuE3yJ0kKZvBEAmj7dnKsLHWpqMOkwPaRB3bTUkgqXLi2VkuNfpuKwXGGA9i5erBMGeRB3lZBBCxKq94KsUI6VXN1Jhl9NValpz6dX91F8zbF4XgrzzrW8JBMHT6iJVIDsrwmZ1EOkk0+ch9oZSlIDDB7sYFThZ3doGjXeqCRNZm42DE7z/A39WPnzPPSESQQF5sVHcj5hgmDiRvnRJ6sKp28ap5KoEh/e6FTlwDsydsQ7u3RMh75pJmQuHFVGwy0vlc5/7fDl69Mb47pu/+ZsDKV74gheUjZW14CaE389fXAgkjnyMFrzoswFCnqVJXLFSEYu5EgVsFh7AAmAqJpFRyBjqMVBZELj6i6pjUlM29wBcPJv9stOv5yIxUz+BEFEM46Mfv6f803/yfeXGG48EB5mZnS2zc7vL9PTOqK8VwF5qUKTA2BHDftUheGXk4Lss2sg5IwnsDIRnvPPVqEuxNs3BVGWJ9AHM6K01xPBwjXrIRFnYyjCWxS/nJbHn3fszkkmcRLrcJz3W8o7f+93aYaphaGZhTooyoopcWmLypshdtnPcaKVRSQ0RYaN6UvGMU/+JQm0kRSFaPXHqVIgsiFi8HJNNU2cwcxAOEabbdihsEK/s7YWbANBQUOYOEPLaM7uzzE7PhKUHCiylQRRDRCC0HiUfAN+ze3fEKNHCbc/srjhA/EQQFTab4nMw/3C0phq/7ksWSXRk2j2KOSkKstYwQqDw9quvCEQA+KWG7IvnApLZGhsvP/qRoiNiChYukJDrmJdGkT//8z8PDgIXeulLX1puv/22iFubQcfaORcIQpRxsJBeJZyDCDLcRC8BURFHKp6pOs9l/xcWLpTJ8dopTGRljSbo8RnrGeLgBDn2rdh5r1ezQdUv/ByMonEUFXcJCN8Hd2/1AjpYTnXZBu+tEe9bPRZDXXjrb/77KD1q6cwssykGUNx4O1Naxr5spfliHGR1vbJVGtKQnknFdZrvPP7kE+WJ06eDewCocg6AN6wZLZ5LPYMFgCSGkCBWKMownxwUB5XnUBgLYNgxPlZwxvE3/7V8Mdaps2eiMAUvc0gIv3juc55TDu+v7P+2L7u9LFy+FMhI3gSRBvpG2CvG4TfFJp1tminlMFxjMKAHHibR1Zqzzj6p1yiSSDgYSy5jvWDWwblZq0rO5f5BfCg8Tv/HV7ziFQF4z3ve1wQiTQdgIqLtjCLYhPIgJYkgV4gkzfwrgkjIRCS5iEjJfiK2DvX6XQlV1sN/ztCq+AcopjE3F5yZMk+VgGzlEGUrap4PzxM5MjIHbLfq9lyjY1cEzlJTDQe80jzce/Ov/2o/Htpqy4pxHJwYSECiVFnMFCGyUu5vvss9vIYFhSiztlwWG/WHgzzx2OMFqoZoAwdBxNK3wWJdjLoMVNhSpoyNzyCHmAAsOt0YU1EAxGKtKPS7ZqajHQLUzOIPPEcnnkXyDMqjMDdiIclVhJ2g0J48czrilrCwoGdkhPSQFAOZpx5tdQqAAkqfHaXGc+HpYs9Ne2bech04FdexHyAlc8ZpisWNz4ybI5gBHBAATokzFe4BEBK9zRh33fWssv/AgTK9c2dUt5mYmIoe6HCQoWayzSb74IytM66iidzSMxaJ3RNSKMKwMl5z8lkzfytagdAgA0GSEcsG4aBZbCTeVf1DAqlul58psvA855pFQC2HvmeRLcMt/hj/DhHr9/7Db/RDv5iqiftMEizLEzJiV/EqDyjVk8Xm3zKCyG3C77G+Et2awnp1ebF86AMfDI5xdv58efiJJ4KDsHGMpRwftu3NzVDgcq0krwAAIABJREFUzLLzu5uO1OrxvHin4iDchFKcOBl5DhtiMCIATnV3Yq5ANK0nfIZq46zkWYgzICrfU9GFOZnjfcttt4aIheiCX4Y+iFqoVAgDeVsouwGHhqEgJrI+AJ9x2fPwNrcmO+hmjMf9zIUx+Z2/5RwAmYjDfUYIcJ6sgxf7ChJrhPijP/qjqG2Gk5XEKIDxy7/8y8oc1fchIJNENk8EgsRZDnSEVVwklVlAFAau4DCpHhbPZi/pSNYrNYbLs2U/VNQ5T6yBzCXW2URYRKwMjxLuLOY7hxwfpsjtnLO4NchZOjG4X0UsYbf3n373zRHNi0KkIiNL14o11KuVKBx0kLWJFD5kkIOIyYYswEGiMPPGRnn4gQfLPR//RBz0Jz/9qfKZVk4TAOJ6n8kmG+aiCCFHwczLMzDDolMYHvLgww+FGCRQGcvENSDIzUdvCoCH4gKgUF0ObHS4FqGGYn/4wx8OUymeZoEwbPSTE2H1AWHRgeAuBv8ZUMj1jAMQCvx6u3PONmt176WAxKRJJAyzB1n1FTAH9kS/CGdiRAKEgHFMz1UJploJCMJekVIAMeH98OFDkdoAgkztIExmNBAk9m2zlkAd5CDueRaphAu5iuejDnL61KlQ0lkPIUDcy/ytixzcdrz6bhBb0QUrUFc/nLCQOYiwlcV65zTodVfUUodxTJGVODPym4T1kHze/ftvDdUEDiJblIPIhqy8N0ghxFoRIytPNXamyrFU1MPU2sNRhhWmv1HOnj4d5tr3vfe9cZBwlA988INl1779EYNFMYPLS4thXiSPgLlEjFJSGKUgQ6UqkaFWbvajfOott95SZqano1o9xgD6DXIBCUATY+PlyKEDZdfcrrKjlQwlJzuaey4slF275srly4vlxInj5YEHHgyEO3LkhkBQsigRPY6SjHXubLnzGXcGBxkdG41Q/JDJm5c4YrNaIQbm4NyRuenHzvyYS3AKag83mTzMqKWWX2Vd6DxwRMN9RATEKRGG/UEck6tyuCA871zPXsM53vrWt0bc1dd8zdcEIJA9iO9jegcIQqwdtQUI1dCquRl7Gsp3FLzthYddE+52CCIn1crJO/uKn4u24YqO7ANrZB1j49UQND4xEdmNQbTJlcISOLWjhhkRDQyiUMIJo1LbZ3uqoz7QU51/wFvA2mZLhaCwVRTdHg6DlEigDtUp9cMg5Ejnd+m96z/+XoS7ky8gC9LTqaiAkp5FqIwoWdmJGKIWYkIWWLDIqLTYj2IQ6gpUDYFqEzOFOMUhU0GFFgSTO6bLhYsLIdpA/c02YXFShC2Mr6ZGKkKKnIokHAIA+Kxn3NFNF/Om+dtHDx/q2iqj8yAqoZswHhVFeAZAifEApR5gg1tAjRHR1GciXRnz6G5y+muuSj3cahoHCPib63i2kQAgHXoYyUqKUOEsbX1A0DPgBIwBcPMZBVsvOc/3GsZHv7BFBfupxU4nLLoH8W3M4yUveUkgPQQhKrns2dfls8il3TSJEEDPmtQns1FGjuE96oOKiJyblqqly9WTD3eu3vXKYfcfrE1QRSruzVG97qlGJE22g9xNQA8XQstczGJ/wCdRyUNXSkSD13Tc5Y/f/ge1DfTole28vKDy163q3yKKmzFovRJB4AIiCNdiylVsmL9wLmRjxBfDJSg38+Vf/vQyv3Ax+gCCIJeWFoMKxFxSD285F3MBuDBDD5ohRaax4aHyzDvvDMCyTA+ixQ0H95eLCxe7elqweRCBQ6NrFsDD9bSTNsqUHowgE2NBeZ1HyPvNJBlZmS2cO9bdPmdCAhBwwHiW11ZqIW4tcayDv3mOsVRydJ7D91I/gAhAMyeFd8Y2jo6xGBfEQokHSb7xG78x5s0e2FdxemetSq/PJYtKWWHl+0HFV6TJRFMxUp+PkQ3UPLi0UBuggjDBVebnY74HDx/pIhDYK4gJ18EVmRt/K2IpKqmkD4p0InFGEM8qCOjwVpyWiCdci6Duce9P3vn2CFYUQfyBG3UU0srgWhxELM5si0jczEEABNuKgSAAnkXQ2ARyMVDOqLx3/sJ8KHUgCKIIAIL4lAHPBYeVq1ejYvMi3TR0Db6nRKexVLzPnzsT1NwiaayXKvU8F6UWjgGywOE4iAirb9XeofQgCNRX6o5JknGZq15rAE7TM98zV8v0AMyIHIhYKpMq9cyLF9SfeYCoPPvee+/tCtpxNnwvEIiAPIfnMqa6GrFk73vf+8rdd98da8GiZYdfCAPR2vq5jHrOSCJXFuEzcRRIM+EMPa6lBnCtinisc3M9uB2Ekb2wxvHhI7X6pI49EVZlGWTiO4iGOki2pEp0QhRsxhGeqx57BecbJWSyvhhDWHJdriVUhz97zx8GB0Eh0sasTuGDMH1l/SIPmNmr1CQoF/3yiMmh2jvsjnpbKzV55uFHHiw02NRGTiZgXeBoGRkbL2fPnwsOgqcaBOGFR5zxDerLzwVB3JgrOBxydOspAoDVQhM7YxzCSQBkNhCRCYAFaKB+t9xEYe5KrZ0b5liVbRDJw9LfYdKZhwZCw/3kclOTWJX64X+45dZbA5FABAEBZAQ4eAEEAAQExLx3ORPU1gw9AI31MA5nZm694gnfs4/33HNPIC/59fzGM+0biVhGW2menY007qdAo6jl95kgZcLI+PzWRWG0ivXMGaV0c6M6DUUQvmeNc7v3dhG87CFrCcLY/BtBCFNxOQ0iELZBEU+CPShVBAeiNtjoSOijcouMGBl+Ag9ImOIDFfQMixCrpEqbGxXTPHwf7MR49zP3BKUng45JrNeEGworgCDoAQ8+dH9sEvfwGxaNKIHTGypjE5MdByGzkDZvIX40THfxHES3MIKoW+LRdgjCJgLcUHzL/Dz2+BeCkp47f76GjoyNRbwVh3jDwUMhzwOg5MbDPbjX8I6oB9Y4CnMLwBypZTcBDI0bOvH4G4A3P4U94tonjz0Zyj5zhljAEdzncBZubAQHsWhDmKBR8C9ejO/lNNyvd9pwIPYDrkyEAkiPmZr7FeGw+DFGZIqOVr1JAilSX0GEGnCKIGEUaYF9imGch+eSLUXWE4ZQToxXJyZzt5wr80IPAvnZG4kG3yuy871uBq13WcoZtGZlGM3zjOBHwuebp31QZfhLCPL+P3xXiFg4ZQY5iJPK8SkigKxduTSb1uKQR0dqqVDqKq2tBQchWxB2j4jF4WsPB2n4TKEyOMjq+lrIng8+8nAAcCh9rYNSIHOqCRVI0nSkQVYZjq5mAQOAoJr6DTb61YzKZuNgQ0GH5QP4e+dqfgVIQmV5qC9cAyAHmVgrgIVcbELSjTfUviqsg+tUMAEEKL3t6TgARCctToduOBzX82wAFj2hKw7eLFBSUQC2FquoUb7sg0DF2s2hMHyDUBPCZZ75zGcG9xRJuYd1sC7mjIjFviq+XA1B/H7QciWwMa/MQdQZ4GJh4scK2atrgADwvQr97K4tn5Rpt85HZBNBWGvOfJWbdBRzICxe7hfwQXu8cfJLtjoQ5Pu25SAegBipiBUTGxku5ARX9h98KeQ3zGdwB1pEs0g3TUymV16YeDc2owkoG4Q8j0xu/JGhE1BqZH+o9J7dBCVW3eO+hx6M6y8vLgfCgZSGZohcQeWac0cEkUrWMI/hmPPefXvLxMRk5EzzNymyp0+e6gphI4JxnznvUHsAjm6+KO8gzvLiYsQSacGKkIhmrSI2SwsQBwbAm8NhlUPWDcLwN0jD9SAsa2ev+VtFmTPg+QCSeoGUGOTwWtYMombigF7E2jGCwDlYC8ll58/TKm2y+YoOlJnp2Trn4Uqd5X5KBMr/iiJaNeUiIRk0zu25iERZkQZJgREskctLtbckf7MH7gfXRxzZ8FCNdcPU27hxrwXLZq6kc1E/kOKpsOzcmLMGkM7wpE+vcUVdEuwhxqCA/5YgGEq6iGFYhX8HICP7jRNuvGXqVTQCQWgvwH1MdNBqEJaa5eVOfDDDD+rLJOxFwiZBOe+44+ll317KiF4s8wsXyoOPPFIeffSxMn9hoWt9wJxESDYjEKVVVsmUQL8JJUaZL9yAA8CiA4DeePBwiCAGKSJuMZYeeb4HeJDfUfB5ZhTTaw5VxuQgGZODPnzkhrgGpAm/Tuu/zpwUnfjMPbzYK/5bnpN3qDr/kc8Zizlnhd3ARFOiRQ695p4BiIlTEICijUFtsjNUJibHooYyBf8i43Ci1hiwzZpm/owgfpYbZO6SEYRz0RSsvsC1fG9dAKSA1ZXab9FIZEsZsSbWgX4gglgNcrTUtAtFfI01zoV9AWEMkfd3CaXvmoa3E6/kHCKRXKf3nv/0tkAQZXsuFFNDAUJBHh8L50xmVSEiUSG9ObeMzuw4SOuHBxBA+VB2VUB9HgepFxmr1nOe8xVlcqK2JT55+lR5/NixyHk4dvxkHCIvANd8EmXe7RCkCwLs1XxqOIOKd3hs+zV3RIU3OETLY9eHYHkhfuM6QtoJTdJxyfccJuLSkaM3BsLbkZZ1o+RL3S3ogJgDR2K/TJ8FsEC0CPkZH+/q7RpTxvfsoQghteesGFelWPMpSM315O2D+Kz9vvv+onzlVz2n7JiaqQBIhuZotQqxtyKAZ5z1yqzMqih3RLJxEAmSCnsGOIgScwtRfqX2NoEIcPbsK2MaHkMmI3n8cFarTk6NVs6qNU3pgb+N6eKM2UdrhAljWfzKoVISU40NGTH8HL/hKJQ9M4BsNWTTxuK2gsYil7JTmPFW4t+QcmVzJRsEIAMoIIeOMsZ1k0NRffLJrqbTQw9SOPnOOLhz8+fL8VOnyoMPPVQeffTxsrpRLUJsirFV6iK0W3BMqQoHT5V4olFZExYq1qMfgc64ALgyM9THKoZ85j8IDEeQAmGZWrg43wEz66WnITnnR4/cGFQfygxigRjIyczXvoaGrQPUXAtCcZAgh2KR1iT2TRMoa+EzvzmXqKnb8mC0TImUGBYIjWFs7oVj06piemaqHNh/qFYyxHM9UqOkCVSVOmcuLPBI9DLlzeIXn7MpWAIrkiA58Dk6AqzUIhfqXRoyOBvmgsMa8Yr9x00QnHyk+mgUlxTr5FSsm5fGJf5mfLMx+V5YZpy8Dr3+ec6dcQpDxFv+/b/ra4mRizgZNw1zLYfOAyMOqfWwGOoNhVwugqiAMkE/o1/IJSLOv1U6ZGzbnLFwgObjH/tomZvbGbIxnvgTp0+HGPTQw18Iky8boxigtzhMxWvVueYmsZ6KIEul9GoApgAFVY6N3ehHDBCAx1giWA6zAbBRruFiPDfC7DdqYTqQR92C8ShJxFwsWyPQMi4KMojJvLSOcQ86lybazFUV1RRhpJSsA2TinZeHbmYm63jPe94TyCFScg3PIiBxeWWx7N6FLjYRugiEKDz/hP63MbPlSngQUQYtPiJJVtLlNiIvY4AgrI89WV+t4TgQB4DYuDUtViBriFskyvVqHePxoa1kvSzWOa9Bbhe6xNBQwJ3iVhbBsigpkokUmQPG+P/hja8PKxYXCrwuMlN7Y/a5BmBjESIGD88JMG6sbFR5nUNQ5pe7+F5NmJfK/fd9PuRk6jM99IUvhKgAgpCjYfCeyi5jhd7UWr65YWyKFqW19ZVaCG337tgsNo1DIVwb8YO1d9+1oDw2STMugG33KuKtaBPM86tcX0PcAVp6q/PiGcZMgaTsEc+X8jNHlWwVcNbBOBxcLvwAgmvlYSyLVIjEjOkzmCMWQtZNhRL2k/FYCzrQs599VxCLudka4k/PkJHh6vsAKEWQbC7NgJfF68xlMtJkfUWphPUjJVRE3SjrtNLr9QI5+M8eqNCHgWLHVO23jmO1tf2eHq8+Ea4bRJCMiEoDit6WZxU5Pa+MICLEINeT2PZe9/M/Fwgi1rFB2vHdlGxbz3FaDA6wcZABdC3DizG01zMWfwMkPMcUWq41TkiZkgVevrRQHnzgoeAg42HFWSr33vvZ8sjjj3Yilso5zwizc4vhV86V5QdlG6pcB4DmWr33G8urIS7edPRoKJFcCzDGGoaGusY5lMXBubS0vBS+ko3NKupB2aS27AlB0gTwsT5latfOwQOUIIGlNUVmlHLD2LXIsE/suSZkxjdsQ18V94tMGAkwlWMNe/GLX7yVitwsbKyJdnm33nZrNA0COULnGGqI0axYInhGAD5rtcrIkHUMrxdBhCe+Zw0gSEQShN5agzZBDs6vWvoQj2pKrSm3oY9NTpTp6RmaVG+LIMwri0sZefge7iwCaJrnneusx6XjWAXeubOWcHb+q9f+i77UTY4h2xFpxC6VnExZVJjlQmwEDze8ux5OpVSVtU901g4+u0k6f1gQ92MSltpiL/+LBx+KhCqfzYK0nuUC2llupgtVmHnbHHge8won3HK1vDFfNgkxQEq+99CBEH/wI7CZUimpq/Iy8xQZpscnY26aetkPTbFUSeGlnwLkUp9iDmY7ZsTSuqNJWWVU4qVSCuKA9AR+fsu3fEu1TrVwDNbKnOBwQyO1WghzcMx8rgKaeqRAX3WH6ghWDJUQZkSSWHAmIbY17mXiGXtP7Fl0mC21+MTy8lI0Ht3YWCtjo7VdG3BiXo5GC/w0mrpFCsU7z4Z5ZitaiHMtf9/5ysmzDsN6jWIQThmrs3j9+Kt+KDzpg7KXYlJerHJyZrdQsbBxtyheHqhML8dQtFIkYCJupFwEfYQFWRKIQwRoAUJ+e+LEyfLkieNd4Qa5EqLF8lKl/FI71hLYj/9mvMq0hi2whrBOrVZbPM/s5GOsSXv3ltndc+WRL3yhEyGVT+VQKovMQaKBVQwgAADVDVzv6HBN9QRw2ROuU6RhzGyV0gCh1caz4W+DES3zA9IgPqEjEYSo81JFlLXZaQsgs+o881AqUNzIXCADfkaQQR0kXydRlQuKTCCIgZextt5QQeytkkeNFlhdWy69UjmIgYkS0xDJxyvyZEOMCCLwMzc5ncQji1wSaH7j3IXhcGW0gFIb/ujfChh61f/+A50VK1sr3DgOlAflg1WJ93o5j1lzTLoCaA2BEAAUfQQcxoTV8j1UkO8FENkwCMD/hx97PMLf4TTK5lAaOBB+k8FD5ZlcRx8QN1tRh+fY0kEOAcdgHhzI/Y88FPPgb4kC1ynmuF6tJ3GwwxUR5QwhdjVn39RE5Z7uA99zj1xWis8zsjjLdRKoEInaWXDAeqLRO9A5qP6IOdfSRSZZ4WiNKi6Hj3QIYiiHiCywyH2vhiDbcYxMmBQp5UzsM+cLgvDM1ZXVMk6N5JVakzd0Eij9xmpZXqo6GHthmD+fwyTf6rJlPYG5KlLJ/STqBinKDYVDpRy/F6nZK/VZ5msFnQh/evUr/1nkg8ieXDALUjfwoDSXsbF+p9zO/SxGFqiIweSshC7SCZQuxI0EwGB3zIcNBPj5jUP+3P0PRA64/cOhTNZ8AkEyi2WxPIN2CsMjNXRaqqrYg5nXeCfWzLNBqGPHj5ehsRo7pbzKeq/Qa1oMkgQiOOVYFR89JJXkKGEzXWOKeLaiCvPT0qUOItdQPNGG7/eMof8EREAMxaeC1Yr5s8+8FBXZP8uSHn3aLV1VSKlufl4G9EEE2Y5zSK3l2nJXJQm+Zx3MQR0kTKp9gjhb0Y6ViiQjo8OBIIqbIoZcd2xiKyaL52SuJ5II7LxLaJmDxChbqUQQxTB1PsVv9EL9Tr0f+cFXhoiV9Q4pqZYVKY0IorlXHUHZMSv7ijl6fQEYRQzZIc8EERjPzywKsYpFAARsMEiBDkLOOoCLGMbcVFTRQeREiooVUMZi82XdWoQiQna5er21CEUrt4mJcubsmSjPiXxWkaw6uCQgAp/2c57D74hYyPggmQYJKfWeXbVVgsijCMC75k0BO4u67rsIo30f4oBvCYR40YteVD3QLZaKNYkAcGUtdQcO3dCJgMzXsxRwniqCqJf4nnWXrLNwtloBg6BsbHYIgl+EHBEsg+trVc9h74xKZl3BlYe32rsNcou8p4qDIbY1g0ucTRPP8hlwfrw8V/ZBSyw+M88oavMql0mxdHhlCpn1FK0AVgDhb0UpN5/JQKFYpICi1zcvSsRgoiCLFFYxCiSBAiFiwUG4BsrJczQRTk1Od9HBzplxsNxQlUMFjzENOiSnWn8N4wPcbAwVGBHlloO6bcYztNwBsCJztpiEKDU6Hggnp+Ge6pAbL/2N2nVWUUYdgv0QQRVjpY7OWecgv3MfiIy1iud/wzd8Qzcu96mDqITa2wSgm5reGcBnXTDPSUr/VBHEM8wKr4ihKAMMGLkb8BPshrTrykFodx1nMERKdq1xxR5Hhmbrv8K6zFfJFiufn2FJbibnH+Qg/u48RRCvU5dm30S23o/+n/9HiFiZjYp1Fciq99bDNTRDeVGzI9dwqJ18vrFedkztKBNhqpsuE+MTgckEhgUbJs+59VonniUwnvSRtZpByMahYOptP3HmVIhaAPBDDz8SYyxcrCVLcXpxvwAfm7ZJyRqMD1uFlGv19Zqtt7m+UfbT+jk85RtlaXEpqrIzh9Nnz0Q4SRRvJnhteCQqpKiA7pqdC+sLAZVhXQoDRQnHI2m3UZIIqt4jdHu8jA5VLqMopT4h+1f8u+Jv2ghEmc8aGs+zT50+FQC3srQcyU88h/9azrBW8RyVXzI0yckPp+AUOfdUDAGJsar1ynCrFjI8VC19Gej8PEixM5BmLpLF8azYw/3ZoxCrUaQJVFyrbbIrB6nSA/sX3Gx4uGB9DE7YEGZ8rOqxjqtemAFekU+FW0KbRauMQMKzeiVjKzEJ07FWRCwVUg5KCpgRg4HDK91eKqAcTti3m9wnpwBYKZ/PA6RayqYqWh4ABy+ljh52LU6f7xGb2OCaN3CpHDv+RHS7heKTmru+2e9yvLWMZdk4i1tQcMM/dCAx9+gRv3t3cCXiqHje+lINfJNTMjabJwALkIyvTrC4vFLmdu8OQGY8fgvFnDi3NSIQan8Q2f3gPoS1pv0eVHl4qGvNwDzgHHAQxM+77nxm1w4P4sNYkbZ68GAULVBEZT3MHWp8eXW57N67twvGFHDYr5F+jcXzJSBmsdvzyiKZCCLXVswSgPkd8Qp4CN0BUbUhB/uklKAuFgR0qBp2LD3KZ2Kx5FRKJuq6nrdcQ7FY6+Ig0mf4UNHPyrumZb4LBPnB/+2fRkYhN0rlGNQDFhNj8s2qozVI06lKsRsVMuRkVVoVvZTdq0e1chvGc/Nisihx2MlbmwCAz7RM+oacOH28nD93oZw+d7Y8+tjjZWyyVh4EgdwIxTTX4HsAyeUaaq1IyDy5nnkiqyO6hANwtV6jmTACFVuZHfdBqs+ece3lpVoIjXu047OH09M7ynAfDrxlWwfINHSECNH2xDEjDos4shZ6zfNBEHQKcjt27pjuFG73FwtWRP8u1iIRzguuFpYwyq7OVvmel88Pqtnf4iDuF2dwvQgiokjsMoUHQZT3mdPqcjXtKu9HqFCrOxAmV/qHtI7FePiDyJRq4tU0zr6oG2YEyUgibMo1RH6JufDi/SJgRpBAwu/89r8XSjqvbKaTovGuiVJM53plaibN91qk5BiT09XkKZKIfHImnuVGah4OESQhCIAP1QRALl+8GGmyJ0+eKafOni4PP/KFrosQgYwqgtn2zTy1mLE+9Rw3D+Dimcq7ADbrwAQsNTRwEW7GS+UPLmFtK8Yl3B3uIzUSAMmBmByrtnZFK5GCd+fCuJ0nH0fVeC1bCgJDJHCWUsMqLFUblZiZEYguw75jr6d0D3uBdQuCYGIUEbsEAWppk4OFYWVtq1Pxl4IgAp17JjwBdIiErCs41QjRvBQer38rFrNOfWXWwqLeMVw09NjRKmLxUhLhHuFVZJYj5L12LhLvrJ94n0gCvHIemtpDbPwH3/LNUd1dasFE9HPoP+A7PmutyqYzWRoPA5hECOJodG4pVrhA7+eZinfh/xgeKf1GXfiNeq5O9vLCQjl37kw5P79Qjp04Xj716U+XkdGJKKXKs8wJcPO1zDF3AJ/x5SBahdxkfQ0o6TjeDu7ZF4eh4qz1i/WBtIwNRed6/Q50zdVDrcecZwY3uFC7QmkxcY94Br/zfDvU8jkIDlVhmmiFxYqcFMqfsoap8RqNAFLA+SQ2ANf0zGyEksC5mOfs7FwZpYYUXGWkpiZXxKxNbOBsFKKWC2TxKnNhKa57lykwZyX3YM6GEzEWeqPUmZyUjCBaMNlf9iysiy2Cl+LVSCEBe8NVt9VK6rMdVxh07hL7TmZM/Vk0rig1KarxvSKuenQgyN//5pf3VUq4QKsTD5cKag5lMCnQIMviYDXpBnUarV5Rvg+HS+ptLdvLC4yJoiG3BjFsOCKFlqOlS5fK2TOnysVLi+XkqdPlzz74gXLo0JFy4vTJaLBCDwoTsNQXeI5cQgWM7wYtUMrVdGACqG/YX6Ns4VxwMNfFnLgG5xzjGjyJaDO9YzIUYuR+EIXfoIJR52pHberD2Lzr3+Hv2267LYopgAAgHSEjiHqPH3uy+mWOHQuuQckh8sjZR8q1sq/4OKKn+f79YSAgdm2mBSMK8KwtPMdNplbcUXGOv9dr9LWKa6bIUuBBBPHs8rUqvIqMIojUG26qDsK1EhCJBHBigCIF5EQQonmvhiBZDxLotbgKo1kE9OzlNhmOZQ4iSMDk//o//cNImMpcwwt0djGY8UOKAU5CcyRjqDByPfIj4/DKAWH8xkJC3mztCgTeoJzL1arBd+on4T2/dKlcnD9fLly6XE6fOROWLMzq5I0sELKwWeVagEzA5TnMS+uWIqJyryIe84DLIMeH+DhWG5Zyv4DNNazH1FyUeupK8TtIQGdcHJOsFVMyIhhcISJTx6q+la1YiB44+L71W7819sLfBcg3v+V3yxve8IaYFwjE73Cs2MvNfnxHbV04iJRzjUoyvS1RRKmAMeWG6poCTXCJjRp2IwILPCJBBjQ5iECfAUxumhEEjuw5x36uLsdctMx5xhJYlXSieUWQsd5WOaAYELgHAAAXGElEQVQ8l0GFW6mB5wxyD0UruThrk1io0wwiSMDAP/sn39eXU8gd9FALYOoNRqRmkUnxjAmpeMdid9ai0FoTfJfFS62cnOY55GsPy0VB7chrJzkJhLCeFdQdQFu4vNhKi/bCyRdRnMHOax50sMpmiHATsoMSjgcVVuGd21ELUXONugGfZ+dmy/jUeDlx7HgQg6994QsjAG9kqCrqzEdCA9dlHwP4N2t9JvJWEAnX+/3y97/9H5Sbbrk5nJmYcjF5VzNzLWrGf5yWlAB9tAVujtNFq9cLpKhcbSjM2d0rul3VQEERXJmd6OiskF4BRIwR5U7pBkV+zVqt87vRPN/Nguc9vJPKvL6xWUt7htG4lkoFhqheo85APJ2fI8FuvVq02CvmIydTPBdBUNQJfY/97NeEp0xUs4inQUKRUIKR9VE5Xegnw1sRyorZVczbUbCAZytlmHlVwrMCrS9E1qtCmR1Mym+KNFqnYP3I0DkngftERAEgU4NgfZiL12vMk5TFTTTq10hhfBn2d794eSkQ5dLi5TAT0gNcwMa0KAXLFMdQGqgm1N5NqQk6laOalMV8OfwdM9Pl8vLlMCQwFqHye/fsLWPNeqUHGKqJ2GVYS399NYpOAIf33fdA+d7v+8fluV/51dXujrc/eXozpdPyBzExbyYbPbTk5H0ECZXB3e8Ajq5UWtU3tnsF529BpyrelGviO9Ma5C449zx/RWbmGF79ja0W14Thy3VEENYtYtSYrFp/mLVlBCH0PRCjBTIKn4Nc5GoIkkVp1xOw0Ksh71kM5e9wCJdaxL1TCYjF4iD5kQfxo0q5Gy2X0DaseOVDWKQIIKtEljT6lO9UzKVCcpArFkHtrGYzV9lmYQAn14U1q/UViXYJZ8/W/+fmoyPUwsWFaBu9sr4WBaXZgIULF7qDFFEEAufF2g1Yi4Marp2oNO3qNyE3v087gPUafnLo4MGazjpSAxXdn5wnzvfI3YtL+DAWy/d+3/eVvfsOBKXGgTc6XsUr98VD413gAfCsKRzUWxt9apQp9aTCi3sqMQvu2RBkkDgN6pKKeJ5xDU8v4eQLnaF59NfXdfDVufNMDQ299ZpTxHec05ZRZC0SptQ9WJcWzO0QBBEr4KpUU7gi+/UgiOJx1lE6C1avGhXcMz4HfA7znK3WHzFv8kE06aosGTPFgFk00oqg9YkNUMbnN+Ot4mGtjD0TVUkXK51YVpQCw4nTaVG0zIX/Yj4IYwCjNV0BXEya+Eb4bnh0tJydPxccZGmlxngxL+VdKZ3rYO4ggV1zrTE1WoY66xSbx+FFhOfi5XJ+4Xz0bGctt992WyjtB/bu6/qUM2eu5b5wmM7MRJHqRx9/rPyP//Aflefd/YLgJJRYJQwGC7v7ou4VpubmmGX/5W4CrSIE+5cV0gD+VuHFa0QWkLtDogZhIkvHFQaac3ZUdKDNGfMjsU1dzvs7g8ZmNceyHgMV695vlNXlmiXpeWrFNBTfNhwo6cBQRhD2IiP4IAcQcVx7Rn4tXaE7NQ4iURJB2Eu89nLSQJBf/tf/KpR0RaoMPGCs8jsPEyGyjiAn0CRs6DZWLO7XqfiXZOLE45UPVdL5SeWYRchNRBDFLORbDuXC+YXop44Zc74hB4p8HMR6ZeciRxYL1JlcF2sBMDF7qkvgTwh94MyZKKc6NDoUxfBY593Pf37Zs3tPubSwED4JrhPpQFjzz+FoL3nJS8uLX/ySsrq2XnrDY5Dk0qdkJYbNJvKo80gY9EF5PlI9lWDWJNBU4B8qmxtV9FEP4fs4oyv11g5Zgru0SIh8TyfPp3KfhAkppo70ShARRFtgRp0tOGmV8uJazkjnZBCAlYog6oBy56jwSBBlKyCBmRcYCqmmVyMQFBnlcsKma8iiY+bKPJf5daJ2v36WuLivYawarRHZ/Bac+vX/389HhykeroYvYMvORQ6pIn8DIDxE4DMITn8JIpbBeCFbNjFC8UD8cHKB4ZHUXytU8H1GEr4DcMxjZpPxD0RyVn8oEAQxi3HwtEPtz5w9W1bWandY7s3WFf5mfuaFcx/fsS6UdOYJJ8BBB/BH8eSpyTI8NhwiFh7tm5/2tHIhLFg1Dksjh9VRmD9m2jvvelb57u/+X0IRLkOjUYwPUYigvc2NmjzEs3lJDOTqWT8RIVQsBRoBo/ZhqTqDQNuZaamTPPDyPoFFZfqKywbu6xT99Rp6g2kdogIn4H8EsDZsZFzWb5i/OenqM+EjunQpfofTDiKI5Ygw87omkUSYlKMEZxgguhn5RZDgds1oIoJINGPs3lY33SASb/rFfxMchBu1NXODSJMtHwIzN3KAVuRgIlLczsI1XPv9dYrqVRAkiwLra+tlpYkWwU1adW43g7lYHgcFPTrSQn03iBVbjt7qEUC4Vqv20UaBNF2dhOEPaMlKKmKyV/URfkcHUUFmDrLcmdmdZWn5crn5aTeH3wIDwOjIaJmdmaltqScmQ9eoG18Va3ShH3rVqyN8Ynxyqqxh+dnYLCura2WTAMi1mkacCQbrVMyVozuHTLQkVN0ZhUVrq6SmukGMcRUEkboq4w8q8JvRkCZ611RzcuuZPjEyXJYWazhMGEgu1WS2kCAQsRrn4YwgHFWE3ojCcfqXuPdaHITaAFwzMVqTz/ivC2I7BFFk4rctolEV8sxBSNDKHIS5MXYQiH6tDSxc9t7wb34hijaooPOu6OGheSjKcQAagwk8imI5v8KCyBnjFRUGMZ2/ZbnIh5rnWKR+F1onqAjyu3WPIqPwwoWYP8jDZwAz6i7RV7w18AGZud9icFhL1I2yzBkUd6OGuas/SWluPHKk3Hj4UFi9QDrzu9nguZnJqJmFbrFCZPFGKefOz5fXvPa1ZZSSp6n4szK4h+xhysHU/dQBtO9LfCi2oGibKafnJKCof/g3zzHUXoIWwNSrYUYChesdRJZ8boo3XMN5GNYeyLCxFoiEmZ0OxuEr20D2RzKo/hbOh33QNIxbQMDMBo/Yg95WK47MUdXBsmEjI8kVxDfVc4ZzB3doOteWUYOuVRX+u99/9zd+PcLdxSAtPB1rbrKkB8KNNr2R1at/uLDA9ImaxJMtLiKIsiBjSf3kGCurNbRbJU9Mt7cIczVkRG5SCwDUkGo2HE80z44K4pcuRfPIsJigkxAA2eKq0Cl4FlxgcmoyUkLpPEQoh6EPULGDBw7UCu8HDoS+oRcbDslz41D6iBy9CMe/eOlyefL4yfLDr3p1dfINVQIkgcncgnmpt7G2bOv3sOUEiirm4BvSkQFXDsm+6rhj3+WUfJ+tWwHow/WcpLyedZbjtxPPBEwRHa4d95S6ryuLS2X+3PkaLtQ6EeODMMBUqs66iN2TmFqattONhqsKIAHICCy8OlfhSeAPkapxEIkJIpZiVb6eyiq9UjmJxCn6pGdRJlfccFMc2I0DQPVCy5pDwUmNWyamahg2v4sYTiZvtiw+/B4Rf1RFGg9LDoLliA1VQfd7C9pBkZgf35vfPjI6Uk6fPRuimHIvz4so4daQhb9FWOvmIh7ADS1057ox605N1LRiEIa18bwwaa6vhBLPs1bWNso3/d2Xlxd+/YtiHeyL3n2JgqZOgMfD8GAkFpmDcJ9UHkuVv2Vi457JKRhHXVFuKcGRcAVg0RKgFWuWcgqcmVDmcxNps+jHPYi+XYHqpeWyMH8hbsMUTjhQKZU7q7cwTsDcSLWCskbdA4wd3HSkpgLk/ZA7qB6ICNfDQaiqkjmgHGRoCJG5lkTqiPtv/9qbumheFVfFLBW9rHu4MQxgPBIAwIJVGoP6TtdGNVezX+tclLJxf1hv+lt9P6RQANPEaAUy/lvcmefJPfhszz71E+ZI8hBjY4USgRgXPcXNhPJZmxeAPXLocAvoq5VIqJtVm+/MRqiJqayaNXlfXLoYcyFfhUryr/zB/yssVvQd729WqwnPk3KJWMq/WWEUaaX0HWI0ix6mSK5nXyRKACHfZYTxXPhezzXAyPeG38SerFcDhggW3vDmJxgUY5g3v3FNFhszIl2YPxf+JxK7ELEC6cK2XUUszo81MifWGI7qiRrLp3HCvQrdmKDUpsOyF+4H6xCJsqgpIgurIoD7CoxlDtIRlk04+BYyBhHBzMuHHL7ODR6OVD9bEbRWyFoVbZiwOcX9lq2mVStTHy02ih16rMP236sigKbOzpS3WR1nWpvYGDZKJyLXa1IECADiJ594oszNzlaH4cJCAKgItrS6XC63hjdauDh4uMaenXNx+BykBecYA8vViWYYYB7qIqztzPnaVuzuF9xdXvoNLyuEXhr2sbK8WIGk+ROYA3ulriXFEggkHgIDCM85CBAADPdwZpyFwOmeDHJovpeoZOIHMCpiiaDMUQkhomtbXr6Iwtg8M+uWInn33P5GWbiwUE6dOBEIEvML48RGVDAJ40UL5VE8x6Sr1TOb30OsGqrI6z5lBJEjPxUEgYOIIBKUIMabGKpqBHEnYr351381OIhOQv0WilBOrJPfWkK8snI2J/Id5joAdJO2u035z5vLeAIAnwEWqdnaOuJV9QswpytEsqQ4e4hSSAFLsQVE4rdTJ0+WY8ceD2eesjeHz6YsLlfvPM8R8bRyIRawDriG1BfOcfLkqeAIBizKNcOMvLke3aK+7du+vURDhpFRevxG22kKx6GmMAfWKufTM5wRJMv9IMADDzzQxYlJUE6fOtspmAQwZiU8I0fmWkZDEKLD/AHQiJ7FgkMPmOQXYF10prrjjjs6uV9RWE4j5xdAJapBBBrHPHPyVDn2xJPVJ7Neg0lBkCwJaNjRscw8lUzcK7ssq28IwFoiFQfz2iVIGcEzB1HHzZySvc/pvaHHvP0tvxNmXhrAcAGKKgc2hhcT5XKEng61MNvKag3XjgkCBJFn3a5v5TXVRSirntmhk5cl8nCpCNcZVgF2i3TKt3EYpYY6RJ9rxIvllVCoA9gv1UxBqFHNUa+hIxw0ivPDDz1cDt9wOD4TiLexWS0v9ZB7kV+OiZa1RIFqAvY21qtnfw1Amoxnzc3uirGh6JhtCbvAesNv5y9cKD/0qleFwt+DMIAgsZ9EBNRiFFJa3wdlajkM62eN7rX7IMcGYEIJbvWc5CCBaJHLXndbwAE5QVSMtVJn1qX+owNQvcQIBJ7Lc+RcinASMOerKOx6cIASXn/h/Pny0IMPxTxolQEn7RMG1ObOc7puUtO1Fzpz4r9+FWBNDiJiqNNmPco5KC6JIO6B3DrOoV+TrZRGJMTMHwTJRozeu3//rbX0aPNgeghgsYArK1Y0yvIgFhXlRt/ZSM1xKjudnJf6GTIe/3WORTGBng3s6ylnuZrr3JRQ6ltJHtg3IoQHp8Iu1eR7lGc2mANRHhdoodT27eZ3HX7MLSqCTE3VVgSTU2G+DBPw8FD4WLCY0UfxB3/oh0Pkcp1SKGV2lcmse/ida3K9WpQyRWQfBAIBhnNz3epQcAMRTM7sXLzffVJK8Hv+3o4aK444h6xv5DGzpMBnpQUqP0Z3rMsXy1AjTMbvGfNG5C4Amp3WGjY0SrAO/SAafzKSul+dWN5EWhFBXUQxXu4i8mDFmhivCOIae3/4tv8Y4e6wOKm65luB24EEfEULPLfANACl993DFtuDTQ0k44iEIgYAV4GlIoisVCVLwAmvebMwuKjgbIu1oASHoj4k9+Kda7WwoKyjZwDMPAddBWLgNYMWLeV8OBPiwIXztTMuHvpzF+aD0u3dt6/8o+/67k5PADEjXLx1fOV6KRbfiQCKTO6ZCON6r4YgVLPP10IQtFiRcuu+KXqp8A6KIAK8QOZztzhPlRLcE75nbSJ5JnqO7VjCkiIsfdpFEBDXWDN1ViJ3Q3JpfUAknjGnXvXRMJfgKOk9E45rIQhr6IjV6BaxkUtWLj1SRpqTWA4UHISHY0VQ+WEwZU3t9LIhvufwq4K8HBinB977NSn6EN4Feqm2cigbocIalK5fIyulTHINxpaDSQk0h2IC5no2PcSaVHvVSia88z3Bc9zHZxKOeJbFGlibyjCIw3wsysY+MDbOL+6lRRzRprQ6+9F//s/L5HStpeReaDpX33L/GEPKrRiVRQUJQKbSAq57Qki7iC935xrWT0V09UOezdgiUxZDst6jvifl9dzyHDwTK05aoC6LV3IQz9h1MQ/2/QsPP1hWW3s55so8u3rCk9XwIILwO3AWZ4J02MzcnEdGkO2QdDsOEgaCRigJ1ZfD+b3nQksIQ6NCUvrjt/9BcBBygaW6HhyHqrVCquJBVyAlpKDKjd6r/CaCyUHyQhhD5dzxKlvrlTVyJ1rwG/do8ZE6MDcpARsYgXAbtQw+B8F3chI4g1SP+/NzmT+ORq6xTA/3wxF03LGhIp1clbgrxLHl1ZUwFVNq5+WveEV4y12Lz8mAJ7B5MOwXz1KeFmkVMaT+2SSr7mJf+Ewx2W/CWtAT4ZLsoT4tMzq93jnks1GUFRHytV6naC2hyn4bkUFxTMQRWfn7icceLZ//1Ce7s2dtUUMM8+7UZDxSZ6j7XpX+ah5XP/E65uo+ZfgaRFR+Y84q5BgKXEtW4gl3HxqqZmThvvfed70jrFjoIFmeE8CldlJrJro1GUzbNXaF6w3LdnNFFjc/UzAnnL9DiSS1h/tEIHUZF8RYpoZqr6feKy/t6oo2cjQpMGP6wvcB9QJJEJ8AppoeWwvlyaWU30EKrsEgwPOPnzxRvvr5z4smmSjsQ6P1PqmnYo4mZMapRoPqhOLaj3zkI5GTrhhnVXEVYwlUptICjAjPu3FkFK2rztYqAUhMwvCwXvua+F9AzuKVXF39M1NiRSYR2u5NrIu9wZqmVSwDa+ZKI8O98rEPfKDrV8m8FbGQYEKSaanY5okEsW5JYCII+9FFjTckEVEyPA0SLM8eKcV5ZQRBxCLURDEu4Icut7FJQ1U8yEF7HjIP1eqTRQU+0w3Kw9Aqkg9Cedv7mGRmdx6UE6Uau5xD2T0DHeOxeSADBx8Wl1K5B/NgDfoGlL2dg3Iv46qIM7a6jUCUN1YupAefDDsAgv7mf+flf7eKAIheLeZL5KoWsooIzIdnxn41BxtzkkgAJIoUzAWupPcdbsDfihixFxvVO89n12ZZop1zsx1nUhLI1wm8vHtOnoc9FSV43DeoS3KfyC4BVEfx2kFqLscaKv2ydGG+vP/97+9isLpavJM1QFDiyP5JpNZWq4zFWRg6z2eRQu6VCbxz8CwVr+K9IUjmIiFibcdB3veed0fKrZSSd72zAhgbLRAZexQPbo4V789igTZ+sTbLeoYbywrlSooxAo+U39+vxPYaO6Q1SySVsjJnnY3OQYSXK9psU0BRRIsCyy383Dny90WKWjdO9bJv+jvBcdStNnsjQb01PDimIkvWLRQhXReAyYELYFikzp45H89iTwilF8FiXRvV1C6ARjXI9fUgGGMjW5wjJIOWQmvTGrMd/S32q18JjMQq6yeD62Dv4B5aLB1f4BRm8rn7G0UtRoeGojrN+9/33ljz/r17yhgVcHbMFEI9pOwmubH/IAhzE0EkhM7N8+zEg4b8EjzXJqE1IJbvM8cJRCvVs98h3fv/+A9DxBKgVercLDEQxMi6SSykUGirmsU0v8kmFdE6tpZrJ7V4fDFYgFHUkXrKuXiWJlsXK+CJTDyP31iclEcF3zkog2bElJu4ebHGleq85PqcbAWVvrh4qXzbt31bZ7+XS0DkFG9clxTR52XxRmuWIqN9KZwr8UdySebg+mPM0SonM0bkqTQrIuHkFIDokLYlQsU9I7Wsj12xFIcDQHBlNiemUoDnzr0ikyJqZG+26Av33bVuhyAZBhCzqFRNq+qzZ06X3XM7q24xSR2vLQQxRybmtVrFRuZsqEwEQDZzrM+UQMsdBxGEsYLDb1bEyKK0nHEQQf5/xUrsmbtYwpAAAAAASUVORK5CYII=','Web Developer');
/*!40000 ALTER TABLE `profile` ENABLE KEYS */;
UNLOCK TABLES;

--
-- Table structure for table `supplier`
--

DROP TABLE IF EXISTS `supplier`;
/*!40101 SET @saved_cs_client     = @@character_set_client */;
/*!40101 SET character_set_client = utf8 */;
CREATE TABLE `supplier` (
  `id` int(11) NOT NULL AUTO_INCREMENT,
  `name` varchar(45) DEFAULT NULL,
  `vat` int(11) DEFAULT NULL,
  `country` varchar(2) DEFAULT NULL,
  `phone` varchar(45) DEFAULT NULL,
  `mobile` varchar(45) DEFAULT NULL,
  PRIMARY KEY (`id`)
) ENGINE=InnoDB AUTO_INCREMENT=9 DEFAULT CHARSET=latin1;
/*!40101 SET character_set_client = @saved_cs_client */;

--
-- Dumping data for table `supplier`
--

LOCK TABLES `supplier` WRITE;
/*!40000 ALTER TABLE `supplier` DISABLE KEYS */;
INSERT INTO `supplier` VALUES (1,'efrgr',3423,'IT','3424','4234'),(2,'rgreg',43434,'rr','45545','45345'),(3,'test',34344,'IT','34244','34234'),(4,NULL,NULL,NULL,NULL,NULL),(5,NULL,NULL,NULL,NULL,NULL),(6,NULL,NULL,NULL,NULL,NULL),(7,'prova',53534,'IT','4324235','45345'),(8,'rrr',34235,'IT','4534543','345345');
/*!40000 ALTER TABLE `supplier` ENABLE KEYS */;
UNLOCK TABLES;

--
-- Table structure for table `user`
--

DROP TABLE IF EXISTS `user`;
/*!40101 SET @saved_cs_client     = @@character_set_client */;
/*!40101 SET character_set_client = utf8 */;
CREATE TABLE `user` (
  `id` int(11) NOT NULL AUTO_INCREMENT,
  `username` varchar(255) NOT NULL,
  `auth_key` varchar(32) NOT NULL,
  `password_hash` varchar(255) NOT NULL,
  `confirmation_token` varchar(255) DEFAULT NULL,
  `status` int(11) NOT NULL DEFAULT '1',
  `superadmin` smallint(6) DEFAULT '0',
  `created_at` int(11) NOT NULL,
  `updated_at` int(11) NOT NULL,
  `registration_ip` varchar(15) DEFAULT NULL,
  `bind_to_ip` varchar(255) DEFAULT NULL,
  `email` varchar(128) DEFAULT NULL,
  `email_confirmed` smallint(1) NOT NULL DEFAULT '0',
  PRIMARY KEY (`id`)
) ENGINE=InnoDB AUTO_INCREMENT=2 DEFAULT CHARSET=utf8;
/*!40101 SET character_set_client = @saved_cs_client */;

--
-- Dumping data for table `user`
--

LOCK TABLES `user` WRITE;
/*!40000 ALTER TABLE `user` DISABLE KEYS */;
INSERT INTO `user` VALUES (1,'superadmin','pKxuTjKRxeooA3ahqE28STf1LtSBYHZX','$2y$13$wOhcIp25X8EcXcuWiVfNLeMQmh0gjBS5vX9Ei6p/6xqtj84wYVoEi',NULL,1,1,1513364570,1513364570,NULL,NULL,NULL,0);
/*!40000 ALTER TABLE `user` ENABLE KEYS */;
UNLOCK TABLES;

--
-- Table structure for table `user_visit_log`
--

DROP TABLE IF EXISTS `user_visit_log`;
/*!40101 SET @saved_cs_client     = @@character_set_client */;
/*!40101 SET character_set_client = utf8 */;
CREATE TABLE `user_visit_log` (
  `id` int(11) NOT NULL AUTO_INCREMENT,
  `token` varchar(255) NOT NULL,
  `ip` varchar(15) NOT NULL,
  `language` char(2) NOT NULL,
  `user_agent` varchar(255) NOT NULL,
  `user_id` int(11) DEFAULT NULL,
  `visit_time` int(11) NOT NULL,
  `browser` varchar(30) DEFAULT NULL,
  `os` varchar(20) DEFAULT NULL,
  PRIMARY KEY (`id`),
  KEY `user_id` (`user_id`),
  CONSTRAINT `user_visit_log_ibfk_1` FOREIGN KEY (`user_id`) REFERENCES `user` (`id`) ON DELETE SET NULL ON UPDATE CASCADE
) ENGINE=InnoDB AUTO_INCREMENT=91 DEFAULT CHARSET=utf8;
/*!40101 SET character_set_client = @saved_cs_client */;

--
-- Dumping data for table `user_visit_log`
--

LOCK TABLES `user_visit_log` WRITE;
/*!40000 ALTER TABLE `user_visit_log` DISABLE KEYS */;
INSERT INTO `user_visit_log` VALUES (1,'5a341d2a083e7','127.0.0.1','en','Mozilla/5.0 (X11; Linux x86_64) AppleWebKit/537.36 (KHTML, like Gecko) Chrome/63.0.3239.108 Safari/537.36',1,1513364778,'Chrome','Linux'),(2,'5a341e37affb3','127.0.0.1','en','Mozilla/5.0 (X11; Linux x86_64) AppleWebKit/537.36 (KHTML, like Gecko) Chrome/63.0.3239.108 Safari/537.36',1,1513365047,'Chrome','Linux'),(3,'5a341f34d4e4f','127.0.0.1','en','Mozilla/5.0 (X11; Linux x86_64) AppleWebKit/537.36 (KHTML, like Gecko) Chrome/63.0.3239.108 Safari/537.36',1,1513365300,'Chrome','Linux'),(4,'5a3424fc3a179','127.0.0.1','en','Mozilla/5.0 (X11; Linux x86_64) AppleWebKit/537.36 (KHTML, like Gecko) Chrome/63.0.3239.108 Safari/537.36',1,1513366780,'Chrome','Linux'),(5,'5a34527a396be','127.0.0.1','en','Mozilla/5.0 (X11; Linux x86_64) AppleWebKit/537.36 (KHTML, like Gecko) Chrome/63.0.3239.108 Safari/537.36',1,1513378426,'Chrome','Linux'),(6,'5a3462e87e033','127.0.0.1','en','Mozilla/5.0 (X11; Linux x86_64) AppleWebKit/537.36 (KHTML, like Gecko) Chrome/63.0.3239.108 Safari/537.36',1,1513382632,'Chrome','Linux'),(7,'5a3465a6d6c66','127.0.0.1','en','Mozilla/5.0 (X11; Linux x86_64) AppleWebKit/537.36 (KHTML, like Gecko) Chrome/63.0.3239.108 Safari/537.36',1,1513383334,'Chrome','Linux'),(8,'5a3466355ba11','127.0.0.1','en','Mozilla/5.0 (X11; Linux x86_64) AppleWebKit/537.36 (KHTML, like Gecko) Chrome/63.0.3239.108 Safari/537.36',1,1513383477,'Chrome','Linux'),(9,'5a3468079ec75','127.0.0.1','en','Mozilla/5.0 (X11; Linux x86_64) AppleWebKit/537.36 (KHTML, like Gecko) Chrome/63.0.3239.108 Safari/537.36',1,1513383943,'Chrome','Linux'),(10,'5a346837ee0b0','127.0.0.1','en','Mozilla/5.0 (X11; Linux x86_64) AppleWebKit/537.36 (KHTML, like Gecko) Chrome/63.0.3239.108 Safari/537.36',1,1513383991,'Chrome','Linux'),(11,'5a346ad5008fd','127.0.0.1','en','Mozilla/5.0 (X11; Linux x86_64) AppleWebKit/537.36 (KHTML, like Gecko) Chrome/63.0.3239.108 Safari/537.36',1,1513384660,'Chrome','Linux'),(12,'5a346ae8a502d','127.0.0.1','en','Mozilla/5.0 (X11; Linux x86_64) AppleWebKit/537.36 (KHTML, like Gecko) Chrome/63.0.3239.108 Safari/537.36',1,1513384680,'Chrome','Linux'),(13,'5a346ae98786c','127.0.0.1','en','Mozilla/5.0 (X11; Linux x86_64) AppleWebKit/537.36 (KHTML, like Gecko) Chrome/63.0.3239.108 Safari/537.36',1,1513384681,'Chrome','Linux'),(14,'5a346d5b4fa3d','127.0.0.1','en','Mozilla/5.0 (X11; Linux x86_64) AppleWebKit/537.36 (KHTML, like Gecko) Chrome/63.0.3239.108 Safari/537.36',1,1513385307,'Chrome','Linux'),(15,'5a346d8b1f5ed','127.0.0.1','en','Mozilla/5.0 (X11; Linux x86_64) AppleWebKit/537.36 (KHTML, like Gecko) Chrome/63.0.3239.108 Safari/537.36',1,1513385355,'Chrome','Linux'),(16,'5a346dab91928','127.0.0.1','en','Mozilla/5.0 (X11; Linux x86_64) AppleWebKit/537.36 (KHTML, like Gecko) Chrome/63.0.3239.108 Safari/537.36',1,1513385387,'Chrome','Linux'),(17,'5a346dba64d25','127.0.0.1','en','Mozilla/5.0 (X11; Linux x86_64) AppleWebKit/537.36 (KHTML, like Gecko) Chrome/63.0.3239.108 Safari/537.36',1,1513385402,'Chrome','Linux'),(18,'5a346ddbbb27c','127.0.0.1','en','Mozilla/5.0 (X11; Linux x86_64) AppleWebKit/537.36 (KHTML, like Gecko) Chrome/63.0.3239.108 Safari/537.36',1,1513385435,'Chrome','Linux'),(19,'5a346df57f727','127.0.0.1','en','Mozilla/5.0 (X11; Linux x86_64) AppleWebKit/537.36 (KHTML, like Gecko) Chrome/63.0.3239.108 Safari/537.36',1,1513385461,'Chrome','Linux'),(20,'5a346ee23da0f','127.0.0.1','en','Mozilla/5.0 (X11; Linux x86_64) AppleWebKit/537.36 (KHTML, like Gecko) Chrome/63.0.3239.108 Safari/537.36',1,1513385698,'Chrome','Linux'),(21,'5a346ef6e08e3','127.0.0.1','en','Mozilla/5.0 (X11; Linux x86_64) AppleWebKit/537.36 (KHTML, like Gecko) Chrome/63.0.3239.108 Safari/537.36',1,1513385718,'Chrome','Linux'),(22,'5a346f3a9459d','127.0.0.1','en','Mozilla/5.0 (X11; Linux x86_64) AppleWebKit/537.36 (KHTML, like Gecko) Chrome/63.0.3239.108 Safari/537.36',1,1513385786,'Chrome','Linux'),(23,'5a346f485d9a1','127.0.0.1','en','Mozilla/5.0 (X11; Linux x86_64) AppleWebKit/537.36 (KHTML, like Gecko) Chrome/63.0.3239.108 Safari/537.36',1,1513385800,'Chrome','Linux'),(24,'5a346fdd05c55','127.0.0.1','en','Mozilla/5.0 (X11; Linux x86_64) AppleWebKit/537.36 (KHTML, like Gecko) Chrome/63.0.3239.108 Safari/537.36',1,1513385949,'Chrome','Linux'),(25,'5a346fea41633','127.0.0.1','en','Mozilla/5.0 (X11; Linux x86_64) AppleWebKit/537.36 (KHTML, like Gecko) Chrome/63.0.3239.108 Safari/537.36',1,1513385962,'Chrome','Linux'),(26,'5a346ff1a8e79','127.0.0.1','en','Mozilla/5.0 (X11; Linux x86_64) AppleWebKit/537.36 (KHTML, like Gecko) Chrome/63.0.3239.108 Safari/537.36',1,1513385969,'Chrome','Linux'),(27,'5a3470a7d6b62','127.0.0.1','en','Mozilla/5.0 (X11; Linux x86_64) AppleWebKit/537.36 (KHTML, like Gecko) Chrome/63.0.3239.108 Safari/537.36',1,1513386151,'Chrome','Linux'),(28,'5a3470b83b619','127.0.0.1','en','Mozilla/5.0 (X11; Linux x86_64) AppleWebKit/537.36 (KHTML, like Gecko) Chrome/63.0.3239.108 Safari/537.36',1,1513386168,'Chrome','Linux'),(29,'5a3470c63aad1','127.0.0.1','en','Mozilla/5.0 (X11; Linux x86_64) AppleWebKit/537.36 (KHTML, like Gecko) Chrome/63.0.3239.108 Safari/537.36',1,1513386182,'Chrome','Linux'),(30,'5a3470ebed3a8','127.0.0.1','en','Mozilla/5.0 (X11; Linux x86_64) AppleWebKit/537.36 (KHTML, like Gecko) Chrome/63.0.3239.108 Safari/537.36',1,1513386219,'Chrome','Linux'),(31,'5a3470f76a34d','127.0.0.1','en','Mozilla/5.0 (X11; Linux x86_64) AppleWebKit/537.36 (KHTML, like Gecko) Chrome/63.0.3239.108 Safari/537.36',1,1513386231,'Chrome','Linux'),(32,'5a3471319ccb9','127.0.0.1','en','Mozilla/5.0 (X11; Linux x86_64) AppleWebKit/537.36 (KHTML, like Gecko) Chrome/63.0.3239.108 Safari/537.36',1,1513386289,'Chrome','Linux'),(33,'5a34713e522de','127.0.0.1','en','Mozilla/5.0 (X11; Linux x86_64) AppleWebKit/537.36 (KHTML, like Gecko) Chrome/63.0.3239.108 Safari/537.36',1,1513386302,'Chrome','Linux'),(34,'5a3471f6aa8ed','127.0.0.1','en','Mozilla/5.0 (X11; Linux x86_64) AppleWebKit/537.36 (KHTML, like Gecko) Chrome/63.0.3239.108 Safari/537.36',1,1513386486,'Chrome','Linux'),(35,'5a34728ae98c7','127.0.0.1','en','Mozilla/5.0 (X11; Linux x86_64) AppleWebKit/537.36 (KHTML, like Gecko) Chrome/63.0.3239.108 Safari/537.36',1,1513386634,'Chrome','Linux'),(36,'5a3476fb6fe16','127.0.0.1','en','Mozilla/5.0 (X11; Linux x86_64) AppleWebKit/537.36 (KHTML, like Gecko) Chrome/63.0.3239.108 Safari/537.36',1,1513387771,'Chrome','Linux'),(37,'5a347748ee639','127.0.0.1','en','Mozilla/5.0 (X11; Linux x86_64) AppleWebKit/537.36 (KHTML, like Gecko) Chrome/63.0.3239.108 Safari/537.36',1,1513387848,'Chrome','Linux'),(38,'5a347750125a0','127.0.0.1','en','Mozilla/5.0 (X11; Linux x86_64) AppleWebKit/537.36 (KHTML, like Gecko) Chrome/63.0.3239.108 Safari/537.36',1,1513387856,'Chrome','Linux'),(39,'5a3477a0a9f1b','127.0.0.1','en','Mozilla/5.0 (X11; Linux x86_64) AppleWebKit/537.36 (KHTML, like Gecko) Chrome/63.0.3239.108 Safari/537.36',1,1513387936,'Chrome','Linux'),(40,'5a3477d73ed34','127.0.0.1','en','Mozilla/5.0 (X11; Linux x86_64) AppleWebKit/537.36 (KHTML, like Gecko) Chrome/63.0.3239.108 Safari/537.36',1,1513387991,'Chrome','Linux'),(41,'5a34786a960bb','127.0.0.1','en','Mozilla/5.0 (X11; Linux x86_64) AppleWebKit/537.36 (KHTML, like Gecko) Chrome/63.0.3239.108 Safari/537.36',1,1513388138,'Chrome','Linux'),(42,'5a34fbcf7925c','127.0.0.1','en','Mozilla/5.0 (X11; Linux x86_64) AppleWebKit/537.36 (KHTML, like Gecko) Chrome/63.0.3239.108 Safari/537.36',1,1513421775,'Chrome','Linux'),(43,'5a3503b284207','127.0.0.1','en','Mozilla/5.0 (X11; Linux x86_64) AppleWebKit/537.36 (KHTML, like Gecko) Chrome/63.0.3239.108 Safari/537.36',1,1513423794,'Chrome','Linux'),(44,'5a35064adff6d','127.0.0.1','en','Mozilla/5.0 (X11; Linux x86_64) AppleWebKit/537.36 (KHTML, like Gecko) Chrome/63.0.3239.108 Safari/537.36',1,1513424458,'Chrome','Linux'),(45,'5a3506721f69c','127.0.0.1','en','Mozilla/5.0 (X11; Linux x86_64) AppleWebKit/537.36 (KHTML, like Gecko) Chrome/63.0.3239.108 Safari/537.36',1,1513424498,'Chrome','Linux'),(46,'5a350699098e5','127.0.0.1','en','Mozilla/5.0 (X11; Linux x86_64) AppleWebKit/537.36 (KHTML, like Gecko) Chrome/63.0.3239.108 Safari/537.36',1,1513424537,'Chrome','Linux'),(47,'5a3506b4ea255','127.0.0.1','en','Mozilla/5.0 (X11; Linux x86_64) AppleWebKit/537.36 (KHTML, like Gecko) Chrome/63.0.3239.108 Safari/537.36',1,1513424564,'Chrome','Linux'),(48,'5a3506e2dd1fd','127.0.0.1','en','Mozilla/5.0 (X11; Linux x86_64) AppleWebKit/537.36 (KHTML, like Gecko) Chrome/63.0.3239.108 Safari/537.36',1,1513424610,'Chrome','Linux'),(49,'5a350825233cb','127.0.0.1','en','Mozilla/5.0 (X11; Linux x86_64) AppleWebKit/537.36 (KHTML, like Gecko) Chrome/63.0.3239.108 Safari/537.36',1,1513424933,'Chrome','Linux'),(50,'5a3508525f689','127.0.0.1','en','Mozilla/5.0 (X11; Linux x86_64) AppleWebKit/537.36 (KHTML, like Gecko) Chrome/63.0.3239.108 Safari/537.36',1,1513424978,'Chrome','Linux'),(51,'5a3508e269d57','127.0.0.1','en','Mozilla/5.0 (X11; Linux x86_64) AppleWebKit/537.36 (KHTML, like Gecko) Chrome/63.0.3239.108 Safari/537.36',1,1513425122,'Chrome','Linux'),(52,'5a35092889ae7','127.0.0.1','en','Mozilla/5.0 (X11; Linux x86_64) AppleWebKit/537.36 (KHTML, like Gecko) Chrome/63.0.3239.108 Safari/537.36',1,1513425192,'Chrome','Linux'),(53,'5a351129925e5','127.0.0.1','en','Mozilla/5.0 (X11; Linux x86_64) AppleWebKit/537.36 (KHTML, like Gecko) Chrome/63.0.3239.108 Safari/537.36',1,1513427241,'Chrome','Linux'),(54,'5a3511eb643bc','127.0.0.1','en','Mozilla/5.0 (X11; Linux x86_64) AppleWebKit/537.36 (KHTML, like Gecko) Chrome/63.0.3239.108 Safari/537.36',1,1513427435,'Chrome','Linux'),(55,'5a351f78cb231','127.0.0.1','en','Mozilla/5.0 (X11; Linux x86_64) AppleWebKit/537.36 (KHTML, like Gecko) Chrome/63.0.3239.108 Safari/537.36',1,1513430904,'Chrome','Linux'),(56,'5a351f81aceb1','127.0.0.1','en','Mozilla/5.0 (X11; Linux x86_64) AppleWebKit/537.36 (KHTML, like Gecko) Chrome/63.0.3239.108 Safari/537.36',1,1513430913,'Chrome','Linux'),(57,'5a352306deb91','127.0.0.1','en','Mozilla/5.0 (X11; Linux x86_64) AppleWebKit/537.36 (KHTML, like Gecko) Chrome/63.0.3239.108 Safari/537.36',1,1513431814,'Chrome','Linux'),(58,'5a3528847699d','127.0.0.1','en','Mozilla/5.0 (X11; Linux x86_64) AppleWebKit/537.36 (KHTML, like Gecko) Chrome/63.0.3239.108 Safari/537.36',1,1513433220,'Chrome','Linux'),(59,'5a352a13a87ce','127.0.0.1','en','Mozilla/5.0 (X11; Linux x86_64) AppleWebKit/537.36 (KHTML, like Gecko) Chrome/63.0.3239.108 Safari/537.36',1,1513433619,'Chrome','Linux'),(60,'5a352a3451707','127.0.0.1','en','Mozilla/5.0 (X11; Linux x86_64) AppleWebKit/537.36 (KHTML, like Gecko) Chrome/63.0.3239.108 Safari/537.36',1,1513433652,'Chrome','Linux'),(61,'5a352a7e1c76c','127.0.0.1','en','Mozilla/5.0 (X11; Linux x86_64) AppleWebKit/537.36 (KHTML, like Gecko) Chrome/63.0.3239.108 Safari/537.36',1,1513433726,'Chrome','Linux'),(62,'5a352adb3f4ce','127.0.0.1','en','Mozilla/5.0 (X11; Linux x86_64) AppleWebKit/537.36 (KHTML, like Gecko) Chrome/63.0.3239.108 Safari/537.36',1,1513433819,'Chrome','Linux'),(63,'5a353330a5d78','127.0.0.1','en','Mozilla/5.0 (X11; Linux x86_64) AppleWebKit/537.36 (KHTML, like Gecko) Chrome/63.0.3239.108 Safari/537.36',1,1513435952,'Chrome','Linux'),(64,'5a353348e7b34','127.0.0.1','en','Mozilla/5.0 (X11; Linux x86_64) AppleWebKit/537.36 (KHTML, like Gecko) Chrome/63.0.3239.108 Safari/537.36',1,1513435976,'Chrome','Linux'),(65,'5a353379b230d','127.0.0.1','en','Mozilla/5.0 (X11; Linux x86_64) AppleWebKit/537.36 (KHTML, like Gecko) Chrome/63.0.3239.108 Safari/537.36',1,1513436025,'Chrome','Linux'),(66,'5a35337ea07b6','127.0.0.1','en','Mozilla/5.0 (X11; Linux x86_64) AppleWebKit/537.36 (KHTML, like Gecko) Chrome/63.0.3239.108 Safari/537.36',1,1513436030,'Chrome','Linux'),(67,'5a3537fda1452','127.0.0.1','en','Mozilla/5.0 (X11; Linux x86_64) AppleWebKit/537.36 (KHTML, like Gecko) Chrome/63.0.3239.108 Safari/537.36',1,1513437181,'Chrome','Linux'),(68,'5a3538094e80d','127.0.0.1','en','Mozilla/5.0 (X11; Linux x86_64) AppleWebKit/537.36 (KHTML, like Gecko) Chrome/63.0.3239.108 Safari/537.36',1,1513437193,'Chrome','Linux'),(69,'5a3538339bde5','127.0.0.1','en','Mozilla/5.0 (X11; Linux x86_64) AppleWebKit/537.36 (KHTML, like Gecko) Chrome/63.0.3239.108 Safari/537.36',1,1513437235,'Chrome','Linux'),(70,'5a3581dc7fa65','127.0.0.1','en','Mozilla/5.0 (X11; Linux x86_64) AppleWebKit/537.36 (KHTML, like Gecko) Chrome/63.0.3239.108 Safari/537.36',1,1513456092,'Chrome','Linux'),(71,'5a36493ee9a31','127.0.0.1','en','Mozilla/5.0 (X11; Linux x86_64) AppleWebKit/537.36 (KHTML, like Gecko) Chrome/63.0.3239.108 Safari/537.36',1,1513507134,'Chrome','Linux'),(72,'5a36532370dd0','127.0.0.1','en','Mozilla/5.0 (X11; Linux x86_64) AppleWebKit/537.36 (KHTML, like Gecko) Chrome/63.0.3239.108 Safari/537.36',1,1513509667,'Chrome','Linux'),(73,'5a365fab29fbd','127.0.0.1','en','Mozilla/5.0 (X11; Linux x86_64) AppleWebKit/537.36 (KHTML, like Gecko) Chrome/63.0.3239.108 Safari/537.36',1,1513512875,'Chrome','Linux'),(74,'5a36622c5a0c2','127.0.0.1','en','Mozilla/5.0 (X11; Linux x86_64) AppleWebKit/537.36 (KHTML, like Gecko) Chrome/63.0.3239.108 Safari/537.36',1,1513513516,'Chrome','Linux'),(75,'5a36c747cb017','127.0.0.1','en','Mozilla/5.0 (X11; Linux x86_64) AppleWebKit/537.36 (KHTML, like Gecko) Chrome/63.0.3239.108 Safari/537.36',1,1513539399,'Chrome','Linux'),(76,'5a36c89e79767','127.0.0.1','en','Mozilla/5.0 (X11; Linux x86_64) AppleWebKit/537.36 (KHTML, like Gecko) Chrome/63.0.3239.108 Safari/537.36',1,1513539742,'Chrome','Linux'),(77,'5a36e235016f7','127.0.0.1','en','Mozilla/5.0 (X11; Linux x86_64) AppleWebKit/537.36 (KHTML, like Gecko) Chrome/63.0.3239.108 Safari/537.36',1,1513546293,'Chrome','Linux'),(78,'5a36e261a75a6','127.0.0.1','en','Mozilla/5.0 (X11; Linux x86_64) AppleWebKit/537.36 (KHTML, like Gecko) Chrome/63.0.3239.108 Safari/537.36',1,1513546337,'Chrome','Linux'),(79,'5a37abc9098fe','127.0.0.1','en','Mozilla/5.0 (X11; Linux x86_64) AppleWebKit/537.36 (KHTML, like Gecko) Chrome/63.0.3239.108 Safari/537.36',1,1513597897,'Chrome','Linux'),(80,'5a37b0327cd6e','127.0.0.1','en','Mozilla/5.0 (X11; Linux x86_64) AppleWebKit/537.36 (KHTML, like Gecko) Chrome/63.0.3239.108 Safari/537.36',1,1513599026,'Chrome','Linux'),(81,'5a37e83e64fbd','127.0.0.1','en','Mozilla/5.0 (X11; Linux x86_64) AppleWebKit/537.36 (KHTML, like Gecko) Chrome/63.0.3239.108 Safari/537.36',1,1513613374,'Chrome','Linux'),(82,'5a382f7a4fc7d','127.0.0.1','en','Mozilla/5.0 (X11; Linux x86_64) AppleWebKit/537.36 (KHTML, like Gecko) Chrome/63.0.3239.108 Safari/537.36',1,1513631610,'Chrome','Linux'),(83,'5a3833cc846b6','127.0.0.1','en','Mozilla/5.0 (X11; Linux x86_64) AppleWebKit/537.36 (KHTML, like Gecko) Chrome/63.0.3239.108 Safari/537.36',1,1513632716,'Chrome','Linux'),(84,'5a3835c20a393','127.0.0.1','en','Mozilla/5.0 (X11; Linux x86_64) AppleWebKit/537.36 (KHTML, like Gecko) Chrome/63.0.3239.108 Safari/537.36',1,1513633218,'Chrome','Linux'),(85,'5a38360b001c3','127.0.0.1','en','Mozilla/5.0 (X11; Linux x86_64) AppleWebKit/537.36 (KHTML, like Gecko) Chrome/63.0.3239.108 Safari/537.36',1,1513633290,'Chrome','Linux'),(86,'5a3836ee21408','127.0.0.1','en','Mozilla/5.0 (X11; Linux x86_64) AppleWebKit/537.36 (KHTML, like Gecko) Chrome/63.0.3239.108 Safari/537.36',1,1513633518,'Chrome','Linux'),(87,'5a3836f7514ef','127.0.0.1','en','Mozilla/5.0 (X11; Linux x86_64) AppleWebKit/537.36 (KHTML, like Gecko) Chrome/63.0.3239.108 Safari/537.36',1,1513633527,'Chrome','Linux'),(88,'5a3849877dd8b','127.0.0.1','en','Mozilla/5.0 (X11; Linux x86_64) AppleWebKit/537.36 (KHTML, like Gecko) Chrome/63.0.3239.108 Safari/537.36',1,1513638279,'Chrome','Linux'),(89,'5a3901058b33b','127.0.0.1','en','Mozilla/5.0 (X11; Linux x86_64) AppleWebKit/537.36 (KHTML, like Gecko) Chrome/63.0.3239.108 Safari/537.36',1,1513685253,'Chrome','Linux'),(90,'5a391b8bdf90b','127.0.0.1','en','Mozilla/5.0 (X11; Linux x86_64) AppleWebKit/537.36 (KHTML, like Gecko) Chrome/63.0.3239.108 Safari/537.36',1,1513692043,'Chrome','Linux');
/*!40000 ALTER TABLE `user_visit_log` ENABLE KEYS */;
UNLOCK TABLES;
/*!40103 SET TIME_ZONE=@OLD_TIME_ZONE */;

/*!40101 SET SQL_MODE=@OLD_SQL_MODE */;
/*!40014 SET FOREIGN_KEY_CHECKS=@OLD_FOREIGN_KEY_CHECKS */;
/*!40014 SET UNIQUE_CHECKS=@OLD_UNIQUE_CHECKS */;
/*!40101 SET CHARACTER_SET_CLIENT=@OLD_CHARACTER_SET_CLIENT */;
/*!40101 SET CHARACTER_SET_RESULTS=@OLD_CHARACTER_SET_RESULTS */;
/*!40101 SET COLLATION_CONNECTION=@OLD_COLLATION_CONNECTION */;
/*!40111 SET SQL_NOTES=@OLD_SQL_NOTES */;

-- Dump completed on 2017-12-19 16:49:27
